[2026-09-18T00:00:12.578+0000] {processor.py:161} INFO - Started process (PID=356) to work on /opt/airflow/dags/weather_pipeline.py
[2026-09-18T00:00:12.581+0000] {processor.py:830} INFO - Processing file /opt/airflow/dags/weather_pipeline.py for tasks to queue
[2026-09-18T00:00:12.586+0000] {logging_mixin.py:188} INFO - [2026-09-18T00:00:12.585+0000] {dagbag.py:545} INFO - Filling up the DagBag from /opt/airflow/dags/weather_pipeline.py
[2026-09-18T00:00:13.147+0000] {logging_mixin.py:188} INFO - Data transformed successfully!
[2026-09-18T00:00:13.168+0000] {processor.py:840} INFO - DAG(s) 'weather_pipeline' retrieved from /opt/airflow/dags/weather_pipeline.py
[2026-09-18T00:00:13.212+0000] {logging_mixin.py:188} INFO - [2026-09-18T00:00:13.212+0000] {dag.py:3096} INFO - Sync 1 DAGs
[2026-09-18T00:00:13.246+0000] {logging_mixin.py:188} INFO - [2026-09-18T00:00:13.245+0000] {dag.py:3954} INFO - Setting next_dagrun for weather_pipeline to 2026-09-17 00:00:00+00:00, run_after=2026-09-18 00:00:00+00:00
[2026-09-18T00:00:13.273+0000] {processor.py:183} INFO - Processing /opt/airflow/dags/weather_pipeline.py took 0.716 seconds
[2026-09-18T00:00:43.357+0000] {processor.py:161} INFO - Started process (PID=368) to work on /opt/airflow/dags/weather_pipeline.py
[2026-09-18T00:00:43.359+0000] {processor.py:830} INFO - Processing file /opt/airflow/dags/weather_pipeline.py for tasks to queue
[2026-09-18T00:00:43.364+0000] {logging_mixin.py:188} INFO - [2026-09-18T00:00:43.363+0000] {dagbag.py:545} INFO - Filling up the DagBag from /opt/airflow/dags/weather_pipeline.py
[2026-09-18T00:00:43.969+0000] {logging_mixin.py:188} INFO - Data transformed successfully!
[2026-09-18T00:00:43.987+0000] {processor.py:840} INFO - DAG(s) 'weather_pipeline' retrieved from /opt/airflow/dags/weather_pipeline.py
[2026-09-18T00:00:44.037+0000] {logging_mixin.py:188} INFO - [2026-09-18T00:00:44.037+0000] {dag.py:3096} INFO - Sync 1 DAGs
[2026-09-18T00:00:44.097+0000] {processor.py:183} INFO - Processing /opt/airflow/dags/weather_pipeline.py took 0.761 seconds
[2026-09-18T00:01:14.398+0000] {processor.py:161} INFO - Started process (PID=370) to work on /opt/airflow/dags/weather_pipeline.py
[2026-09-18T00:01:14.399+0000] {processor.py:830} INFO - Processing file /opt/airflow/dags/weather_pipeline.py for tasks to queue
[2026-09-18T00:01:14.403+0000] {logging_mixin.py:188} INFO - [2026-09-18T00:01:14.403+0000] {dagbag.py:545} INFO - Filling up the DagBag from /opt/airflow/dags/weather_pipeline.py
[2026-09-18T00:01:14.903+0000] {logging_mixin.py:188} INFO - Data transformed successfully!
[2026-09-18T00:01:14.922+0000] {processor.py:840} INFO - DAG(s) 'weather_pipeline' retrieved from /opt/airflow/dags/weather_pipeline.py
[2026-09-18T00:01:14.966+0000] {logging_mixin.py:188} INFO - [2026-09-18T00:01:14.966+0000] {dag.py:3096} INFO - Sync 1 DAGs
[2026-09-18T00:01:15.027+0000] {processor.py:183} INFO - Processing /opt/airflow/dags/weather_pipeline.py took 0.653 seconds
[2026-09-18T00:01:45.248+0000] {processor.py:161} INFO - Started process (PID=392) to work on /opt/airflow/dags/weather_pipeline.py
[2026-09-18T00:01:45.251+0000] {processor.py:830} INFO - Processing file /opt/airflow/dags/weather_pipeline.py for tasks to queue
[2026-09-18T00:01:45.255+0000] {logging_mixin.py:188} INFO - [2026-09-18T00:01:45.254+0000] {dagbag.py:545} INFO - Filling up the DagBag from /opt/airflow/dags/weather_pipeline.py
[2026-09-18T00:01:45.840+0000] {logging_mixin.py:188} INFO - Data transformed successfully!
[2026-09-18T00:01:45.861+0000] {processor.py:840} INFO - DAG(s) 'weather_pipeline' retrieved from /opt/airflow/dags/weather_pipeline.py
[2026-09-18T00:01:45.906+0000] {logging_mixin.py:188} INFO - [2026-09-18T00:01:45.905+0000] {dag.py:3096} INFO - Sync 1 DAGs
[2026-09-18T00:01:45.940+0000] {logging_mixin.py:188} INFO - [2026-09-18T00:01:45.940+0000] {dag.py:3954} INFO - Setting next_dagrun for weather_pipeline to 2026-09-18 00:00:00+00:00, run_after=2026-09-19 00:00:00+00:00
[2026-09-18T00:01:45.967+0000] {processor.py:183} INFO - Processing /opt/airflow/dags/weather_pipeline.py took 0.738 seconds
[2026-09-18T00:02:16.085+0000] {processor.py:161} INFO - Started process (PID=394) to work on /opt/airflow/dags/weather_pipeline.py
[2026-09-18T00:02:16.088+0000] {processor.py:830} INFO - Processing file /opt/airflow/dags/weather_pipeline.py for tasks to queue
[2026-09-18T00:02:16.093+0000] {logging_mixin.py:188} INFO - [2026-09-18T00:02:16.092+0000] {dagbag.py:545} INFO - Filling up the DagBag from /opt/airflow/dags/weather_pipeline.py
[2026-09-18T00:02:16.669+0000] {logging_mixin.py:188} INFO - Data transformed successfully!
[2026-09-18T00:02:16.688+0000] {processor.py:840} INFO - DAG(s) 'weather_pipeline' retrieved from /opt/airflow/dags/weather_pipeline.py
[2026-09-18T00:02:16.732+0000] {logging_mixin.py:188} INFO - [2026-09-18T00:02:16.732+0000] {dag.py:3096} INFO - Sync 1 DAGs
[2026-09-18T00:02:16.766+0000] {logging_mixin.py:188} INFO - [2026-09-18T00:02:16.766+0000] {dag.py:3954} INFO - Setting next_dagrun for weather_pipeline to 2026-09-18 00:00:00+00:00, run_after=2026-09-19 00:00:00+00:00
[2026-09-18T00:02:16.793+0000] {processor.py:183} INFO - Processing /opt/airflow/dags/weather_pipeline.py took 0.730 seconds
[2026-09-18T00:02:47.067+0000] {processor.py:161} INFO - Started process (PID=396) to work on /opt/airflow/dags/weather_pipeline.py
[2026-09-18T00:02:47.069+0000] {processor.py:830} INFO - Processing file /opt/airflow/dags/weather_pipeline.py for tasks to queue
[2026-09-18T00:02:47.073+0000] {logging_mixin.py:188} INFO - [2026-09-18T00:02:47.072+0000] {dagbag.py:545} INFO - Filling up the DagBag from /opt/airflow/dags/weather_pipeline.py
[2026-09-18T00:02:47.635+0000] {logging_mixin.py:188} INFO - Data transformed successfully!
[2026-09-18T00:02:47.654+0000] {processor.py:840} INFO - DAG(s) 'weather_pipeline' retrieved from /opt/airflow/dags/weather_pipeline.py
[2026-09-18T00:02:47.696+0000] {logging_mixin.py:188} INFO - [2026-09-18T00:02:47.696+0000] {dag.py:3096} INFO - Sync 1 DAGs
[2026-09-18T00:02:47.728+0000] {logging_mixin.py:188} INFO - [2026-09-18T00:02:47.728+0000] {dag.py:3954} INFO - Setting next_dagrun for weather_pipeline to 2026-09-18 00:00:00+00:00, run_after=2026-09-19 00:00:00+00:00
[2026-09-18T00:02:47.754+0000] {processor.py:183} INFO - Processing /opt/airflow/dags/weather_pipeline.py took 0.705 seconds
[2026-09-18T00:03:18.023+0000] {processor.py:161} INFO - Started process (PID=398) to work on /opt/airflow/dags/weather_pipeline.py
[2026-09-18T00:03:18.026+0000] {processor.py:830} INFO - Processing file /opt/airflow/dags/weather_pipeline.py for tasks to queue
[2026-09-18T00:03:18.031+0000] {logging_mixin.py:188} INFO - [2026-09-18T00:03:18.030+0000] {dagbag.py:545} INFO - Filling up the DagBag from /opt/airflow/dags/weather_pipeline.py
[2026-09-18T00:03:18.587+0000] {logging_mixin.py:188} INFO - Data transformed successfully!
[2026-09-18T00:03:18.607+0000] {processor.py:840} INFO - DAG(s) 'weather_pipeline' retrieved from /opt/airflow/dags/weather_pipeline.py
[2026-09-18T00:03:18.650+0000] {logging_mixin.py:188} INFO - [2026-09-18T00:03:18.649+0000] {dag.py:3096} INFO - Sync 1 DAGs
[2026-09-18T00:03:18.682+0000] {logging_mixin.py:188} INFO - [2026-09-18T00:03:18.681+0000] {dag.py:3954} INFO - Setting next_dagrun for weather_pipeline to 2026-09-18 00:00:00+00:00, run_after=2026-09-19 00:00:00+00:00
[2026-09-18T00:03:18.709+0000] {processor.py:183} INFO - Processing /opt/airflow/dags/weather_pipeline.py took 0.711 seconds
[2026-09-18T00:03:48.857+0000] {processor.py:161} INFO - Started process (PID=400) to work on /opt/airflow/dags/weather_pipeline.py
[2026-09-18T00:03:48.858+0000] {processor.py:830} INFO - Processing file /opt/airflow/dags/weather_pipeline.py for tasks to queue
[2026-09-18T00:03:48.860+0000] {logging_mixin.py:188} INFO - [2026-09-18T00:03:48.859+0000] {dagbag.py:545} INFO - Filling up the DagBag from /opt/airflow/dags/weather_pipeline.py
[2026-09-18T00:03:49.440+0000] {logging_mixin.py:188} INFO - Data transformed successfully!
[2026-09-18T00:03:49.460+0000] {processor.py:840} INFO - DAG(s) 'weather_pipeline' retrieved from /opt/airflow/dags/weather_pipeline.py
[2026-09-18T00:03:49.505+0000] {logging_mixin.py:188} INFO - [2026-09-18T00:03:49.504+0000] {dag.py:3096} INFO - Sync 1 DAGs
[2026-09-18T00:03:49.542+0000] {logging_mixin.py:188} INFO - [2026-09-18T00:03:49.542+0000] {dag.py:3954} INFO - Setting next_dagrun for weather_pipeline to 2026-09-18 00:00:00+00:00, run_after=2026-09-19 00:00:00+00:00
[2026-09-18T00:03:49.570+0000] {processor.py:183} INFO - Processing /opt/airflow/dags/weather_pipeline.py took 0.723 seconds
[2026-09-18T00:04:19.834+0000] {processor.py:161} INFO - Started process (PID=402) to work on /opt/airflow/dags/weather_pipeline.py
[2026-09-18T00:04:19.836+0000] {processor.py:830} INFO - Processing file /opt/airflow/dags/weather_pipeline.py for tasks to queue
[2026-09-18T00:04:19.843+0000] {logging_mixin.py:188} INFO - [2026-09-18T00:04:19.842+0000] {dagbag.py:545} INFO - Filling up the DagBag from /opt/airflow/dags/weather_pipeline.py
[2026-09-18T00:04:20.428+0000] {logging_mixin.py:188} INFO - Data transformed successfully!
[2026-09-18T00:04:20.447+0000] {processor.py:840} INFO - DAG(s) 'weather_pipeline' retrieved from /opt/airflow/dags/weather_pipeline.py
[2026-09-18T00:04:20.497+0000] {logging_mixin.py:188} INFO - [2026-09-18T00:04:20.497+0000] {dag.py:3096} INFO - Sync 1 DAGs
[2026-09-18T00:04:20.533+0000] {logging_mixin.py:188} INFO - [2026-09-18T00:04:20.533+0000] {dag.py:3954} INFO - Setting next_dagrun for weather_pipeline to 2026-09-18 00:00:00+00:00, run_after=2026-09-19 00:00:00+00:00
[2026-09-18T00:04:20.562+0000] {processor.py:183} INFO - Processing /opt/airflow/dags/weather_pipeline.py took 0.749 seconds
[2026-09-18T00:04:50.848+0000] {processor.py:161} INFO - Started process (PID=404) to work on /opt/airflow/dags/weather_pipeline.py
[2026-09-18T00:04:50.851+0000] {processor.py:830} INFO - Processing file /opt/airflow/dags/weather_pipeline.py for tasks to queue
[2026-09-18T00:04:50.857+0000] {logging_mixin.py:188} INFO - [2026-09-18T00:04:50.856+0000] {dagbag.py:545} INFO - Filling up the DagBag from /opt/airflow/dags/weather_pipeline.py
[2026-09-18T00:04:51.427+0000] {logging_mixin.py:188} INFO - Data transformed successfully!
[2026-09-18T00:04:51.449+0000] {processor.py:840} INFO - DAG(s) 'weather_pipeline' retrieved from /opt/airflow/dags/weather_pipeline.py
[2026-09-18T00:04:51.498+0000] {logging_mixin.py:188} INFO - [2026-09-18T00:04:51.498+0000] {dag.py:3096} INFO - Sync 1 DAGs
[2026-09-18T00:04:51.536+0000] {logging_mixin.py:188} INFO - [2026-09-18T00:04:51.535+0000] {dag.py:3954} INFO - Setting next_dagrun for weather_pipeline to 2026-09-18 00:00:00+00:00, run_after=2026-09-19 00:00:00+00:00
[2026-09-18T00:04:51.566+0000] {processor.py:183} INFO - Processing /opt/airflow/dags/weather_pipeline.py took 0.742 seconds
[2026-09-18T00:05:21.768+0000] {processor.py:161} INFO - Started process (PID=406) to work on /opt/airflow/dags/weather_pipeline.py
[2026-09-18T00:05:21.769+0000] {processor.py:830} INFO - Processing file /opt/airflow/dags/weather_pipeline.py for tasks to queue
[2026-09-18T00:05:21.771+0000] {logging_mixin.py:188} INFO - [2026-09-18T00:05:21.771+0000] {dagbag.py:545} INFO - Filling up the DagBag from /opt/airflow/dags/weather_pipeline.py
[2026-09-18T00:05:22.334+0000] {logging_mixin.py:188} INFO - Data transformed successfully!
[2026-09-18T00:05:22.356+0000] {processor.py:840} INFO - DAG(s) 'weather_pipeline' retrieved from /opt/airflow/dags/weather_pipeline.py
[2026-09-18T00:05:22.405+0000] {logging_mixin.py:188} INFO - [2026-09-18T00:05:22.404+0000] {dag.py:3096} INFO - Sync 1 DAGs
[2026-09-18T00:05:22.440+0000] {logging_mixin.py:188} INFO - [2026-09-18T00:05:22.440+0000] {dag.py:3954} INFO - Setting next_dagrun for weather_pipeline to 2026-09-18 00:00:00+00:00, run_after=2026-09-19 00:00:00+00:00
[2026-09-18T00:05:22.474+0000] {processor.py:183} INFO - Processing /opt/airflow/dags/weather_pipeline.py took 0.716 seconds
[2026-09-18T00:05:52.755+0000] {processor.py:161} INFO - Started process (PID=408) to work on /opt/airflow/dags/weather_pipeline.py
[2026-09-18T00:05:52.758+0000] {processor.py:830} INFO - Processing file /opt/airflow/dags/weather_pipeline.py for tasks to queue
[2026-09-18T00:05:52.764+0000] {logging_mixin.py:188} INFO - [2026-09-18T00:05:52.762+0000] {dagbag.py:545} INFO - Filling up the DagBag from /opt/airflow/dags/weather_pipeline.py
[2026-09-18T00:05:53.418+0000] {logging_mixin.py:188} INFO - Data transformed successfully!
[2026-09-18T00:05:53.439+0000] {processor.py:840} INFO - DAG(s) 'weather_pipeline' retrieved from /opt/airflow/dags/weather_pipeline.py
[2026-09-18T00:05:53.487+0000] {logging_mixin.py:188} INFO - [2026-09-18T00:05:53.486+0000] {dag.py:3096} INFO - Sync 1 DAGs
[2026-09-18T00:05:53.524+0000] {logging_mixin.py:188} INFO - [2026-09-18T00:05:53.524+0000] {dag.py:3954} INFO - Setting next_dagrun for weather_pipeline to 2026-09-18 00:00:00+00:00, run_after=2026-09-19 00:00:00+00:00
[2026-09-18T00:05:53.556+0000] {processor.py:183} INFO - Processing /opt/airflow/dags/weather_pipeline.py took 0.822 seconds
[2026-09-18T00:06:23.878+0000] {processor.py:161} INFO - Started process (PID=410) to work on /opt/airflow/dags/weather_pipeline.py
[2026-09-18T00:06:23.880+0000] {processor.py:830} INFO - Processing file /opt/airflow/dags/weather_pipeline.py for tasks to queue
[2026-09-18T00:06:23.885+0000] {logging_mixin.py:188} INFO - [2026-09-18T00:06:23.884+0000] {dagbag.py:545} INFO - Filling up the DagBag from /opt/airflow/dags/weather_pipeline.py
[2026-09-18T00:06:24.468+0000] {logging_mixin.py:188} INFO - Data transformed successfully!
[2026-09-18T00:06:24.486+0000] {processor.py:840} INFO - DAG(s) 'weather_pipeline' retrieved from /opt/airflow/dags/weather_pipeline.py
[2026-09-18T00:06:24.536+0000] {logging_mixin.py:188} INFO - [2026-09-18T00:06:24.535+0000] {dag.py:3096} INFO - Sync 1 DAGs
[2026-09-18T00:06:24.571+0000] {logging_mixin.py:188} INFO - [2026-09-18T00:06:24.570+0000] {dag.py:3954} INFO - Setting next_dagrun for weather_pipeline to 2026-09-18 00:00:00+00:00, run_after=2026-09-19 00:00:00+00:00
[2026-09-18T00:06:24.603+0000] {processor.py:183} INFO - Processing /opt/airflow/dags/weather_pipeline.py took 0.746 seconds
[2026-09-18T00:06:54.875+0000] {processor.py:161} INFO - Started process (PID=412) to work on /opt/airflow/dags/weather_pipeline.py
[2026-09-18T00:06:54.877+0000] {processor.py:830} INFO - Processing file /opt/airflow/dags/weather_pipeline.py for tasks to queue
[2026-09-18T00:06:54.883+0000] {logging_mixin.py:188} INFO - [2026-09-18T00:06:54.882+0000] {dagbag.py:545} INFO - Filling up the DagBag from /opt/airflow/dags/weather_pipeline.py
[2026-09-18T00:06:55.525+0000] {logging_mixin.py:188} INFO - Data transformed successfully!
[2026-09-18T00:06:55.545+0000] {processor.py:840} INFO - DAG(s) 'weather_pipeline' retrieved from /opt/airflow/dags/weather_pipeline.py
[2026-09-18T00:06:55.591+0000] {logging_mixin.py:188} INFO - [2026-09-18T00:06:55.590+0000] {dag.py:3096} INFO - Sync 1 DAGs
[2026-09-18T00:06:55.627+0000] {logging_mixin.py:188} INFO - [2026-09-18T00:06:55.627+0000] {dag.py:3954} INFO - Setting next_dagrun for weather_pipeline to 2026-09-18 00:00:00+00:00, run_after=2026-09-19 00:00:00+00:00
[2026-09-18T00:06:55.656+0000] {processor.py:183} INFO - Processing /opt/airflow/dags/weather_pipeline.py took 0.801 seconds
[2026-09-18T00:07:25.909+0000] {processor.py:161} INFO - Started process (PID=414) to work on /opt/airflow/dags/weather_pipeline.py
[2026-09-18T00:07:25.911+0000] {processor.py:830} INFO - Processing file /opt/airflow/dags/weather_pipeline.py for tasks to queue
[2026-09-18T00:07:25.918+0000] {logging_mixin.py:188} INFO - [2026-09-18T00:07:25.917+0000] {dagbag.py:545} INFO - Filling up the DagBag from /opt/airflow/dags/weather_pipeline.py
[2026-09-18T00:07:26.484+0000] {logging_mixin.py:188} INFO - Data transformed successfully!
[2026-09-18T00:07:26.503+0000] {processor.py:840} INFO - DAG(s) 'weather_pipeline' retrieved from /opt/airflow/dags/weather_pipeline.py
[2026-09-18T00:07:26.548+0000] {logging_mixin.py:188} INFO - [2026-09-18T00:07:26.547+0000] {dag.py:3096} INFO - Sync 1 DAGs
[2026-09-18T00:07:26.588+0000] {logging_mixin.py:188} INFO - [2026-09-18T00:07:26.588+0000] {dag.py:3954} INFO - Setting next_dagrun for weather_pipeline to 2026-09-18 00:00:00+00:00, run_after=2026-09-19 00:00:00+00:00
[2026-09-18T00:07:27.657+0000] {processor.py:183} INFO - Processing /opt/airflow/dags/weather_pipeline.py took 1.769 seconds
[2026-09-18T00:07:57.883+0000] {processor.py:161} INFO - Started process (PID=416) to work on /opt/airflow/dags/weather_pipeline.py
[2026-09-18T00:07:57.884+0000] {processor.py:830} INFO - Processing file /opt/airflow/dags/weather_pipeline.py for tasks to queue
[2026-09-18T00:07:57.886+0000] {logging_mixin.py:188} INFO - [2026-09-18T00:07:57.886+0000] {dagbag.py:545} INFO - Filling up the DagBag from /opt/airflow/dags/weather_pipeline.py
[2026-09-18T00:07:58.448+0000] {logging_mixin.py:188} INFO - Data transformed successfully!
[2026-09-18T00:07:58.467+0000] {processor.py:840} INFO - DAG(s) 'weather_pipeline' retrieved from /opt/airflow/dags/weather_pipeline.py
[2026-09-18T00:07:58.510+0000] {logging_mixin.py:188} INFO - [2026-09-18T00:07:58.509+0000] {dag.py:3096} INFO - Sync 1 DAGs
[2026-09-18T00:07:58.542+0000] {logging_mixin.py:188} INFO - [2026-09-18T00:07:58.542+0000] {dag.py:3954} INFO - Setting next_dagrun for weather_pipeline to 2026-09-18 00:00:00+00:00, run_after=2026-09-19 00:00:00+00:00
[2026-09-18T00:07:58.569+0000] {processor.py:183} INFO - Processing /opt/airflow/dags/weather_pipeline.py took 0.696 seconds
[2026-09-18T00:08:28.821+0000] {processor.py:161} INFO - Started process (PID=418) to work on /opt/airflow/dags/weather_pipeline.py
[2026-09-18T00:08:28.823+0000] {processor.py:830} INFO - Processing file /opt/airflow/dags/weather_pipeline.py for tasks to queue
[2026-09-18T00:08:28.826+0000] {logging_mixin.py:188} INFO - [2026-09-18T00:08:28.825+0000] {dagbag.py:545} INFO - Filling up the DagBag from /opt/airflow/dags/weather_pipeline.py
[2026-09-18T00:08:29.496+0000] {logging_mixin.py:188} INFO - Data transformed successfully!
[2026-09-18T00:08:29.518+0000] {processor.py:840} INFO - DAG(s) 'weather_pipeline' retrieved from /opt/airflow/dags/weather_pipeline.py
[2026-09-18T00:08:29.568+0000] {logging_mixin.py:188} INFO - [2026-09-18T00:08:29.568+0000] {dag.py:3096} INFO - Sync 1 DAGs
[2026-09-18T00:08:29.605+0000] {logging_mixin.py:188} INFO - [2026-09-18T00:08:29.605+0000] {dag.py:3954} INFO - Setting next_dagrun for weather_pipeline to 2026-09-18 00:00:00+00:00, run_after=2026-09-19 00:00:00+00:00
[2026-09-18T00:08:29.636+0000] {processor.py:183} INFO - Processing /opt/airflow/dags/weather_pipeline.py took 0.825 seconds
[2026-09-18T00:08:59.886+0000] {processor.py:161} INFO - Started process (PID=420) to work on /opt/airflow/dags/weather_pipeline.py
[2026-09-18T00:08:59.888+0000] {processor.py:830} INFO - Processing file /opt/airflow/dags/weather_pipeline.py for tasks to queue
[2026-09-18T00:08:59.894+0000] {logging_mixin.py:188} INFO - [2026-09-18T00:08:59.893+0000] {dagbag.py:545} INFO - Filling up the DagBag from /opt/airflow/dags/weather_pipeline.py
[2026-09-18T00:09:00.728+0000] {logging_mixin.py:188} INFO - Data transformed successfully!
[2026-09-18T00:09:00.751+0000] {processor.py:840} INFO - DAG(s) 'weather_pipeline' retrieved from /opt/airflow/dags/weather_pipeline.py
[2026-09-18T00:09:00.799+0000] {logging_mixin.py:188} INFO - [2026-09-18T00:09:00.798+0000] {dag.py:3096} INFO - Sync 1 DAGs
[2026-09-18T00:09:00.836+0000] {logging_mixin.py:188} INFO - [2026-09-18T00:09:00.835+0000] {dag.py:3954} INFO - Setting next_dagrun for weather_pipeline to 2026-09-18 00:00:00+00:00, run_after=2026-09-19 00:00:00+00:00
[2026-09-18T00:09:00.867+0000] {processor.py:183} INFO - Processing /opt/airflow/dags/weather_pipeline.py took 1.005 seconds
[2026-09-18T00:09:31.113+0000] {processor.py:161} INFO - Started process (PID=422) to work on /opt/airflow/dags/weather_pipeline.py
[2026-09-18T00:09:31.117+0000] {processor.py:830} INFO - Processing file /opt/airflow/dags/weather_pipeline.py for tasks to queue
[2026-09-18T00:09:31.122+0000] {logging_mixin.py:188} INFO - [2026-09-18T00:09:31.121+0000] {dagbag.py:545} INFO - Filling up the DagBag from /opt/airflow/dags/weather_pipeline.py
[2026-09-18T00:09:31.674+0000] {logging_mixin.py:188} INFO - Data transformed successfully!
[2026-09-18T00:09:31.693+0000] {processor.py:840} INFO - DAG(s) 'weather_pipeline' retrieved from /opt/airflow/dags/weather_pipeline.py
[2026-09-18T00:09:31.736+0000] {logging_mixin.py:188} INFO - [2026-09-18T00:09:31.736+0000] {dag.py:3096} INFO - Sync 1 DAGs
[2026-09-18T00:09:31.775+0000] {logging_mixin.py:188} INFO - [2026-09-18T00:09:31.774+0000] {dag.py:3954} INFO - Setting next_dagrun for weather_pipeline to 2026-09-18 00:00:00+00:00, run_after=2026-09-19 00:00:00+00:00
[2026-09-18T00:09:31.810+0000] {processor.py:183} INFO - Processing /opt/airflow/dags/weather_pipeline.py took 0.716 seconds
[2026-09-18T00:10:02.082+0000] {processor.py:161} INFO - Started process (PID=424) to work on /opt/airflow/dags/weather_pipeline.py
[2026-09-18T00:10:02.084+0000] {processor.py:830} INFO - Processing file /opt/airflow/dags/weather_pipeline.py for tasks to queue
[2026-09-18T00:10:02.089+0000] {logging_mixin.py:188} INFO - [2026-09-18T00:10:02.088+0000] {dagbag.py:545} INFO - Filling up the DagBag from /opt/airflow/dags/weather_pipeline.py
[2026-09-18T00:10:02.671+0000] {logging_mixin.py:188} INFO - Data transformed successfully!
[2026-09-18T00:10:02.693+0000] {processor.py:840} INFO - DAG(s) 'weather_pipeline' retrieved from /opt/airflow/dags/weather_pipeline.py
[2026-09-18T00:10:02.741+0000] {logging_mixin.py:188} INFO - [2026-09-18T00:10:02.741+0000] {dag.py:3096} INFO - Sync 1 DAGs
[2026-09-18T00:10:02.780+0000] {logging_mixin.py:188} INFO - [2026-09-18T00:10:02.780+0000] {dag.py:3954} INFO - Setting next_dagrun for weather_pipeline to 2026-09-18 00:00:00+00:00, run_after=2026-09-19 00:00:00+00:00
[2026-09-18T00:10:02.811+0000] {processor.py:183} INFO - Processing /opt/airflow/dags/weather_pipeline.py took 0.748 seconds
[2026-09-18T00:10:33.039+0000] {processor.py:161} INFO - Started process (PID=426) to work on /opt/airflow/dags/weather_pipeline.py
[2026-09-18T00:10:33.042+0000] {processor.py:830} INFO - Processing file /opt/airflow/dags/weather_pipeline.py for tasks to queue
[2026-09-18T00:10:33.044+0000] {logging_mixin.py:188} INFO - [2026-09-18T00:10:33.043+0000] {dagbag.py:545} INFO - Filling up the DagBag from /opt/airflow/dags/weather_pipeline.py
[2026-09-18T00:10:33.578+0000] {logging_mixin.py:188} INFO - Data transformed successfully!
[2026-09-18T00:10:33.599+0000] {processor.py:840} INFO - DAG(s) 'weather_pipeline' retrieved from /opt/airflow/dags/weather_pipeline.py
[2026-09-18T00:10:33.649+0000] {logging_mixin.py:188} INFO - [2026-09-18T00:10:33.648+0000] {dag.py:3096} INFO - Sync 1 DAGs
[2026-09-18T00:10:33.683+0000] {logging_mixin.py:188} INFO - [2026-09-18T00:10:33.683+0000] {dag.py:3954} INFO - Setting next_dagrun for weather_pipeline to 2026-09-18 00:00:00+00:00, run_after=2026-09-19 00:00:00+00:00
[2026-09-18T00:10:33.716+0000] {processor.py:183} INFO - Processing /opt/airflow/dags/weather_pipeline.py took 0.685 seconds
[2026-09-18T00:11:03.817+0000] {processor.py:161} INFO - Started process (PID=428) to work on /opt/airflow/dags/weather_pipeline.py
[2026-09-18T00:11:03.819+0000] {processor.py:830} INFO - Processing file /opt/airflow/dags/weather_pipeline.py for tasks to queue
[2026-09-18T00:11:03.825+0000] {logging_mixin.py:188} INFO - [2026-09-18T00:11:03.824+0000] {dagbag.py:545} INFO - Filling up the DagBag from /opt/airflow/dags/weather_pipeline.py
[2026-09-18T00:11:04.428+0000] {logging_mixin.py:188} INFO - Data transformed successfully!
[2026-09-18T00:11:04.449+0000] {processor.py:840} INFO - DAG(s) 'weather_pipeline' retrieved from /opt/airflow/dags/weather_pipeline.py
[2026-09-18T00:11:04.498+0000] {logging_mixin.py:188} INFO - [2026-09-18T00:11:04.497+0000] {dag.py:3096} INFO - Sync 1 DAGs
[2026-09-18T00:11:04.534+0000] {logging_mixin.py:188} INFO - [2026-09-18T00:11:04.534+0000] {dag.py:3954} INFO - Setting next_dagrun for weather_pipeline to 2026-09-18 00:00:00+00:00, run_after=2026-09-19 00:00:00+00:00
[2026-09-18T00:11:04.563+0000] {processor.py:183} INFO - Processing /opt/airflow/dags/weather_pipeline.py took 0.771 seconds
[2026-09-18T00:11:34.817+0000] {processor.py:161} INFO - Started process (PID=430) to work on /opt/airflow/dags/weather_pipeline.py
[2026-09-18T00:11:34.821+0000] {processor.py:830} INFO - Processing file /opt/airflow/dags/weather_pipeline.py for tasks to queue
[2026-09-18T00:11:34.827+0000] {logging_mixin.py:188} INFO - [2026-09-18T00:11:34.826+0000] {dagbag.py:545} INFO - Filling up the DagBag from /opt/airflow/dags/weather_pipeline.py
[2026-09-18T00:11:35.430+0000] {logging_mixin.py:188} INFO - Data transformed successfully!
[2026-09-18T00:11:35.453+0000] {processor.py:840} INFO - DAG(s) 'weather_pipeline' retrieved from /opt/airflow/dags/weather_pipeline.py
[2026-09-18T00:11:35.498+0000] {logging_mixin.py:188} INFO - [2026-09-18T00:11:35.497+0000] {dag.py:3096} INFO - Sync 1 DAGs
[2026-09-18T00:11:35.534+0000] {logging_mixin.py:188} INFO - [2026-09-18T00:11:35.534+0000] {dag.py:3954} INFO - Setting next_dagrun for weather_pipeline to 2026-09-18 00:00:00+00:00, run_after=2026-09-19 00:00:00+00:00
[2026-09-18T00:11:35.564+0000] {processor.py:183} INFO - Processing /opt/airflow/dags/weather_pipeline.py took 0.775 seconds
[2026-09-18T00:12:05.833+0000] {processor.py:161} INFO - Started process (PID=432) to work on /opt/airflow/dags/weather_pipeline.py
[2026-09-18T00:12:05.836+0000] {processor.py:830} INFO - Processing file /opt/airflow/dags/weather_pipeline.py for tasks to queue
[2026-09-18T00:12:05.842+0000] {logging_mixin.py:188} INFO - [2026-09-18T00:12:05.841+0000] {dagbag.py:545} INFO - Filling up the DagBag from /opt/airflow/dags/weather_pipeline.py
[2026-09-18T00:12:05.877+0000] {logging_mixin.py:188} INFO - [2026-09-18T00:12:05.873+0000] {dagbag.py:355} ERROR - Failed to import: /opt/airflow/dags/weather_pipeline.py
Traceback (most recent call last):
  File "/home/airflow/.local/lib/python3.10/site-packages/airflow/models/dagbag.py", line 351, in parse
    loader.exec_module(new_module)
  File "<frozen importlib._bootstrap_external>", line 883, in exec_module
  File "<frozen importlib._bootstrap>", line 241, in _call_with_frames_removed
  File "/opt/airflow/dags/weather_pipeline.py", line 18, in <module>
    from scripts.script_01_extract import run_extraction
  File "/opt/airflow/scripts/script_01_extract.py", line 90
    output_filepath = BRONZE_DIR / "latest_raw_weather.json"
                                                            ^
IndentationError: unindent does not match any outer indentation level
[2026-09-18T00:12:05.878+0000] {processor.py:842} WARNING - No viable dags retrieved from /opt/airflow/dags/weather_pipeline.py
[2026-09-18T00:12:05.965+0000] {processor.py:183} INFO - Processing /opt/airflow/dags/weather_pipeline.py took 0.156 seconds
[2026-09-18T00:12:36.068+0000] {processor.py:161} INFO - Started process (PID=433) to work on /opt/airflow/dags/weather_pipeline.py
[2026-09-18T00:12:36.072+0000] {processor.py:830} INFO - Processing file /opt/airflow/dags/weather_pipeline.py for tasks to queue
[2026-09-18T00:12:36.078+0000] {logging_mixin.py:188} INFO - [2026-09-18T00:12:36.077+0000] {dagbag.py:545} INFO - Filling up the DagBag from /opt/airflow/dags/weather_pipeline.py
[2026-09-18T00:12:36.695+0000] {logging_mixin.py:188} INFO - Data transformed successfully!
[2026-09-18T00:12:36.716+0000] {processor.py:840} INFO - DAG(s) 'weather_pipeline' retrieved from /opt/airflow/dags/weather_pipeline.py
[2026-09-18T00:12:36.761+0000] {logging_mixin.py:188} INFO - [2026-09-18T00:12:36.761+0000] {dag.py:3096} INFO - Sync 1 DAGs
[2026-09-18T00:12:36.799+0000] {logging_mixin.py:188} INFO - [2026-09-18T00:12:36.798+0000] {dag.py:3954} INFO - Setting next_dagrun for weather_pipeline to 2026-09-18 00:00:00+00:00, run_after=2026-09-19 00:00:00+00:00
[2026-09-18T00:12:36.833+0000] {processor.py:183} INFO - Processing /opt/airflow/dags/weather_pipeline.py took 0.787 seconds
[2026-09-18T00:13:07.109+0000] {processor.py:161} INFO - Started process (PID=435) to work on /opt/airflow/dags/weather_pipeline.py
[2026-09-18T00:13:07.111+0000] {processor.py:830} INFO - Processing file /opt/airflow/dags/weather_pipeline.py for tasks to queue
[2026-09-18T00:13:07.117+0000] {logging_mixin.py:188} INFO - [2026-09-18T00:13:07.116+0000] {dagbag.py:545} INFO - Filling up the DagBag from /opt/airflow/dags/weather_pipeline.py
[2026-09-18T00:13:07.752+0000] {processor.py:840} INFO - DAG(s) 'weather_pipeline' retrieved from /opt/airflow/dags/weather_pipeline.py
[2026-09-18T00:13:07.799+0000] {logging_mixin.py:188} INFO - [2026-09-18T00:13:07.798+0000] {dag.py:3096} INFO - Sync 1 DAGs
[2026-09-18T00:13:07.832+0000] {logging_mixin.py:188} INFO - [2026-09-18T00:13:07.831+0000] {dag.py:3954} INFO - Setting next_dagrun for weather_pipeline to 2026-09-18 00:00:00+00:00, run_after=2026-09-19 00:00:00+00:00
[2026-09-18T00:13:07.865+0000] {processor.py:183} INFO - Processing /opt/airflow/dags/weather_pipeline.py took 0.779 seconds
[2026-09-18T00:13:38.160+0000] {processor.py:161} INFO - Started process (PID=437) to work on /opt/airflow/dags/weather_pipeline.py
[2026-09-18T00:13:38.162+0000] {processor.py:830} INFO - Processing file /opt/airflow/dags/weather_pipeline.py for tasks to queue
[2026-09-18T00:13:38.168+0000] {logging_mixin.py:188} INFO - [2026-09-18T00:13:38.167+0000] {dagbag.py:545} INFO - Filling up the DagBag from /opt/airflow/dags/weather_pipeline.py
[2026-09-18T00:13:39.485+0000] {processor.py:840} INFO - DAG(s) 'weather_pipeline' retrieved from /opt/airflow/dags/weather_pipeline.py
[2026-09-18T00:13:39.592+0000] {logging_mixin.py:188} INFO - [2026-09-18T00:13:39.591+0000] {dag.py:3096} INFO - Sync 1 DAGs
[2026-09-18T00:13:39.665+0000] {logging_mixin.py:188} INFO - [2026-09-18T00:13:39.665+0000] {dag.py:3954} INFO - Setting next_dagrun for weather_pipeline to 2026-09-18 00:00:00+00:00, run_after=2026-09-19 00:00:00+00:00
[2026-09-18T00:13:39.722+0000] {processor.py:183} INFO - Processing /opt/airflow/dags/weather_pipeline.py took 1.584 seconds
[2026-09-18T00:14:09.918+0000] {processor.py:161} INFO - Started process (PID=439) to work on /opt/airflow/dags/weather_pipeline.py
[2026-09-18T00:14:09.922+0000] {processor.py:830} INFO - Processing file /opt/airflow/dags/weather_pipeline.py for tasks to queue
[2026-09-18T00:14:09.928+0000] {logging_mixin.py:188} INFO - [2026-09-18T00:14:09.927+0000] {dagbag.py:545} INFO - Filling up the DagBag from /opt/airflow/dags/weather_pipeline.py
[2026-09-18T00:14:11.292+0000] {processor.py:840} INFO - DAG(s) 'weather_pipeline' retrieved from /opt/airflow/dags/weather_pipeline.py
[2026-09-18T00:14:11.392+0000] {logging_mixin.py:188} INFO - [2026-09-18T00:14:11.390+0000] {dag.py:3096} INFO - Sync 1 DAGs
[2026-09-18T00:14:11.471+0000] {logging_mixin.py:188} INFO - [2026-09-18T00:14:11.470+0000] {dag.py:3954} INFO - Setting next_dagrun for weather_pipeline to 2026-09-18 00:00:00+00:00, run_after=2026-09-19 00:00:00+00:00
[2026-09-18T00:14:11.536+0000] {processor.py:183} INFO - Processing /opt/airflow/dags/weather_pipeline.py took 1.638 seconds
[2026-09-18T00:14:41.825+0000] {processor.py:161} INFO - Started process (PID=441) to work on /opt/airflow/dags/weather_pipeline.py
[2026-09-18T00:14:41.827+0000] {processor.py:830} INFO - Processing file /opt/airflow/dags/weather_pipeline.py for tasks to queue
[2026-09-18T00:14:41.832+0000] {logging_mixin.py:188} INFO - [2026-09-18T00:14:41.831+0000] {dagbag.py:545} INFO - Filling up the DagBag from /opt/airflow/dags/weather_pipeline.py
[2026-09-18T00:14:42.993+0000] {processor.py:840} INFO - DAG(s) 'weather_pipeline' retrieved from /opt/airflow/dags/weather_pipeline.py
[2026-09-18T00:14:43.365+0000] {logging_mixin.py:188} INFO - [2026-09-18T00:14:43.364+0000] {dag.py:3096} INFO - Sync 1 DAGs
[2026-09-18T00:14:43.401+0000] {logging_mixin.py:188} INFO - [2026-09-18T00:14:43.400+0000] {dag.py:3118} INFO - Creating ORM DAG for weather_pipeline
[2026-09-18T00:14:43.437+0000] {logging_mixin.py:188} INFO - [2026-09-18T00:14:43.436+0000] {dag.py:3954} INFO - Setting next_dagrun for weather_pipeline to 2026-09-17 00:00:00+00:00, run_after=2026-09-18 00:00:00+00:00
[2026-09-18T00:14:43.496+0000] {processor.py:183} INFO - Processing /opt/airflow/dags/weather_pipeline.py took 1.690 seconds
[2026-09-18T00:15:13.780+0000] {processor.py:161} INFO - Started process (PID=453) to work on /opt/airflow/dags/weather_pipeline.py
[2026-09-18T00:15:13.785+0000] {processor.py:830} INFO - Processing file /opt/airflow/dags/weather_pipeline.py for tasks to queue
[2026-09-18T00:15:13.791+0000] {logging_mixin.py:188} INFO - [2026-09-18T00:15:13.790+0000] {dagbag.py:545} INFO - Filling up the DagBag from /opt/airflow/dags/weather_pipeline.py
[2026-09-18T00:15:14.934+0000] {processor.py:840} INFO - DAG(s) 'weather_pipeline' retrieved from /opt/airflow/dags/weather_pipeline.py
[2026-09-18T00:15:15.049+0000] {logging_mixin.py:188} INFO - [2026-09-18T00:15:15.048+0000] {dag.py:3096} INFO - Sync 1 DAGs
[2026-09-18T00:15:15.214+0000] {processor.py:183} INFO - Processing /opt/airflow/dags/weather_pipeline.py took 1.453 seconds
[2026-09-18T00:15:45.550+0000] {processor.py:161} INFO - Started process (PID=455) to work on /opt/airflow/dags/weather_pipeline.py
[2026-09-18T00:15:45.553+0000] {processor.py:830} INFO - Processing file /opt/airflow/dags/weather_pipeline.py for tasks to queue
[2026-09-18T00:15:45.560+0000] {logging_mixin.py:188} INFO - [2026-09-18T00:15:45.559+0000] {dagbag.py:545} INFO - Filling up the DagBag from /opt/airflow/dags/weather_pipeline.py
[2026-09-18T00:15:46.719+0000] {processor.py:840} INFO - DAG(s) 'weather_pipeline' retrieved from /opt/airflow/dags/weather_pipeline.py
[2026-09-18T00:15:46.817+0000] {logging_mixin.py:188} INFO - [2026-09-18T00:15:46.816+0000] {dag.py:3096} INFO - Sync 1 DAGs
[2026-09-18T00:15:46.949+0000] {processor.py:183} INFO - Processing /opt/airflow/dags/weather_pipeline.py took 1.424 seconds
[2026-09-18T00:16:17.293+0000] {processor.py:161} INFO - Started process (PID=457) to work on /opt/airflow/dags/weather_pipeline.py
[2026-09-18T00:16:17.297+0000] {processor.py:830} INFO - Processing file /opt/airflow/dags/weather_pipeline.py for tasks to queue
[2026-09-18T00:16:17.302+0000] {logging_mixin.py:188} INFO - [2026-09-18T00:16:17.301+0000] {dagbag.py:545} INFO - Filling up the DagBag from /opt/airflow/dags/weather_pipeline.py
[2026-09-18T00:16:18.543+0000] {processor.py:840} INFO - DAG(s) 'weather_pipeline' retrieved from /opt/airflow/dags/weather_pipeline.py
[2026-09-18T00:16:18.660+0000] {logging_mixin.py:188} INFO - [2026-09-18T00:16:18.658+0000] {dag.py:3096} INFO - Sync 1 DAGs
[2026-09-18T00:16:18.813+0000] {processor.py:183} INFO - Processing /opt/airflow/dags/weather_pipeline.py took 1.541 seconds
[2026-09-18T00:16:49.034+0000] {processor.py:161} INFO - Started process (PID=460) to work on /opt/airflow/dags/weather_pipeline.py
[2026-09-18T00:16:49.036+0000] {processor.py:830} INFO - Processing file /opt/airflow/dags/weather_pipeline.py for tasks to queue
[2026-09-18T00:16:49.042+0000] {logging_mixin.py:188} INFO - [2026-09-18T00:16:49.041+0000] {dagbag.py:545} INFO - Filling up the DagBag from /opt/airflow/dags/weather_pipeline.py
[2026-09-18T00:16:50.244+0000] {processor.py:840} INFO - DAG(s) 'weather_pipeline' retrieved from /opt/airflow/dags/weather_pipeline.py
[2026-09-18T00:16:50.343+0000] {logging_mixin.py:188} INFO - [2026-09-18T00:16:50.341+0000] {dag.py:3096} INFO - Sync 1 DAGs
[2026-09-18T00:16:50.508+0000] {processor.py:183} INFO - Processing /opt/airflow/dags/weather_pipeline.py took 1.493 seconds
[2026-09-18T00:17:20.825+0000] {processor.py:161} INFO - Started process (PID=490) to work on /opt/airflow/dags/weather_pipeline.py
[2026-09-18T00:17:20.829+0000] {processor.py:830} INFO - Processing file /opt/airflow/dags/weather_pipeline.py for tasks to queue
[2026-09-18T00:17:20.834+0000] {logging_mixin.py:188} INFO - [2026-09-18T00:17:20.833+0000] {dagbag.py:545} INFO - Filling up the DagBag from /opt/airflow/dags/weather_pipeline.py
[2026-09-18T00:17:22.152+0000] {processor.py:840} INFO - DAG(s) 'weather_pipeline' retrieved from /opt/airflow/dags/weather_pipeline.py
[2026-09-18T00:17:22.255+0000] {logging_mixin.py:188} INFO - [2026-09-18T00:17:22.253+0000] {dag.py:3096} INFO - Sync 1 DAGs
[2026-09-18T00:17:22.399+0000] {processor.py:183} INFO - Processing /opt/airflow/dags/weather_pipeline.py took 1.598 seconds
[2026-09-18T00:17:52.603+0000] {processor.py:161} INFO - Started process (PID=493) to work on /opt/airflow/dags/weather_pipeline.py
[2026-09-18T00:17:52.605+0000] {processor.py:830} INFO - Processing file /opt/airflow/dags/weather_pipeline.py for tasks to queue
[2026-09-18T00:17:52.610+0000] {logging_mixin.py:188} INFO - [2026-09-18T00:17:52.608+0000] {dagbag.py:545} INFO - Filling up the DagBag from /opt/airflow/dags/weather_pipeline.py
[2026-09-18T00:17:53.837+0000] {processor.py:840} INFO - DAG(s) 'weather_pipeline' retrieved from /opt/airflow/dags/weather_pipeline.py
[2026-09-18T00:17:53.997+0000] {logging_mixin.py:188} INFO - [2026-09-18T00:17:53.995+0000] {dag.py:3096} INFO - Sync 1 DAGs
[2026-09-18T00:17:54.212+0000] {processor.py:183} INFO - Processing /opt/airflow/dags/weather_pipeline.py took 1.627 seconds
[2026-09-18T00:18:24.562+0000] {processor.py:161} INFO - Started process (PID=495) to work on /opt/airflow/dags/weather_pipeline.py
[2026-09-18T00:18:24.565+0000] {processor.py:830} INFO - Processing file /opt/airflow/dags/weather_pipeline.py for tasks to queue
[2026-09-18T00:18:24.572+0000] {logging_mixin.py:188} INFO - [2026-09-18T00:18:24.571+0000] {dagbag.py:545} INFO - Filling up the DagBag from /opt/airflow/dags/weather_pipeline.py
[2026-09-18T00:18:26.279+0000] {processor.py:840} INFO - DAG(s) 'weather_pipeline' retrieved from /opt/airflow/dags/weather_pipeline.py
[2026-09-18T00:18:26.429+0000] {logging_mixin.py:188} INFO - [2026-09-18T00:18:26.428+0000] {dag.py:3096} INFO - Sync 1 DAGs
[2026-09-18T00:18:26.655+0000] {processor.py:183} INFO - Processing /opt/airflow/dags/weather_pipeline.py took 2.121 seconds
[2026-09-18T00:18:56.809+0000] {processor.py:161} INFO - Started process (PID=517) to work on /opt/airflow/dags/weather_pipeline.py
[2026-09-18T00:18:56.811+0000] {processor.py:830} INFO - Processing file /opt/airflow/dags/weather_pipeline.py for tasks to queue
[2026-09-18T00:18:56.817+0000] {logging_mixin.py:188} INFO - [2026-09-18T00:18:56.816+0000] {dagbag.py:545} INFO - Filling up the DagBag from /opt/airflow/dags/weather_pipeline.py
[2026-09-18T00:18:58.125+0000] {processor.py:840} INFO - DAG(s) 'weather_pipeline' retrieved from /opt/airflow/dags/weather_pipeline.py
[2026-09-18T00:18:58.231+0000] {logging_mixin.py:188} INFO - [2026-09-18T00:18:58.229+0000] {dag.py:3096} INFO - Sync 1 DAGs
[2026-09-18T00:18:58.327+0000] {logging_mixin.py:188} INFO - [2026-09-18T00:18:58.325+0000] {dag.py:3954} INFO - Setting next_dagrun for weather_pipeline to 2026-09-18 00:00:00+00:00, run_after=2026-09-19 00:00:00+00:00
[2026-09-18T00:18:58.400+0000] {processor.py:183} INFO - Processing /opt/airflow/dags/weather_pipeline.py took 1.608 seconds
[2026-09-18T00:19:28.718+0000] {processor.py:161} INFO - Started process (PID=519) to work on /opt/airflow/dags/weather_pipeline.py
[2026-09-18T00:19:28.721+0000] {processor.py:830} INFO - Processing file /opt/airflow/dags/weather_pipeline.py for tasks to queue
[2026-09-18T00:19:28.725+0000] {logging_mixin.py:188} INFO - [2026-09-18T00:19:28.724+0000] {dagbag.py:545} INFO - Filling up the DagBag from /opt/airflow/dags/weather_pipeline.py
[2026-09-18T00:19:29.945+0000] {processor.py:840} INFO - DAG(s) 'weather_pipeline' retrieved from /opt/airflow/dags/weather_pipeline.py
[2026-09-18T00:19:30.079+0000] {logging_mixin.py:188} INFO - [2026-09-18T00:19:30.078+0000] {dag.py:3096} INFO - Sync 1 DAGs
[2026-09-18T00:19:30.202+0000] {logging_mixin.py:188} INFO - [2026-09-18T00:19:30.200+0000] {dag.py:3954} INFO - Setting next_dagrun for weather_pipeline to 2026-09-18 00:00:00+00:00, run_after=2026-09-19 00:00:00+00:00
[2026-09-18T00:19:30.291+0000] {processor.py:183} INFO - Processing /opt/airflow/dags/weather_pipeline.py took 1.597 seconds
[2026-09-18T00:20:00.458+0000] {processor.py:161} INFO - Started process (PID=521) to work on /opt/airflow/dags/weather_pipeline.py
[2026-09-18T00:20:00.461+0000] {processor.py:830} INFO - Processing file /opt/airflow/dags/weather_pipeline.py for tasks to queue
[2026-09-18T00:20:00.466+0000] {logging_mixin.py:188} INFO - [2026-09-18T00:20:00.465+0000] {dagbag.py:545} INFO - Filling up the DagBag from /opt/airflow/dags/weather_pipeline.py
[2026-09-18T00:20:01.788+0000] {processor.py:840} INFO - DAG(s) 'weather_pipeline' retrieved from /opt/airflow/dags/weather_pipeline.py
[2026-09-18T00:20:01.920+0000] {logging_mixin.py:188} INFO - [2026-09-18T00:20:01.918+0000] {dag.py:3096} INFO - Sync 1 DAGs
[2026-09-18T00:20:02.041+0000] {logging_mixin.py:188} INFO - [2026-09-18T00:20:02.040+0000] {dag.py:3954} INFO - Setting next_dagrun for weather_pipeline to 2026-09-18 00:00:00+00:00, run_after=2026-09-19 00:00:00+00:00
[2026-09-18T00:20:02.117+0000] {processor.py:183} INFO - Processing /opt/airflow/dags/weather_pipeline.py took 1.679 seconds
[2026-09-18T00:20:32.426+0000] {processor.py:161} INFO - Started process (PID=523) to work on /opt/airflow/dags/weather_pipeline.py
[2026-09-18T00:20:32.429+0000] {processor.py:830} INFO - Processing file /opt/airflow/dags/weather_pipeline.py for tasks to queue
[2026-09-18T00:20:32.434+0000] {logging_mixin.py:188} INFO - [2026-09-18T00:20:32.433+0000] {dagbag.py:545} INFO - Filling up the DagBag from /opt/airflow/dags/weather_pipeline.py
[2026-09-18T00:20:33.368+0000] {processor.py:840} INFO - DAG(s) 'weather_pipeline' retrieved from /opt/airflow/dags/weather_pipeline.py
[2026-09-18T00:20:33.460+0000] {logging_mixin.py:188} INFO - [2026-09-18T00:20:33.459+0000] {dag.py:3096} INFO - Sync 1 DAGs
[2026-09-18T00:20:33.521+0000] {logging_mixin.py:188} INFO - [2026-09-18T00:20:33.520+0000] {dag.py:3954} INFO - Setting next_dagrun for weather_pipeline to 2026-09-18 00:00:00+00:00, run_after=2026-09-19 00:00:00+00:00
[2026-09-18T00:20:33.578+0000] {processor.py:183} INFO - Processing /opt/airflow/dags/weather_pipeline.py took 1.170 seconds
[2026-09-18T00:21:03.731+0000] {processor.py:161} INFO - Started process (PID=525) to work on /opt/airflow/dags/weather_pipeline.py
[2026-09-18T00:21:03.735+0000] {processor.py:830} INFO - Processing file /opt/airflow/dags/weather_pipeline.py for tasks to queue
[2026-09-18T00:21:03.743+0000] {logging_mixin.py:188} INFO - [2026-09-18T00:21:03.742+0000] {dagbag.py:545} INFO - Filling up the DagBag from /opt/airflow/dags/weather_pipeline.py
[2026-09-18T00:21:04.798+0000] {processor.py:840} INFO - DAG(s) 'weather_pipeline' retrieved from /opt/airflow/dags/weather_pipeline.py
[2026-09-18T00:21:04.892+0000] {logging_mixin.py:188} INFO - [2026-09-18T00:21:04.891+0000] {dag.py:3096} INFO - Sync 1 DAGs
[2026-09-18T00:21:04.962+0000] {logging_mixin.py:188} INFO - [2026-09-18T00:21:04.961+0000] {dag.py:3954} INFO - Setting next_dagrun for weather_pipeline to 2026-09-18 00:00:00+00:00, run_after=2026-09-19 00:00:00+00:00
[2026-09-18T00:21:05.021+0000] {processor.py:183} INFO - Processing /opt/airflow/dags/weather_pipeline.py took 1.313 seconds
[2026-09-18T00:21:35.103+0000] {processor.py:161} INFO - Started process (PID=527) to work on /opt/airflow/dags/weather_pipeline.py
[2026-09-18T00:21:35.107+0000] {processor.py:830} INFO - Processing file /opt/airflow/dags/weather_pipeline.py for tasks to queue
[2026-09-18T00:21:35.113+0000] {logging_mixin.py:188} INFO - [2026-09-18T00:21:35.112+0000] {dagbag.py:545} INFO - Filling up the DagBag from /opt/airflow/dags/weather_pipeline.py
[2026-09-18T00:21:36.463+0000] {processor.py:840} INFO - DAG(s) 'weather_pipeline' retrieved from /opt/airflow/dags/weather_pipeline.py
[2026-09-18T00:21:36.557+0000] {logging_mixin.py:188} INFO - [2026-09-18T00:21:36.555+0000] {dag.py:3096} INFO - Sync 1 DAGs
[2026-09-18T00:21:36.626+0000] {logging_mixin.py:188} INFO - [2026-09-18T00:21:36.626+0000] {dag.py:3954} INFO - Setting next_dagrun for weather_pipeline to 2026-09-18 00:00:00+00:00, run_after=2026-09-19 00:00:00+00:00
[2026-09-18T00:21:36.687+0000] {processor.py:183} INFO - Processing /opt/airflow/dags/weather_pipeline.py took 1.606 seconds
[2026-09-18T00:22:06.984+0000] {processor.py:161} INFO - Started process (PID=529) to work on /opt/airflow/dags/weather_pipeline.py
[2026-09-18T00:22:06.987+0000] {processor.py:830} INFO - Processing file /opt/airflow/dags/weather_pipeline.py for tasks to queue
[2026-09-18T00:22:06.992+0000] {logging_mixin.py:188} INFO - [2026-09-18T00:22:06.991+0000] {dagbag.py:545} INFO - Filling up the DagBag from /opt/airflow/dags/weather_pipeline.py
[2026-09-18T00:22:08.049+0000] {processor.py:840} INFO - DAG(s) 'weather_pipeline' retrieved from /opt/airflow/dags/weather_pipeline.py
[2026-09-18T00:22:08.151+0000] {logging_mixin.py:188} INFO - [2026-09-18T00:22:08.150+0000] {dag.py:3096} INFO - Sync 1 DAGs
[2026-09-18T00:22:08.245+0000] {logging_mixin.py:188} INFO - [2026-09-18T00:22:08.244+0000] {dag.py:3954} INFO - Setting next_dagrun for weather_pipeline to 2026-09-18 00:00:00+00:00, run_after=2026-09-19 00:00:00+00:00
[2026-09-18T00:22:08.317+0000] {processor.py:183} INFO - Processing /opt/airflow/dags/weather_pipeline.py took 1.354 seconds
[2026-09-18T00:22:38.621+0000] {processor.py:161} INFO - Started process (PID=531) to work on /opt/airflow/dags/weather_pipeline.py
[2026-09-18T00:22:38.623+0000] {processor.py:830} INFO - Processing file /opt/airflow/dags/weather_pipeline.py for tasks to queue
[2026-09-18T00:22:38.629+0000] {logging_mixin.py:188} INFO - [2026-09-18T00:22:38.628+0000] {dagbag.py:545} INFO - Filling up the DagBag from /opt/airflow/dags/weather_pipeline.py
[2026-09-18T00:22:39.747+0000] {processor.py:840} INFO - DAG(s) 'weather_pipeline' retrieved from /opt/airflow/dags/weather_pipeline.py
[2026-09-18T00:22:39.871+0000] {logging_mixin.py:188} INFO - [2026-09-18T00:22:39.869+0000] {dag.py:3096} INFO - Sync 1 DAGs
[2026-09-18T00:22:39.989+0000] {logging_mixin.py:188} INFO - [2026-09-18T00:22:39.988+0000] {dag.py:3954} INFO - Setting next_dagrun for weather_pipeline to 2026-09-18 00:00:00+00:00, run_after=2026-09-19 00:00:00+00:00
[2026-09-18T00:22:40.079+0000] {processor.py:183} INFO - Processing /opt/airflow/dags/weather_pipeline.py took 1.481 seconds
[2026-09-18T00:23:10.372+0000] {processor.py:161} INFO - Started process (PID=533) to work on /opt/airflow/dags/weather_pipeline.py
[2026-09-18T00:23:10.376+0000] {processor.py:830} INFO - Processing file /opt/airflow/dags/weather_pipeline.py for tasks to queue
[2026-09-18T00:23:10.381+0000] {logging_mixin.py:188} INFO - [2026-09-18T00:23:10.380+0000] {dagbag.py:545} INFO - Filling up the DagBag from /opt/airflow/dags/weather_pipeline.py
[2026-09-18T00:23:11.438+0000] {processor.py:840} INFO - DAG(s) 'weather_pipeline' retrieved from /opt/airflow/dags/weather_pipeline.py
[2026-09-18T00:23:11.530+0000] {logging_mixin.py:188} INFO - [2026-09-18T00:23:11.529+0000] {dag.py:3096} INFO - Sync 1 DAGs
[2026-09-18T00:23:11.604+0000] {logging_mixin.py:188} INFO - [2026-09-18T00:23:11.603+0000] {dag.py:3954} INFO - Setting next_dagrun for weather_pipeline to 2026-09-18 00:00:00+00:00, run_after=2026-09-19 00:00:00+00:00
[2026-09-18T00:23:11.666+0000] {processor.py:183} INFO - Processing /opt/airflow/dags/weather_pipeline.py took 1.312 seconds
[2026-09-18T00:23:41.947+0000] {processor.py:161} INFO - Started process (PID=535) to work on /opt/airflow/dags/weather_pipeline.py
[2026-09-18T00:23:41.950+0000] {processor.py:830} INFO - Processing file /opt/airflow/dags/weather_pipeline.py for tasks to queue
[2026-09-18T00:23:41.954+0000] {logging_mixin.py:188} INFO - [2026-09-18T00:23:41.954+0000] {dagbag.py:545} INFO - Filling up the DagBag from /opt/airflow/dags/weather_pipeline.py
[2026-09-18T00:23:43.221+0000] {processor.py:840} INFO - DAG(s) 'weather_pipeline' retrieved from /opt/airflow/dags/weather_pipeline.py
[2026-09-18T00:23:43.320+0000] {logging_mixin.py:188} INFO - [2026-09-18T00:23:43.319+0000] {dag.py:3096} INFO - Sync 1 DAGs
[2026-09-18T00:23:43.395+0000] {logging_mixin.py:188} INFO - [2026-09-18T00:23:43.394+0000] {dag.py:3954} INFO - Setting next_dagrun for weather_pipeline to 2026-09-18 00:00:00+00:00, run_after=2026-09-19 00:00:00+00:00
[2026-09-18T00:23:43.453+0000] {processor.py:183} INFO - Processing /opt/airflow/dags/weather_pipeline.py took 1.526 seconds
[2026-09-18T00:24:13.762+0000] {processor.py:161} INFO - Started process (PID=537) to work on /opt/airflow/dags/weather_pipeline.py
[2026-09-18T00:24:13.765+0000] {processor.py:830} INFO - Processing file /opt/airflow/dags/weather_pipeline.py for tasks to queue
[2026-09-18T00:24:13.771+0000] {logging_mixin.py:188} INFO - [2026-09-18T00:24:13.770+0000] {dagbag.py:545} INFO - Filling up the DagBag from /opt/airflow/dags/weather_pipeline.py
[2026-09-18T00:24:14.898+0000] {processor.py:840} INFO - DAG(s) 'weather_pipeline' retrieved from /opt/airflow/dags/weather_pipeline.py
[2026-09-18T00:24:14.999+0000] {logging_mixin.py:188} INFO - [2026-09-18T00:24:14.998+0000] {dag.py:3096} INFO - Sync 1 DAGs
[2026-09-18T00:24:15.081+0000] {logging_mixin.py:188} INFO - [2026-09-18T00:24:15.081+0000] {dag.py:3954} INFO - Setting next_dagrun for weather_pipeline to 2026-09-18 00:00:00+00:00, run_after=2026-09-19 00:00:00+00:00
[2026-09-18T00:24:15.139+0000] {processor.py:183} INFO - Processing /opt/airflow/dags/weather_pipeline.py took 1.398 seconds
[2026-09-18T00:24:45.453+0000] {processor.py:161} INFO - Started process (PID=539) to work on /opt/airflow/dags/weather_pipeline.py
[2026-09-18T00:24:45.456+0000] {processor.py:830} INFO - Processing file /opt/airflow/dags/weather_pipeline.py for tasks to queue
[2026-09-18T00:24:45.464+0000] {logging_mixin.py:188} INFO - [2026-09-18T00:24:45.463+0000] {dagbag.py:545} INFO - Filling up the DagBag from /opt/airflow/dags/weather_pipeline.py
[2026-09-18T00:24:46.914+0000] {processor.py:840} INFO - DAG(s) 'weather_pipeline' retrieved from /opt/airflow/dags/weather_pipeline.py
[2026-09-18T00:24:47.036+0000] {logging_mixin.py:188} INFO - [2026-09-18T00:24:47.034+0000] {dag.py:3096} INFO - Sync 1 DAGs
[2026-09-18T00:24:47.150+0000] {logging_mixin.py:188} INFO - [2026-09-18T00:24:47.149+0000] {dag.py:3954} INFO - Setting next_dagrun for weather_pipeline to 2026-09-18 00:00:00+00:00, run_after=2026-09-19 00:00:00+00:00
[2026-09-18T00:24:47.233+0000] {processor.py:183} INFO - Processing /opt/airflow/dags/weather_pipeline.py took 1.807 seconds
[2026-09-18T00:25:17.549+0000] {processor.py:161} INFO - Started process (PID=541) to work on /opt/airflow/dags/weather_pipeline.py
[2026-09-18T00:25:17.552+0000] {processor.py:830} INFO - Processing file /opt/airflow/dags/weather_pipeline.py for tasks to queue
[2026-09-18T00:25:17.558+0000] {logging_mixin.py:188} INFO - [2026-09-18T00:25:17.556+0000] {dagbag.py:545} INFO - Filling up the DagBag from /opt/airflow/dags/weather_pipeline.py
[2026-09-18T00:25:18.911+0000] {processor.py:840} INFO - DAG(s) 'weather_pipeline' retrieved from /opt/airflow/dags/weather_pipeline.py
[2026-09-18T00:25:19.011+0000] {logging_mixin.py:188} INFO - [2026-09-18T00:25:19.010+0000] {dag.py:3096} INFO - Sync 1 DAGs
[2026-09-18T00:25:19.093+0000] {logging_mixin.py:188} INFO - [2026-09-18T00:25:19.092+0000] {dag.py:3954} INFO - Setting next_dagrun for weather_pipeline to 2026-09-18 00:00:00+00:00, run_after=2026-09-19 00:00:00+00:00
[2026-09-18T00:25:19.160+0000] {processor.py:183} INFO - Processing /opt/airflow/dags/weather_pipeline.py took 1.635 seconds
[2026-09-18T00:25:49.476+0000] {processor.py:161} INFO - Started process (PID=543) to work on /opt/airflow/dags/weather_pipeline.py
[2026-09-18T00:25:49.479+0000] {processor.py:830} INFO - Processing file /opt/airflow/dags/weather_pipeline.py for tasks to queue
[2026-09-18T00:25:49.484+0000] {logging_mixin.py:188} INFO - [2026-09-18T00:25:49.483+0000] {dagbag.py:545} INFO - Filling up the DagBag from /opt/airflow/dags/weather_pipeline.py
[2026-09-18T00:25:50.623+0000] {processor.py:840} INFO - DAG(s) 'weather_pipeline' retrieved from /opt/airflow/dags/weather_pipeline.py
[2026-09-18T00:25:50.728+0000] {logging_mixin.py:188} INFO - [2026-09-18T00:25:50.727+0000] {dag.py:3096} INFO - Sync 1 DAGs
[2026-09-18T00:25:50.810+0000] {logging_mixin.py:188} INFO - [2026-09-18T00:25:50.809+0000] {dag.py:3954} INFO - Setting next_dagrun for weather_pipeline to 2026-09-18 00:00:00+00:00, run_after=2026-09-19 00:00:00+00:00
[2026-09-18T00:25:50.874+0000] {processor.py:183} INFO - Processing /opt/airflow/dags/weather_pipeline.py took 1.418 seconds
[2026-09-18T00:26:21.058+0000] {processor.py:161} INFO - Started process (PID=545) to work on /opt/airflow/dags/weather_pipeline.py
[2026-09-18T00:26:21.061+0000] {processor.py:830} INFO - Processing file /opt/airflow/dags/weather_pipeline.py for tasks to queue
[2026-09-18T00:26:21.066+0000] {logging_mixin.py:188} INFO - [2026-09-18T00:26:21.065+0000] {dagbag.py:545} INFO - Filling up the DagBag from /opt/airflow/dags/weather_pipeline.py
[2026-09-18T00:26:22.140+0000] {processor.py:840} INFO - DAG(s) 'weather_pipeline' retrieved from /opt/airflow/dags/weather_pipeline.py
[2026-09-18T00:26:22.250+0000] {logging_mixin.py:188} INFO - [2026-09-18T00:26:22.248+0000] {dag.py:3096} INFO - Sync 1 DAGs
[2026-09-18T00:26:22.331+0000] {logging_mixin.py:188} INFO - [2026-09-18T00:26:22.330+0000] {dag.py:3954} INFO - Setting next_dagrun for weather_pipeline to 2026-09-18 00:00:00+00:00, run_after=2026-09-19 00:00:00+00:00
[2026-09-18T00:26:22.405+0000] {processor.py:183} INFO - Processing /opt/airflow/dags/weather_pipeline.py took 1.367 seconds
[2026-09-18T00:26:52.739+0000] {processor.py:161} INFO - Started process (PID=547) to work on /opt/airflow/dags/weather_pipeline.py
[2026-09-18T00:26:52.742+0000] {processor.py:830} INFO - Processing file /opt/airflow/dags/weather_pipeline.py for tasks to queue
[2026-09-18T00:26:52.746+0000] {logging_mixin.py:188} INFO - [2026-09-18T00:26:52.746+0000] {dagbag.py:545} INFO - Filling up the DagBag from /opt/airflow/dags/weather_pipeline.py
[2026-09-18T00:26:53.956+0000] {processor.py:840} INFO - DAG(s) 'weather_pipeline' retrieved from /opt/airflow/dags/weather_pipeline.py
[2026-09-18T00:26:54.078+0000] {logging_mixin.py:188} INFO - [2026-09-18T00:26:54.076+0000] {dag.py:3096} INFO - Sync 1 DAGs
[2026-09-18T00:26:54.205+0000] {logging_mixin.py:188} INFO - [2026-09-18T00:26:54.203+0000] {dag.py:3954} INFO - Setting next_dagrun for weather_pipeline to 2026-09-18 00:00:00+00:00, run_after=2026-09-19 00:00:00+00:00
[2026-09-18T00:26:54.304+0000] {processor.py:183} INFO - Processing /opt/airflow/dags/weather_pipeline.py took 1.586 seconds
[2026-09-18T00:27:24.654+0000] {processor.py:161} INFO - Started process (PID=549) to work on /opt/airflow/dags/weather_pipeline.py
[2026-09-18T00:27:24.657+0000] {processor.py:830} INFO - Processing file /opt/airflow/dags/weather_pipeline.py for tasks to queue
[2026-09-18T00:27:24.663+0000] {logging_mixin.py:188} INFO - [2026-09-18T00:27:24.662+0000] {dagbag.py:545} INFO - Filling up the DagBag from /opt/airflow/dags/weather_pipeline.py
[2026-09-18T00:27:25.939+0000] {processor.py:840} INFO - DAG(s) 'weather_pipeline' retrieved from /opt/airflow/dags/weather_pipeline.py
[2026-09-18T00:27:26.072+0000] {logging_mixin.py:188} INFO - [2026-09-18T00:27:26.070+0000] {dag.py:3096} INFO - Sync 1 DAGs
[2026-09-18T00:27:26.169+0000] {logging_mixin.py:188} INFO - [2026-09-18T00:27:26.168+0000] {dag.py:3954} INFO - Setting next_dagrun for weather_pipeline to 2026-09-18 00:00:00+00:00, run_after=2026-09-19 00:00:00+00:00
[2026-09-18T00:27:26.250+0000] {processor.py:183} INFO - Processing /opt/airflow/dags/weather_pipeline.py took 1.618 seconds
[2026-09-18T00:27:56.573+0000] {processor.py:161} INFO - Started process (PID=551) to work on /opt/airflow/dags/weather_pipeline.py
[2026-09-18T00:27:56.575+0000] {processor.py:830} INFO - Processing file /opt/airflow/dags/weather_pipeline.py for tasks to queue
[2026-09-18T00:27:56.580+0000] {logging_mixin.py:188} INFO - [2026-09-18T00:27:56.579+0000] {dagbag.py:545} INFO - Filling up the DagBag from /opt/airflow/dags/weather_pipeline.py
[2026-09-18T00:27:57.788+0000] {processor.py:840} INFO - DAG(s) 'weather_pipeline' retrieved from /opt/airflow/dags/weather_pipeline.py
[2026-09-18T00:27:57.933+0000] {logging_mixin.py:188} INFO - [2026-09-18T00:27:57.932+0000] {dag.py:3096} INFO - Sync 1 DAGs
[2026-09-18T00:27:58.038+0000] {logging_mixin.py:188} INFO - [2026-09-18T00:27:58.037+0000] {dag.py:3954} INFO - Setting next_dagrun for weather_pipeline to 2026-09-18 00:00:00+00:00, run_after=2026-09-19 00:00:00+00:00
[2026-09-18T00:27:58.108+0000] {processor.py:183} INFO - Processing /opt/airflow/dags/weather_pipeline.py took 1.555 seconds
[2026-09-18T00:28:28.415+0000] {processor.py:161} INFO - Started process (PID=553) to work on /opt/airflow/dags/weather_pipeline.py
[2026-09-18T00:28:28.420+0000] {processor.py:830} INFO - Processing file /opt/airflow/dags/weather_pipeline.py for tasks to queue
[2026-09-18T00:28:28.426+0000] {logging_mixin.py:188} INFO - [2026-09-18T00:28:28.425+0000] {dagbag.py:545} INFO - Filling up the DagBag from /opt/airflow/dags/weather_pipeline.py
[2026-09-18T00:28:29.564+0000] {processor.py:840} INFO - DAG(s) 'weather_pipeline' retrieved from /opt/airflow/dags/weather_pipeline.py
[2026-09-18T00:28:29.702+0000] {logging_mixin.py:188} INFO - [2026-09-18T00:28:29.700+0000] {dag.py:3096} INFO - Sync 1 DAGs
[2026-09-18T00:28:29.808+0000] {logging_mixin.py:188} INFO - [2026-09-18T00:28:29.807+0000] {dag.py:3954} INFO - Setting next_dagrun for weather_pipeline to 2026-09-18 00:00:00+00:00, run_after=2026-09-19 00:00:00+00:00
[2026-09-18T00:28:29.881+0000] {processor.py:183} INFO - Processing /opt/airflow/dags/weather_pipeline.py took 1.493 seconds
[2026-09-18T00:29:00.201+0000] {processor.py:161} INFO - Started process (PID=555) to work on /opt/airflow/dags/weather_pipeline.py
[2026-09-18T00:29:00.203+0000] {processor.py:830} INFO - Processing file /opt/airflow/dags/weather_pipeline.py for tasks to queue
[2026-09-18T00:29:00.210+0000] {logging_mixin.py:188} INFO - [2026-09-18T00:29:00.209+0000] {dagbag.py:545} INFO - Filling up the DagBag from /opt/airflow/dags/weather_pipeline.py
[2026-09-18T00:29:01.481+0000] {processor.py:840} INFO - DAG(s) 'weather_pipeline' retrieved from /opt/airflow/dags/weather_pipeline.py
[2026-09-18T00:29:01.604+0000] {logging_mixin.py:188} INFO - [2026-09-18T00:29:01.603+0000] {dag.py:3096} INFO - Sync 1 DAGs
[2026-09-18T00:29:01.709+0000] {logging_mixin.py:188} INFO - [2026-09-18T00:29:01.708+0000] {dag.py:3954} INFO - Setting next_dagrun for weather_pipeline to 2026-09-18 00:00:00+00:00, run_after=2026-09-19 00:00:00+00:00
[2026-09-18T00:29:01.785+0000] {processor.py:183} INFO - Processing /opt/airflow/dags/weather_pipeline.py took 1.612 seconds
[2026-09-18T00:29:31.907+0000] {processor.py:161} INFO - Started process (PID=557) to work on /opt/airflow/dags/weather_pipeline.py
[2026-09-18T00:29:31.910+0000] {processor.py:830} INFO - Processing file /opt/airflow/dags/weather_pipeline.py for tasks to queue
[2026-09-18T00:29:31.916+0000] {logging_mixin.py:188} INFO - [2026-09-18T00:29:31.914+0000] {dagbag.py:545} INFO - Filling up the DagBag from /opt/airflow/dags/weather_pipeline.py
[2026-09-18T00:29:33.000+0000] {processor.py:840} INFO - DAG(s) 'weather_pipeline' retrieved from /opt/airflow/dags/weather_pipeline.py
[2026-09-18T00:29:33.101+0000] {logging_mixin.py:188} INFO - [2026-09-18T00:29:33.100+0000] {dag.py:3096} INFO - Sync 1 DAGs
[2026-09-18T00:29:33.175+0000] {logging_mixin.py:188} INFO - [2026-09-18T00:29:33.174+0000] {dag.py:3954} INFO - Setting next_dagrun for weather_pipeline to 2026-09-18 00:00:00+00:00, run_after=2026-09-19 00:00:00+00:00
[2026-09-18T00:29:33.235+0000] {processor.py:183} INFO - Processing /opt/airflow/dags/weather_pipeline.py took 1.349 seconds
[2026-09-18T00:30:03.329+0000] {processor.py:161} INFO - Started process (PID=559) to work on /opt/airflow/dags/weather_pipeline.py
[2026-09-18T00:30:03.330+0000] {processor.py:830} INFO - Processing file /opt/airflow/dags/weather_pipeline.py for tasks to queue
[2026-09-18T00:30:03.335+0000] {logging_mixin.py:188} INFO - [2026-09-18T00:30:03.334+0000] {dagbag.py:545} INFO - Filling up the DagBag from /opt/airflow/dags/weather_pipeline.py
[2026-09-18T00:30:04.457+0000] {processor.py:840} INFO - DAG(s) 'weather_pipeline' retrieved from /opt/airflow/dags/weather_pipeline.py
[2026-09-18T00:30:04.552+0000] {logging_mixin.py:188} INFO - [2026-09-18T00:30:04.551+0000] {dag.py:3096} INFO - Sync 1 DAGs
[2026-09-18T00:30:04.629+0000] {logging_mixin.py:188} INFO - [2026-09-18T00:30:04.628+0000] {dag.py:3954} INFO - Setting next_dagrun for weather_pipeline to 2026-09-18 00:00:00+00:00, run_after=2026-09-19 00:00:00+00:00
[2026-09-18T00:30:04.690+0000] {processor.py:183} INFO - Processing /opt/airflow/dags/weather_pipeline.py took 1.381 seconds
[2026-09-18T00:30:34.998+0000] {processor.py:161} INFO - Started process (PID=561) to work on /opt/airflow/dags/weather_pipeline.py
[2026-09-18T00:30:35.003+0000] {processor.py:830} INFO - Processing file /opt/airflow/dags/weather_pipeline.py for tasks to queue
[2026-09-18T00:30:35.015+0000] {logging_mixin.py:188} INFO - [2026-09-18T00:30:35.014+0000] {dagbag.py:545} INFO - Filling up the DagBag from /opt/airflow/dags/weather_pipeline.py
[2026-09-18T00:30:36.122+0000] {processor.py:840} INFO - DAG(s) 'weather_pipeline' retrieved from /opt/airflow/dags/weather_pipeline.py
[2026-09-18T00:30:36.216+0000] {logging_mixin.py:188} INFO - [2026-09-18T00:30:36.215+0000] {dag.py:3096} INFO - Sync 1 DAGs
[2026-09-18T00:30:36.286+0000] {logging_mixin.py:188} INFO - [2026-09-18T00:30:36.285+0000] {dag.py:3954} INFO - Setting next_dagrun for weather_pipeline to 2026-09-18 00:00:00+00:00, run_after=2026-09-19 00:00:00+00:00
[2026-09-18T00:30:36.350+0000] {processor.py:183} INFO - Processing /opt/airflow/dags/weather_pipeline.py took 1.381 seconds
[2026-09-18T00:31:06.662+0000] {processor.py:161} INFO - Started process (PID=563) to work on /opt/airflow/dags/weather_pipeline.py
[2026-09-18T00:31:06.664+0000] {processor.py:830} INFO - Processing file /opt/airflow/dags/weather_pipeline.py for tasks to queue
[2026-09-18T00:31:06.671+0000] {logging_mixin.py:188} INFO - [2026-09-18T00:31:06.670+0000] {dagbag.py:545} INFO - Filling up the DagBag from /opt/airflow/dags/weather_pipeline.py
[2026-09-18T00:31:07.800+0000] {processor.py:840} INFO - DAG(s) 'weather_pipeline' retrieved from /opt/airflow/dags/weather_pipeline.py
[2026-09-18T00:31:07.899+0000] {logging_mixin.py:188} INFO - [2026-09-18T00:31:07.898+0000] {dag.py:3096} INFO - Sync 1 DAGs
[2026-09-18T00:31:07.984+0000] {logging_mixin.py:188} INFO - [2026-09-18T00:31:07.983+0000] {dag.py:3954} INFO - Setting next_dagrun for weather_pipeline to 2026-09-18 00:00:00+00:00, run_after=2026-09-19 00:00:00+00:00
[2026-09-18T00:31:08.058+0000] {processor.py:183} INFO - Processing /opt/airflow/dags/weather_pipeline.py took 1.417 seconds
[2026-09-18T00:31:38.374+0000] {processor.py:161} INFO - Started process (PID=565) to work on /opt/airflow/dags/weather_pipeline.py
[2026-09-18T00:31:38.379+0000] {processor.py:830} INFO - Processing file /opt/airflow/dags/weather_pipeline.py for tasks to queue
[2026-09-18T00:31:38.385+0000] {logging_mixin.py:188} INFO - [2026-09-18T00:31:38.383+0000] {dagbag.py:545} INFO - Filling up the DagBag from /opt/airflow/dags/weather_pipeline.py
[2026-09-18T00:31:39.697+0000] {processor.py:840} INFO - DAG(s) 'weather_pipeline' retrieved from /opt/airflow/dags/weather_pipeline.py
[2026-09-18T00:31:39.798+0000] {logging_mixin.py:188} INFO - [2026-09-18T00:31:39.796+0000] {dag.py:3096} INFO - Sync 1 DAGs
[2026-09-18T00:31:39.879+0000] {logging_mixin.py:188} INFO - [2026-09-18T00:31:39.878+0000] {dag.py:3954} INFO - Setting next_dagrun for weather_pipeline to 2026-09-18 00:00:00+00:00, run_after=2026-09-19 00:00:00+00:00
[2026-09-18T00:31:39.937+0000] {processor.py:183} INFO - Processing /opt/airflow/dags/weather_pipeline.py took 1.587 seconds
[2026-09-18T00:32:10.154+0000] {processor.py:161} INFO - Started process (PID=567) to work on /opt/airflow/dags/weather_pipeline.py
[2026-09-18T00:32:10.156+0000] {processor.py:830} INFO - Processing file /opt/airflow/dags/weather_pipeline.py for tasks to queue
[2026-09-18T00:32:10.161+0000] {logging_mixin.py:188} INFO - [2026-09-18T00:32:10.160+0000] {dagbag.py:545} INFO - Filling up the DagBag from /opt/airflow/dags/weather_pipeline.py
[2026-09-18T00:32:11.266+0000] {processor.py:840} INFO - DAG(s) 'weather_pipeline' retrieved from /opt/airflow/dags/weather_pipeline.py
[2026-09-18T00:32:11.368+0000] {logging_mixin.py:188} INFO - [2026-09-18T00:32:11.367+0000] {dag.py:3096} INFO - Sync 1 DAGs
[2026-09-18T00:32:11.444+0000] {logging_mixin.py:188} INFO - [2026-09-18T00:32:11.443+0000] {dag.py:3954} INFO - Setting next_dagrun for weather_pipeline to 2026-09-18 00:00:00+00:00, run_after=2026-09-19 00:00:00+00:00
[2026-09-18T00:32:11.501+0000] {processor.py:183} INFO - Processing /opt/airflow/dags/weather_pipeline.py took 1.367 seconds
[2026-09-18T00:32:41.799+0000] {processor.py:161} INFO - Started process (PID=569) to work on /opt/airflow/dags/weather_pipeline.py
[2026-09-18T00:32:41.802+0000] {processor.py:830} INFO - Processing file /opt/airflow/dags/weather_pipeline.py for tasks to queue
[2026-09-18T00:32:41.809+0000] {logging_mixin.py:188} INFO - [2026-09-18T00:32:41.808+0000] {dagbag.py:545} INFO - Filling up the DagBag from /opt/airflow/dags/weather_pipeline.py
[2026-09-18T00:32:43.056+0000] {processor.py:840} INFO - DAG(s) 'weather_pipeline' retrieved from /opt/airflow/dags/weather_pipeline.py
[2026-09-18T00:32:43.167+0000] {logging_mixin.py:188} INFO - [2026-09-18T00:32:43.166+0000] {dag.py:3096} INFO - Sync 1 DAGs
[2026-09-18T00:32:43.243+0000] {logging_mixin.py:188} INFO - [2026-09-18T00:32:43.243+0000] {dag.py:3954} INFO - Setting next_dagrun for weather_pipeline to 2026-09-18 00:00:00+00:00, run_after=2026-09-19 00:00:00+00:00
[2026-09-18T00:32:43.307+0000] {processor.py:183} INFO - Processing /opt/airflow/dags/weather_pipeline.py took 1.529 seconds
[2026-09-18T00:33:13.624+0000] {processor.py:161} INFO - Started process (PID=571) to work on /opt/airflow/dags/weather_pipeline.py
[2026-09-18T00:33:13.627+0000] {processor.py:830} INFO - Processing file /opt/airflow/dags/weather_pipeline.py for tasks to queue
[2026-09-18T00:33:13.634+0000] {logging_mixin.py:188} INFO - [2026-09-18T00:33:13.633+0000] {dagbag.py:545} INFO - Filling up the DagBag from /opt/airflow/dags/weather_pipeline.py
[2026-09-18T00:33:14.729+0000] {processor.py:840} INFO - DAG(s) 'weather_pipeline' retrieved from /opt/airflow/dags/weather_pipeline.py
[2026-09-18T00:33:14.827+0000] {logging_mixin.py:188} INFO - [2026-09-18T00:33:14.825+0000] {dag.py:3096} INFO - Sync 1 DAGs
[2026-09-18T00:33:14.899+0000] {logging_mixin.py:188} INFO - [2026-09-18T00:33:14.899+0000] {dag.py:3954} INFO - Setting next_dagrun for weather_pipeline to 2026-09-18 00:00:00+00:00, run_after=2026-09-19 00:00:00+00:00
[2026-09-18T00:33:14.961+0000] {processor.py:183} INFO - Processing /opt/airflow/dags/weather_pipeline.py took 1.357 seconds
[2026-09-18T00:33:45.265+0000] {processor.py:161} INFO - Started process (PID=573) to work on /opt/airflow/dags/weather_pipeline.py
[2026-09-18T00:33:45.267+0000] {processor.py:830} INFO - Processing file /opt/airflow/dags/weather_pipeline.py for tasks to queue
[2026-09-18T00:33:45.274+0000] {logging_mixin.py:188} INFO - [2026-09-18T00:33:45.273+0000] {dagbag.py:545} INFO - Filling up the DagBag from /opt/airflow/dags/weather_pipeline.py
[2026-09-18T00:33:46.304+0000] {processor.py:840} INFO - DAG(s) 'weather_pipeline' retrieved from /opt/airflow/dags/weather_pipeline.py
[2026-09-18T00:33:46.428+0000] {logging_mixin.py:188} INFO - [2026-09-18T00:33:46.427+0000] {dag.py:3096} INFO - Sync 1 DAGs
[2026-09-18T00:33:46.510+0000] {logging_mixin.py:188} INFO - [2026-09-18T00:33:46.510+0000] {dag.py:3954} INFO - Setting next_dagrun for weather_pipeline to 2026-09-18 00:00:00+00:00, run_after=2026-09-19 00:00:00+00:00
[2026-09-18T00:33:46.570+0000] {processor.py:183} INFO - Processing /opt/airflow/dags/weather_pipeline.py took 1.325 seconds
[2026-09-18T00:34:16.862+0000] {processor.py:161} INFO - Started process (PID=575) to work on /opt/airflow/dags/weather_pipeline.py
[2026-09-18T00:34:16.866+0000] {processor.py:830} INFO - Processing file /opt/airflow/dags/weather_pipeline.py for tasks to queue
[2026-09-18T00:34:16.871+0000] {logging_mixin.py:188} INFO - [2026-09-18T00:34:16.870+0000] {dagbag.py:545} INFO - Filling up the DagBag from /opt/airflow/dags/weather_pipeline.py
[2026-09-18T00:34:18.013+0000] {processor.py:840} INFO - DAG(s) 'weather_pipeline' retrieved from /opt/airflow/dags/weather_pipeline.py
[2026-09-18T00:34:18.109+0000] {logging_mixin.py:188} INFO - [2026-09-18T00:34:18.107+0000] {dag.py:3096} INFO - Sync 1 DAGs
[2026-09-18T00:34:18.192+0000] {logging_mixin.py:188} INFO - [2026-09-18T00:34:18.191+0000] {dag.py:3954} INFO - Setting next_dagrun for weather_pipeline to 2026-09-18 00:00:00+00:00, run_after=2026-09-19 00:00:00+00:00
[2026-09-18T00:34:18.261+0000] {processor.py:183} INFO - Processing /opt/airflow/dags/weather_pipeline.py took 1.419 seconds
[2026-09-18T00:34:48.575+0000] {processor.py:161} INFO - Started process (PID=577) to work on /opt/airflow/dags/weather_pipeline.py
[2026-09-18T00:34:48.578+0000] {processor.py:830} INFO - Processing file /opt/airflow/dags/weather_pipeline.py for tasks to queue
[2026-09-18T00:34:48.582+0000] {logging_mixin.py:188} INFO - [2026-09-18T00:34:48.581+0000] {dagbag.py:545} INFO - Filling up the DagBag from /opt/airflow/dags/weather_pipeline.py
[2026-09-18T00:34:49.758+0000] {processor.py:840} INFO - DAG(s) 'weather_pipeline' retrieved from /opt/airflow/dags/weather_pipeline.py
[2026-09-18T00:34:49.865+0000] {logging_mixin.py:188} INFO - [2026-09-18T00:34:49.864+0000] {dag.py:3096} INFO - Sync 1 DAGs
[2026-09-18T00:34:49.935+0000] {logging_mixin.py:188} INFO - [2026-09-18T00:34:49.935+0000] {dag.py:3954} INFO - Setting next_dagrun for weather_pipeline to 2026-09-18 00:00:00+00:00, run_after=2026-09-19 00:00:00+00:00
[2026-09-18T00:34:49.993+0000] {processor.py:183} INFO - Processing /opt/airflow/dags/weather_pipeline.py took 1.437 seconds
[2026-09-18T00:35:20.300+0000] {processor.py:161} INFO - Started process (PID=579) to work on /opt/airflow/dags/weather_pipeline.py
[2026-09-18T00:35:20.303+0000] {processor.py:830} INFO - Processing file /opt/airflow/dags/weather_pipeline.py for tasks to queue
[2026-09-18T00:35:20.309+0000] {logging_mixin.py:188} INFO - [2026-09-18T00:35:20.308+0000] {dagbag.py:545} INFO - Filling up the DagBag from /opt/airflow/dags/weather_pipeline.py
[2026-09-18T00:35:21.424+0000] {processor.py:840} INFO - DAG(s) 'weather_pipeline' retrieved from /opt/airflow/dags/weather_pipeline.py
[2026-09-18T00:35:21.528+0000] {logging_mixin.py:188} INFO - [2026-09-18T00:35:21.526+0000] {dag.py:3096} INFO - Sync 1 DAGs
[2026-09-18T00:35:21.600+0000] {logging_mixin.py:188} INFO - [2026-09-18T00:35:21.600+0000] {dag.py:3954} INFO - Setting next_dagrun for weather_pipeline to 2026-09-18 00:00:00+00:00, run_after=2026-09-19 00:00:00+00:00
[2026-09-18T00:35:21.658+0000] {processor.py:183} INFO - Processing /opt/airflow/dags/weather_pipeline.py took 1.382 seconds
[2026-09-18T00:35:51.959+0000] {processor.py:161} INFO - Started process (PID=581) to work on /opt/airflow/dags/weather_pipeline.py
[2026-09-18T00:35:51.961+0000] {processor.py:830} INFO - Processing file /opt/airflow/dags/weather_pipeline.py for tasks to queue
[2026-09-18T00:35:51.968+0000] {logging_mixin.py:188} INFO - [2026-09-18T00:35:51.967+0000] {dagbag.py:545} INFO - Filling up the DagBag from /opt/airflow/dags/weather_pipeline.py
[2026-09-18T00:35:53.056+0000] {processor.py:840} INFO - DAG(s) 'weather_pipeline' retrieved from /opt/airflow/dags/weather_pipeline.py
[2026-09-18T00:35:53.150+0000] {logging_mixin.py:188} INFO - [2026-09-18T00:35:53.149+0000] {dag.py:3096} INFO - Sync 1 DAGs
[2026-09-18T00:35:53.222+0000] {logging_mixin.py:188} INFO - [2026-09-18T00:35:53.221+0000] {dag.py:3954} INFO - Setting next_dagrun for weather_pipeline to 2026-09-18 00:00:00+00:00, run_after=2026-09-19 00:00:00+00:00
[2026-09-18T00:35:53.283+0000] {processor.py:183} INFO - Processing /opt/airflow/dags/weather_pipeline.py took 1.346 seconds
[2026-09-18T00:36:23.648+0000] {processor.py:161} INFO - Started process (PID=583) to work on /opt/airflow/dags/weather_pipeline.py
[2026-09-18T00:36:23.650+0000] {processor.py:830} INFO - Processing file /opt/airflow/dags/weather_pipeline.py for tasks to queue
[2026-09-18T00:36:23.656+0000] {logging_mixin.py:188} INFO - [2026-09-18T00:36:23.655+0000] {dagbag.py:545} INFO - Filling up the DagBag from /opt/airflow/dags/weather_pipeline.py
[2026-09-18T00:36:25.032+0000] {processor.py:840} INFO - DAG(s) 'weather_pipeline' retrieved from /opt/airflow/dags/weather_pipeline.py
[2026-09-18T00:36:25.149+0000] {logging_mixin.py:188} INFO - [2026-09-18T00:36:25.147+0000] {dag.py:3096} INFO - Sync 1 DAGs
[2026-09-18T00:36:25.249+0000] {logging_mixin.py:188} INFO - [2026-09-18T00:36:25.248+0000] {dag.py:3954} INFO - Setting next_dagrun for weather_pipeline to 2026-09-18 00:00:00+00:00, run_after=2026-09-19 00:00:00+00:00
[2026-09-18T00:36:25.326+0000] {processor.py:183} INFO - Processing /opt/airflow/dags/weather_pipeline.py took 1.703 seconds
[2026-09-18T00:36:55.457+0000] {processor.py:161} INFO - Started process (PID=585) to work on /opt/airflow/dags/weather_pipeline.py
[2026-09-18T00:36:55.461+0000] {processor.py:830} INFO - Processing file /opt/airflow/dags/weather_pipeline.py for tasks to queue
[2026-09-18T00:36:55.466+0000] {logging_mixin.py:188} INFO - [2026-09-18T00:36:55.465+0000] {dagbag.py:545} INFO - Filling up the DagBag from /opt/airflow/dags/weather_pipeline.py
[2026-09-18T00:36:56.657+0000] {processor.py:840} INFO - DAG(s) 'weather_pipeline' retrieved from /opt/airflow/dags/weather_pipeline.py
[2026-09-18T00:36:56.809+0000] {logging_mixin.py:188} INFO - [2026-09-18T00:36:56.807+0000] {dag.py:3096} INFO - Sync 1 DAGs
[2026-09-18T00:36:56.934+0000] {logging_mixin.py:188} INFO - [2026-09-18T00:36:56.933+0000] {dag.py:3954} INFO - Setting next_dagrun for weather_pipeline to 2026-09-18 00:00:00+00:00, run_after=2026-09-19 00:00:00+00:00
[2026-09-18T00:36:57.035+0000] {processor.py:183} INFO - Processing /opt/airflow/dags/weather_pipeline.py took 1.598 seconds
[2026-09-18T00:37:27.328+0000] {processor.py:161} INFO - Started process (PID=587) to work on /opt/airflow/dags/weather_pipeline.py
[2026-09-18T00:37:27.331+0000] {processor.py:830} INFO - Processing file /opt/airflow/dags/weather_pipeline.py for tasks to queue
[2026-09-18T00:37:27.336+0000] {logging_mixin.py:188} INFO - [2026-09-18T00:37:27.335+0000] {dagbag.py:545} INFO - Filling up the DagBag from /opt/airflow/dags/weather_pipeline.py
[2026-09-18T00:37:28.547+0000] {processor.py:840} INFO - DAG(s) 'weather_pipeline' retrieved from /opt/airflow/dags/weather_pipeline.py
[2026-09-18T00:37:28.644+0000] {logging_mixin.py:188} INFO - [2026-09-18T00:37:28.643+0000] {dag.py:3096} INFO - Sync 1 DAGs
[2026-09-18T00:37:28.722+0000] {logging_mixin.py:188} INFO - [2026-09-18T00:37:28.722+0000] {dag.py:3954} INFO - Setting next_dagrun for weather_pipeline to 2026-09-18 00:00:00+00:00, run_after=2026-09-19 00:00:00+00:00
[2026-09-18T00:37:28.778+0000] {processor.py:183} INFO - Processing /opt/airflow/dags/weather_pipeline.py took 1.472 seconds
[2026-09-18T00:37:59.094+0000] {processor.py:161} INFO - Started process (PID=589) to work on /opt/airflow/dags/weather_pipeline.py
[2026-09-18T00:37:59.097+0000] {processor.py:830} INFO - Processing file /opt/airflow/dags/weather_pipeline.py for tasks to queue
[2026-09-18T00:37:59.103+0000] {logging_mixin.py:188} INFO - [2026-09-18T00:37:59.102+0000] {dagbag.py:545} INFO - Filling up the DagBag from /opt/airflow/dags/weather_pipeline.py
[2026-09-18T00:38:00.203+0000] {processor.py:840} INFO - DAG(s) 'weather_pipeline' retrieved from /opt/airflow/dags/weather_pipeline.py
[2026-09-18T00:38:00.300+0000] {logging_mixin.py:188} INFO - [2026-09-18T00:38:00.299+0000] {dag.py:3096} INFO - Sync 1 DAGs
[2026-09-18T00:38:00.374+0000] {logging_mixin.py:188} INFO - [2026-09-18T00:38:00.373+0000] {dag.py:3954} INFO - Setting next_dagrun for weather_pipeline to 2026-09-18 00:00:00+00:00, run_after=2026-09-19 00:00:00+00:00
[2026-09-18T00:38:00.441+0000] {processor.py:183} INFO - Processing /opt/airflow/dags/weather_pipeline.py took 1.367 seconds
[2026-09-18T08:09:40.320+0000] {processor.py:161} INFO - Started process (PID=591) to work on /opt/airflow/dags/weather_pipeline.py
[2026-09-18T08:09:40.321+0000] {processor.py:830} INFO - Processing file /opt/airflow/dags/weather_pipeline.py for tasks to queue
[2026-09-18T08:09:40.322+0000] {logging_mixin.py:188} INFO - [2026-09-18T08:09:40.322+0000] {dagbag.py:545} INFO - Filling up the DagBag from /opt/airflow/dags/weather_pipeline.py
[2026-09-18T08:09:40.936+0000] {processor.py:840} INFO - DAG(s) 'weather_pipeline' retrieved from /opt/airflow/dags/weather_pipeline.py
[2026-09-18T08:09:40.994+0000] {logging_mixin.py:188} INFO - [2026-09-18T08:09:40.994+0000] {dag.py:3096} INFO - Sync 1 DAGs
[2026-09-18T08:09:41.037+0000] {logging_mixin.py:188} INFO - [2026-09-18T08:09:41.037+0000] {dag.py:3954} INFO - Setting next_dagrun for weather_pipeline to 2026-09-18 00:00:00+00:00, run_after=2026-09-19 00:00:00+00:00
[2026-09-18T08:09:41.070+0000] {processor.py:183} INFO - Processing /opt/airflow/dags/weather_pipeline.py took 0.755 seconds
[2026-09-18T08:10:32.544+0000] {processor.py:161} INFO - Started process (PID=593) to work on /opt/airflow/dags/weather_pipeline.py
[2026-09-18T08:10:32.550+0000] {processor.py:830} INFO - Processing file /opt/airflow/dags/weather_pipeline.py for tasks to queue
[2026-09-18T08:10:32.553+0000] {logging_mixin.py:188} INFO - [2026-09-18T08:10:32.552+0000] {dagbag.py:545} INFO - Filling up the DagBag from /opt/airflow/dags/weather_pipeline.py
[2026-09-18T08:10:33.465+0000] {processor.py:840} INFO - DAG(s) 'weather_pipeline' retrieved from /opt/airflow/dags/weather_pipeline.py
[2026-09-18T08:10:33.630+0000] {logging_mixin.py:188} INFO - [2026-09-18T08:10:33.628+0000] {dag.py:3096} INFO - Sync 1 DAGs
[2026-09-18T08:10:33.721+0000] {logging_mixin.py:188} INFO - [2026-09-18T08:10:33.720+0000] {dag.py:3954} INFO - Setting next_dagrun for weather_pipeline to 2026-09-18 00:00:00+00:00, run_after=2026-09-19 00:00:00+00:00
[2026-09-18T08:10:33.787+0000] {processor.py:183} INFO - Processing /opt/airflow/dags/weather_pipeline.py took 1.306 seconds
[2026-09-18T08:11:04.073+0000] {processor.py:161} INFO - Started process (PID=595) to work on /opt/airflow/dags/weather_pipeline.py
[2026-09-18T08:11:04.077+0000] {processor.py:830} INFO - Processing file /opt/airflow/dags/weather_pipeline.py for tasks to queue
[2026-09-18T08:11:04.085+0000] {logging_mixin.py:188} INFO - [2026-09-18T08:11:04.083+0000] {dagbag.py:545} INFO - Filling up the DagBag from /opt/airflow/dags/weather_pipeline.py
[2026-09-18T08:11:04.637+0000] {processor.py:840} INFO - DAG(s) 'weather_pipeline' retrieved from /opt/airflow/dags/weather_pipeline.py
[2026-09-18T08:11:04.698+0000] {logging_mixin.py:188} INFO - [2026-09-18T08:11:04.697+0000] {dag.py:3096} INFO - Sync 1 DAGs
[2026-09-18T08:11:04.740+0000] {logging_mixin.py:188} INFO - [2026-09-18T08:11:04.740+0000] {dag.py:3954} INFO - Setting next_dagrun for weather_pipeline to 2026-09-18 00:00:00+00:00, run_after=2026-09-19 00:00:00+00:00
[2026-09-18T08:11:04.772+0000] {processor.py:183} INFO - Processing /opt/airflow/dags/weather_pipeline.py took 0.722 seconds
[2026-09-18T08:11:35.023+0000] {processor.py:161} INFO - Started process (PID=597) to work on /opt/airflow/dags/weather_pipeline.py
[2026-09-18T08:11:35.026+0000] {processor.py:830} INFO - Processing file /opt/airflow/dags/weather_pipeline.py for tasks to queue
[2026-09-18T08:11:35.032+0000] {logging_mixin.py:188} INFO - [2026-09-18T08:11:35.031+0000] {dagbag.py:545} INFO - Filling up the DagBag from /opt/airflow/dags/weather_pipeline.py
[2026-09-18T08:11:35.599+0000] {processor.py:840} INFO - DAG(s) 'weather_pipeline' retrieved from /opt/airflow/dags/weather_pipeline.py
[2026-09-18T08:11:35.654+0000] {logging_mixin.py:188} INFO - [2026-09-18T08:11:35.653+0000] {dag.py:3096} INFO - Sync 1 DAGs
[2026-09-18T08:11:35.692+0000] {logging_mixin.py:188} INFO - [2026-09-18T08:11:35.691+0000] {dag.py:3954} INFO - Setting next_dagrun for weather_pipeline to 2026-09-18 00:00:00+00:00, run_after=2026-09-19 00:00:00+00:00
[2026-09-18T08:11:35.721+0000] {processor.py:183} INFO - Processing /opt/airflow/dags/weather_pipeline.py took 0.727 seconds
[2026-09-18T08:12:06.021+0000] {processor.py:161} INFO - Started process (PID=599) to work on /opt/airflow/dags/weather_pipeline.py
[2026-09-18T08:12:06.025+0000] {processor.py:830} INFO - Processing file /opt/airflow/dags/weather_pipeline.py for tasks to queue
[2026-09-18T08:12:06.030+0000] {logging_mixin.py:188} INFO - [2026-09-18T08:12:06.029+0000] {dagbag.py:545} INFO - Filling up the DagBag from /opt/airflow/dags/weather_pipeline.py
[2026-09-18T08:12:06.553+0000] {processor.py:840} INFO - DAG(s) 'weather_pipeline' retrieved from /opt/airflow/dags/weather_pipeline.py
[2026-09-18T08:12:06.597+0000] {logging_mixin.py:188} INFO - [2026-09-18T08:12:06.596+0000] {dag.py:3096} INFO - Sync 1 DAGs
[2026-09-18T08:12:06.633+0000] {logging_mixin.py:188} INFO - [2026-09-18T08:12:06.633+0000] {dag.py:3954} INFO - Setting next_dagrun for weather_pipeline to 2026-09-18 00:00:00+00:00, run_after=2026-09-19 00:00:00+00:00
[2026-09-18T08:12:06.663+0000] {processor.py:183} INFO - Processing /opt/airflow/dags/weather_pipeline.py took 0.668 seconds
[2026-09-18T08:12:36.952+0000] {processor.py:161} INFO - Started process (PID=601) to work on /opt/airflow/dags/weather_pipeline.py
[2026-09-18T08:12:36.956+0000] {processor.py:830} INFO - Processing file /opt/airflow/dags/weather_pipeline.py for tasks to queue
[2026-09-18T08:12:36.961+0000] {logging_mixin.py:188} INFO - [2026-09-18T08:12:36.960+0000] {dagbag.py:545} INFO - Filling up the DagBag from /opt/airflow/dags/weather_pipeline.py
[2026-09-18T08:12:37.502+0000] {processor.py:840} INFO - DAG(s) 'weather_pipeline' retrieved from /opt/airflow/dags/weather_pipeline.py
[2026-09-18T08:12:37.550+0000] {logging_mixin.py:188} INFO - [2026-09-18T08:12:37.549+0000] {dag.py:3096} INFO - Sync 1 DAGs
[2026-09-18T08:12:37.583+0000] {logging_mixin.py:188} INFO - [2026-09-18T08:12:37.583+0000] {dag.py:3954} INFO - Setting next_dagrun for weather_pipeline to 2026-09-18 00:00:00+00:00, run_after=2026-09-19 00:00:00+00:00
[2026-09-18T08:12:37.612+0000] {processor.py:183} INFO - Processing /opt/airflow/dags/weather_pipeline.py took 0.682 seconds
[2026-09-18T08:13:07.707+0000] {processor.py:161} INFO - Started process (PID=603) to work on /opt/airflow/dags/weather_pipeline.py
[2026-09-18T08:13:07.709+0000] {processor.py:830} INFO - Processing file /opt/airflow/dags/weather_pipeline.py for tasks to queue
[2026-09-18T08:13:07.714+0000] {logging_mixin.py:188} INFO - [2026-09-18T08:13:07.713+0000] {dagbag.py:545} INFO - Filling up the DagBag from /opt/airflow/dags/weather_pipeline.py
[2026-09-18T08:13:08.220+0000] {processor.py:840} INFO - DAG(s) 'weather_pipeline' retrieved from /opt/airflow/dags/weather_pipeline.py
[2026-09-18T08:13:08.263+0000] {logging_mixin.py:188} INFO - [2026-09-18T08:13:08.263+0000] {dag.py:3096} INFO - Sync 1 DAGs
[2026-09-18T08:13:08.295+0000] {logging_mixin.py:188} INFO - [2026-09-18T08:13:08.295+0000] {dag.py:3954} INFO - Setting next_dagrun for weather_pipeline to 2026-09-18 00:00:00+00:00, run_after=2026-09-19 00:00:00+00:00
[2026-09-18T08:13:08.326+0000] {processor.py:183} INFO - Processing /opt/airflow/dags/weather_pipeline.py took 0.640 seconds
[2026-09-18T08:13:38.593+0000] {processor.py:161} INFO - Started process (PID=605) to work on /opt/airflow/dags/weather_pipeline.py
[2026-09-18T08:13:38.596+0000] {processor.py:830} INFO - Processing file /opt/airflow/dags/weather_pipeline.py for tasks to queue
[2026-09-18T08:13:38.600+0000] {logging_mixin.py:188} INFO - [2026-09-18T08:13:38.599+0000] {dagbag.py:545} INFO - Filling up the DagBag from /opt/airflow/dags/weather_pipeline.py
[2026-09-18T08:13:39.125+0000] {processor.py:840} INFO - DAG(s) 'weather_pipeline' retrieved from /opt/airflow/dags/weather_pipeline.py
[2026-09-18T08:13:39.167+0000] {logging_mixin.py:188} INFO - [2026-09-18T08:13:39.167+0000] {dag.py:3096} INFO - Sync 1 DAGs
[2026-09-18T08:13:39.209+0000] {logging_mixin.py:188} INFO - [2026-09-18T08:13:39.209+0000] {dag.py:3954} INFO - Setting next_dagrun for weather_pipeline to 2026-09-18 00:00:00+00:00, run_after=2026-09-19 00:00:00+00:00
[2026-09-18T08:13:39.252+0000] {processor.py:183} INFO - Processing /opt/airflow/dags/weather_pipeline.py took 0.679 seconds
[2026-09-18T08:14:09.331+0000] {processor.py:161} INFO - Started process (PID=607) to work on /opt/airflow/dags/weather_pipeline.py
[2026-09-18T08:14:09.334+0000] {processor.py:830} INFO - Processing file /opt/airflow/dags/weather_pipeline.py for tasks to queue
[2026-09-18T08:14:09.340+0000] {logging_mixin.py:188} INFO - [2026-09-18T08:14:09.339+0000] {dagbag.py:545} INFO - Filling up the DagBag from /opt/airflow/dags/weather_pipeline.py
[2026-09-18T08:14:09.868+0000] {processor.py:840} INFO - DAG(s) 'weather_pipeline' retrieved from /opt/airflow/dags/weather_pipeline.py
[2026-09-18T08:14:09.910+0000] {logging_mixin.py:188} INFO - [2026-09-18T08:14:09.910+0000] {dag.py:3096} INFO - Sync 1 DAGs
[2026-09-18T08:14:09.944+0000] {logging_mixin.py:188} INFO - [2026-09-18T08:14:09.944+0000] {dag.py:3954} INFO - Setting next_dagrun for weather_pipeline to 2026-09-18 00:00:00+00:00, run_after=2026-09-19 00:00:00+00:00
[2026-09-18T08:14:09.972+0000] {processor.py:183} INFO - Processing /opt/airflow/dags/weather_pipeline.py took 0.664 seconds
[2026-09-18T08:14:40.241+0000] {processor.py:161} INFO - Started process (PID=609) to work on /opt/airflow/dags/weather_pipeline.py
[2026-09-18T08:14:40.243+0000] {processor.py:830} INFO - Processing file /opt/airflow/dags/weather_pipeline.py for tasks to queue
[2026-09-18T08:14:40.248+0000] {logging_mixin.py:188} INFO - [2026-09-18T08:14:40.247+0000] {dagbag.py:545} INFO - Filling up the DagBag from /opt/airflow/dags/weather_pipeline.py
[2026-09-18T08:14:40.760+0000] {processor.py:840} INFO - DAG(s) 'weather_pipeline' retrieved from /opt/airflow/dags/weather_pipeline.py
[2026-09-18T08:14:40.807+0000] {logging_mixin.py:188} INFO - [2026-09-18T08:14:40.806+0000] {dag.py:3096} INFO - Sync 1 DAGs
[2026-09-18T08:14:40.843+0000] {logging_mixin.py:188} INFO - [2026-09-18T08:14:40.842+0000] {dag.py:3954} INFO - Setting next_dagrun for weather_pipeline to 2026-09-18 00:00:00+00:00, run_after=2026-09-19 00:00:00+00:00
[2026-09-18T08:14:40.871+0000] {processor.py:183} INFO - Processing /opt/airflow/dags/weather_pipeline.py took 0.650 seconds
[2026-09-18T08:15:10.979+0000] {processor.py:161} INFO - Started process (PID=611) to work on /opt/airflow/dags/weather_pipeline.py
[2026-09-18T08:15:10.982+0000] {processor.py:830} INFO - Processing file /opt/airflow/dags/weather_pipeline.py for tasks to queue
[2026-09-18T08:15:10.988+0000] {logging_mixin.py:188} INFO - [2026-09-18T08:15:10.987+0000] {dagbag.py:545} INFO - Filling up the DagBag from /opt/airflow/dags/weather_pipeline.py
[2026-09-18T08:15:11.497+0000] {processor.py:840} INFO - DAG(s) 'weather_pipeline' retrieved from /opt/airflow/dags/weather_pipeline.py
[2026-09-18T08:15:11.540+0000] {logging_mixin.py:188} INFO - [2026-09-18T08:15:11.539+0000] {dag.py:3096} INFO - Sync 1 DAGs
[2026-09-18T08:15:11.572+0000] {logging_mixin.py:188} INFO - [2026-09-18T08:15:11.572+0000] {dag.py:3954} INFO - Setting next_dagrun for weather_pipeline to 2026-09-18 00:00:00+00:00, run_after=2026-09-19 00:00:00+00:00
[2026-09-18T08:15:11.600+0000] {processor.py:183} INFO - Processing /opt/airflow/dags/weather_pipeline.py took 0.641 seconds
[2026-09-18T08:15:41.870+0000] {processor.py:161} INFO - Started process (PID=613) to work on /opt/airflow/dags/weather_pipeline.py
[2026-09-18T08:15:41.872+0000] {processor.py:830} INFO - Processing file /opt/airflow/dags/weather_pipeline.py for tasks to queue
[2026-09-18T08:15:41.878+0000] {logging_mixin.py:188} INFO - [2026-09-18T08:15:41.876+0000] {dagbag.py:545} INFO - Filling up the DagBag from /opt/airflow/dags/weather_pipeline.py
[2026-09-18T08:15:42.386+0000] {processor.py:840} INFO - DAG(s) 'weather_pipeline' retrieved from /opt/airflow/dags/weather_pipeline.py
[2026-09-18T08:15:42.432+0000] {logging_mixin.py:188} INFO - [2026-09-18T08:15:42.432+0000] {dag.py:3096} INFO - Sync 1 DAGs
[2026-09-18T08:15:42.465+0000] {logging_mixin.py:188} INFO - [2026-09-18T08:15:42.465+0000] {dag.py:3954} INFO - Setting next_dagrun for weather_pipeline to 2026-09-18 00:00:00+00:00, run_after=2026-09-19 00:00:00+00:00
[2026-09-18T08:15:42.493+0000] {processor.py:183} INFO - Processing /opt/airflow/dags/weather_pipeline.py took 0.643 seconds
[2026-09-18T08:16:12.556+0000] {processor.py:161} INFO - Started process (PID=615) to work on /opt/airflow/dags/weather_pipeline.py
[2026-09-18T08:16:12.560+0000] {processor.py:830} INFO - Processing file /opt/airflow/dags/weather_pipeline.py for tasks to queue
[2026-09-18T08:16:12.566+0000] {logging_mixin.py:188} INFO - [2026-09-18T08:16:12.565+0000] {dagbag.py:545} INFO - Filling up the DagBag from /opt/airflow/dags/weather_pipeline.py
[2026-09-18T08:16:13.113+0000] {processor.py:840} INFO - DAG(s) 'weather_pipeline' retrieved from /opt/airflow/dags/weather_pipeline.py
[2026-09-18T08:16:13.156+0000] {logging_mixin.py:188} INFO - [2026-09-18T08:16:13.155+0000] {dag.py:3096} INFO - Sync 1 DAGs
[2026-09-18T08:16:13.189+0000] {logging_mixin.py:188} INFO - [2026-09-18T08:16:13.188+0000] {dag.py:3954} INFO - Setting next_dagrun for weather_pipeline to 2026-09-18 00:00:00+00:00, run_after=2026-09-19 00:00:00+00:00
[2026-09-18T08:16:13.216+0000] {processor.py:183} INFO - Processing /opt/airflow/dags/weather_pipeline.py took 0.681 seconds
[2026-09-18T08:16:43.497+0000] {processor.py:161} INFO - Started process (PID=617) to work on /opt/airflow/dags/weather_pipeline.py
[2026-09-18T08:16:43.499+0000] {processor.py:830} INFO - Processing file /opt/airflow/dags/weather_pipeline.py for tasks to queue
[2026-09-18T08:16:43.504+0000] {logging_mixin.py:188} INFO - [2026-09-18T08:16:43.503+0000] {dagbag.py:545} INFO - Filling up the DagBag from /opt/airflow/dags/weather_pipeline.py
[2026-09-18T08:16:44.013+0000] {processor.py:840} INFO - DAG(s) 'weather_pipeline' retrieved from /opt/airflow/dags/weather_pipeline.py
[2026-09-18T08:16:44.058+0000] {logging_mixin.py:188} INFO - [2026-09-18T08:16:44.058+0000] {dag.py:3096} INFO - Sync 1 DAGs
[2026-09-18T08:16:44.092+0000] {logging_mixin.py:188} INFO - [2026-09-18T08:16:44.091+0000] {dag.py:3954} INFO - Setting next_dagrun for weather_pipeline to 2026-09-18 00:00:00+00:00, run_after=2026-09-19 00:00:00+00:00
[2026-09-18T08:16:44.126+0000] {processor.py:183} INFO - Processing /opt/airflow/dags/weather_pipeline.py took 0.650 seconds
[2026-09-18T08:17:14.188+0000] {processor.py:161} INFO - Started process (PID=619) to work on /opt/airflow/dags/weather_pipeline.py
[2026-09-18T08:17:14.191+0000] {processor.py:830} INFO - Processing file /opt/airflow/dags/weather_pipeline.py for tasks to queue
[2026-09-18T08:17:14.195+0000] {logging_mixin.py:188} INFO - [2026-09-18T08:17:14.194+0000] {dagbag.py:545} INFO - Filling up the DagBag from /opt/airflow/dags/weather_pipeline.py
[2026-09-18T08:17:14.713+0000] {processor.py:840} INFO - DAG(s) 'weather_pipeline' retrieved from /opt/airflow/dags/weather_pipeline.py
[2026-09-18T08:17:14.759+0000] {logging_mixin.py:188} INFO - [2026-09-18T08:17:14.759+0000] {dag.py:3096} INFO - Sync 1 DAGs
[2026-09-18T08:17:14.792+0000] {logging_mixin.py:188} INFO - [2026-09-18T08:17:14.792+0000] {dag.py:3954} INFO - Setting next_dagrun for weather_pipeline to 2026-09-18 00:00:00+00:00, run_after=2026-09-19 00:00:00+00:00
[2026-09-18T08:17:14.819+0000] {processor.py:183} INFO - Processing /opt/airflow/dags/weather_pipeline.py took 0.651 seconds
[2026-09-18T08:17:45.091+0000] {processor.py:161} INFO - Started process (PID=621) to work on /opt/airflow/dags/weather_pipeline.py
[2026-09-18T08:17:45.094+0000] {processor.py:830} INFO - Processing file /opt/airflow/dags/weather_pipeline.py for tasks to queue
[2026-09-18T08:17:45.099+0000] {logging_mixin.py:188} INFO - [2026-09-18T08:17:45.097+0000] {dagbag.py:545} INFO - Filling up the DagBag from /opt/airflow/dags/weather_pipeline.py
[2026-09-18T08:17:45.614+0000] {processor.py:840} INFO - DAG(s) 'weather_pipeline' retrieved from /opt/airflow/dags/weather_pipeline.py
[2026-09-18T08:17:45.657+0000] {logging_mixin.py:188} INFO - [2026-09-18T08:17:45.656+0000] {dag.py:3096} INFO - Sync 1 DAGs
[2026-09-18T08:17:45.692+0000] {logging_mixin.py:188} INFO - [2026-09-18T08:17:45.691+0000] {dag.py:3954} INFO - Setting next_dagrun for weather_pipeline to 2026-09-18 00:00:00+00:00, run_after=2026-09-19 00:00:00+00:00
[2026-09-18T08:17:45.720+0000] {processor.py:183} INFO - Processing /opt/airflow/dags/weather_pipeline.py took 0.649 seconds
[2026-09-18T08:18:15.835+0000] {processor.py:161} INFO - Started process (PID=623) to work on /opt/airflow/dags/weather_pipeline.py
[2026-09-18T08:18:15.838+0000] {processor.py:830} INFO - Processing file /opt/airflow/dags/weather_pipeline.py for tasks to queue
[2026-09-18T08:18:15.845+0000] {logging_mixin.py:188} INFO - [2026-09-18T08:18:15.844+0000] {dagbag.py:545} INFO - Filling up the DagBag from /opt/airflow/dags/weather_pipeline.py
[2026-09-18T08:18:16.440+0000] {processor.py:840} INFO - DAG(s) 'weather_pipeline' retrieved from /opt/airflow/dags/weather_pipeline.py
[2026-09-18T08:18:16.491+0000] {logging_mixin.py:188} INFO - [2026-09-18T08:18:16.490+0000] {dag.py:3096} INFO - Sync 1 DAGs
[2026-09-18T08:18:16.525+0000] {logging_mixin.py:188} INFO - [2026-09-18T08:18:16.525+0000] {dag.py:3954} INFO - Setting next_dagrun for weather_pipeline to 2026-09-18 00:00:00+00:00, run_after=2026-09-19 00:00:00+00:00
[2026-09-18T08:18:16.554+0000] {processor.py:183} INFO - Processing /opt/airflow/dags/weather_pipeline.py took 0.741 seconds
[2026-09-18T08:18:46.840+0000] {processor.py:161} INFO - Started process (PID=625) to work on /opt/airflow/dags/weather_pipeline.py
[2026-09-18T08:18:46.843+0000] {processor.py:830} INFO - Processing file /opt/airflow/dags/weather_pipeline.py for tasks to queue
[2026-09-18T08:18:46.848+0000] {logging_mixin.py:188} INFO - [2026-09-18T08:18:46.847+0000] {dagbag.py:545} INFO - Filling up the DagBag from /opt/airflow/dags/weather_pipeline.py
[2026-09-18T08:18:47.369+0000] {processor.py:840} INFO - DAG(s) 'weather_pipeline' retrieved from /opt/airflow/dags/weather_pipeline.py
[2026-09-18T08:18:47.415+0000] {logging_mixin.py:188} INFO - [2026-09-18T08:18:47.414+0000] {dag.py:3096} INFO - Sync 1 DAGs
[2026-09-18T08:18:47.451+0000] {logging_mixin.py:188} INFO - [2026-09-18T08:18:47.451+0000] {dag.py:3954} INFO - Setting next_dagrun for weather_pipeline to 2026-09-18 00:00:00+00:00, run_after=2026-09-19 00:00:00+00:00
[2026-09-18T08:18:47.481+0000] {processor.py:183} INFO - Processing /opt/airflow/dags/weather_pipeline.py took 0.662 seconds
[2026-09-18T08:19:17.733+0000] {processor.py:161} INFO - Started process (PID=627) to work on /opt/airflow/dags/weather_pipeline.py
[2026-09-18T08:19:17.735+0000] {processor.py:830} INFO - Processing file /opt/airflow/dags/weather_pipeline.py for tasks to queue
[2026-09-18T08:19:17.738+0000] {logging_mixin.py:188} INFO - [2026-09-18T08:19:17.738+0000] {dagbag.py:545} INFO - Filling up the DagBag from /opt/airflow/dags/weather_pipeline.py
[2026-09-18T08:19:18.518+0000] {processor.py:840} INFO - DAG(s) 'weather_pipeline' retrieved from /opt/airflow/dags/weather_pipeline.py
[2026-09-18T08:19:18.572+0000] {logging_mixin.py:188} INFO - [2026-09-18T08:19:18.572+0000] {dag.py:3096} INFO - Sync 1 DAGs
[2026-09-18T08:19:18.612+0000] {logging_mixin.py:188} INFO - [2026-09-18T08:19:18.612+0000] {dag.py:3954} INFO - Setting next_dagrun for weather_pipeline to 2026-09-18 00:00:00+00:00, run_after=2026-09-19 00:00:00+00:00
[2026-09-18T08:19:18.649+0000] {processor.py:183} INFO - Processing /opt/airflow/dags/weather_pipeline.py took 0.936 seconds
[2026-09-18T08:19:48.966+0000] {processor.py:161} INFO - Started process (PID=629) to work on /opt/airflow/dags/weather_pipeline.py
[2026-09-18T08:19:48.967+0000] {processor.py:830} INFO - Processing file /opt/airflow/dags/weather_pipeline.py for tasks to queue
[2026-09-18T08:19:48.970+0000] {logging_mixin.py:188} INFO - [2026-09-18T08:19:48.969+0000] {dagbag.py:545} INFO - Filling up the DagBag from /opt/airflow/dags/weather_pipeline.py
[2026-09-18T08:19:49.458+0000] {processor.py:840} INFO - DAG(s) 'weather_pipeline' retrieved from /opt/airflow/dags/weather_pipeline.py
[2026-09-18T08:19:49.504+0000] {logging_mixin.py:188} INFO - [2026-09-18T08:19:49.503+0000] {dag.py:3096} INFO - Sync 1 DAGs
[2026-09-18T08:19:49.539+0000] {logging_mixin.py:188} INFO - [2026-09-18T08:19:49.539+0000] {dag.py:3954} INFO - Setting next_dagrun for weather_pipeline to 2026-09-18 00:00:00+00:00, run_after=2026-09-19 00:00:00+00:00
[2026-09-18T08:19:49.569+0000] {processor.py:183} INFO - Processing /opt/airflow/dags/weather_pipeline.py took 0.614 seconds
[2026-09-18T08:20:19.856+0000] {processor.py:161} INFO - Started process (PID=631) to work on /opt/airflow/dags/weather_pipeline.py
[2026-09-18T08:20:19.860+0000] {processor.py:830} INFO - Processing file /opt/airflow/dags/weather_pipeline.py for tasks to queue
[2026-09-18T08:20:19.864+0000] {logging_mixin.py:188} INFO - [2026-09-18T08:20:19.863+0000] {dagbag.py:545} INFO - Filling up the DagBag from /opt/airflow/dags/weather_pipeline.py
[2026-09-18T08:20:20.365+0000] {processor.py:840} INFO - DAG(s) 'weather_pipeline' retrieved from /opt/airflow/dags/weather_pipeline.py
[2026-09-18T08:20:20.412+0000] {logging_mixin.py:188} INFO - [2026-09-18T08:20:20.411+0000] {dag.py:3096} INFO - Sync 1 DAGs
[2026-09-18T08:20:20.447+0000] {logging_mixin.py:188} INFO - [2026-09-18T08:20:20.446+0000] {dag.py:3954} INFO - Setting next_dagrun for weather_pipeline to 2026-09-18 00:00:00+00:00, run_after=2026-09-19 00:00:00+00:00
[2026-09-18T08:20:20.475+0000] {processor.py:183} INFO - Processing /opt/airflow/dags/weather_pipeline.py took 0.641 seconds
[2026-09-18T08:20:50.703+0000] {processor.py:161} INFO - Started process (PID=633) to work on /opt/airflow/dags/weather_pipeline.py
[2026-09-18T08:20:50.704+0000] {processor.py:830} INFO - Processing file /opt/airflow/dags/weather_pipeline.py for tasks to queue
[2026-09-18T08:20:50.706+0000] {logging_mixin.py:188} INFO - [2026-09-18T08:20:50.706+0000] {dagbag.py:545} INFO - Filling up the DagBag from /opt/airflow/dags/weather_pipeline.py
[2026-09-18T08:20:51.212+0000] {processor.py:840} INFO - DAG(s) 'weather_pipeline' retrieved from /opt/airflow/dags/weather_pipeline.py
[2026-09-18T08:20:51.258+0000] {logging_mixin.py:188} INFO - [2026-09-18T08:20:51.258+0000] {dag.py:3096} INFO - Sync 1 DAGs
[2026-09-18T08:20:51.291+0000] {logging_mixin.py:188} INFO - [2026-09-18T08:20:51.290+0000] {dag.py:3954} INFO - Setting next_dagrun for weather_pipeline to 2026-09-18 00:00:00+00:00, run_after=2026-09-19 00:00:00+00:00
[2026-09-18T08:20:51.319+0000] {processor.py:183} INFO - Processing /opt/airflow/dags/weather_pipeline.py took 0.625 seconds
[2026-09-18T08:21:21.570+0000] {processor.py:161} INFO - Started process (PID=635) to work on /opt/airflow/dags/weather_pipeline.py
[2026-09-18T08:21:21.573+0000] {processor.py:830} INFO - Processing file /opt/airflow/dags/weather_pipeline.py for tasks to queue
[2026-09-18T08:21:21.583+0000] {logging_mixin.py:188} INFO - [2026-09-18T08:21:21.581+0000] {dagbag.py:545} INFO - Filling up the DagBag from /opt/airflow/dags/weather_pipeline.py
[2026-09-18T08:21:22.429+0000] {processor.py:840} INFO - DAG(s) 'weather_pipeline' retrieved from /opt/airflow/dags/weather_pipeline.py
[2026-09-18T08:21:22.492+0000] {logging_mixin.py:188} INFO - [2026-09-18T08:21:22.492+0000] {dag.py:3096} INFO - Sync 1 DAGs
[2026-09-18T08:21:22.530+0000] {logging_mixin.py:188} INFO - [2026-09-18T08:21:22.530+0000] {dag.py:3954} INFO - Setting next_dagrun for weather_pipeline to 2026-09-18 00:00:00+00:00, run_after=2026-09-19 00:00:00+00:00
[2026-09-18T08:21:22.567+0000] {processor.py:183} INFO - Processing /opt/airflow/dags/weather_pipeline.py took 1.030 seconds
[2026-09-18T08:21:52.783+0000] {processor.py:161} INFO - Started process (PID=637) to work on /opt/airflow/dags/weather_pipeline.py
[2026-09-18T08:21:52.787+0000] {processor.py:830} INFO - Processing file /opt/airflow/dags/weather_pipeline.py for tasks to queue
[2026-09-18T08:21:52.793+0000] {logging_mixin.py:188} INFO - [2026-09-18T08:21:52.792+0000] {dagbag.py:545} INFO - Filling up the DagBag from /opt/airflow/dags/weather_pipeline.py
[2026-09-18T08:21:53.438+0000] {processor.py:840} INFO - DAG(s) 'weather_pipeline' retrieved from /opt/airflow/dags/weather_pipeline.py
[2026-09-18T08:21:53.484+0000] {logging_mixin.py:188} INFO - [2026-09-18T08:21:53.483+0000] {dag.py:3096} INFO - Sync 1 DAGs
[2026-09-18T08:21:53.518+0000] {logging_mixin.py:188} INFO - [2026-09-18T08:21:53.518+0000] {dag.py:3954} INFO - Setting next_dagrun for weather_pipeline to 2026-09-18 00:00:00+00:00, run_after=2026-09-19 00:00:00+00:00
[2026-09-18T08:21:53.549+0000] {processor.py:183} INFO - Processing /opt/airflow/dags/weather_pipeline.py took 0.797 seconds
[2026-09-18T08:22:23.831+0000] {processor.py:161} INFO - Started process (PID=639) to work on /opt/airflow/dags/weather_pipeline.py
[2026-09-18T08:22:23.835+0000] {processor.py:830} INFO - Processing file /opt/airflow/dags/weather_pipeline.py for tasks to queue
[2026-09-18T08:22:23.840+0000] {logging_mixin.py:188} INFO - [2026-09-18T08:22:23.839+0000] {dagbag.py:545} INFO - Filling up the DagBag from /opt/airflow/dags/weather_pipeline.py
[2026-09-18T08:22:24.370+0000] {processor.py:840} INFO - DAG(s) 'weather_pipeline' retrieved from /opt/airflow/dags/weather_pipeline.py
[2026-09-18T08:22:24.417+0000] {logging_mixin.py:188} INFO - [2026-09-18T08:22:24.416+0000] {dag.py:3096} INFO - Sync 1 DAGs
[2026-09-18T08:22:24.451+0000] {logging_mixin.py:188} INFO - [2026-09-18T08:22:24.450+0000] {dag.py:3954} INFO - Setting next_dagrun for weather_pipeline to 2026-09-18 00:00:00+00:00, run_after=2026-09-19 00:00:00+00:00
[2026-09-18T08:22:24.479+0000] {processor.py:183} INFO - Processing /opt/airflow/dags/weather_pipeline.py took 0.669 seconds
[2026-09-18T08:22:54.759+0000] {processor.py:161} INFO - Started process (PID=641) to work on /opt/airflow/dags/weather_pipeline.py
[2026-09-18T08:22:54.762+0000] {processor.py:830} INFO - Processing file /opt/airflow/dags/weather_pipeline.py for tasks to queue
[2026-09-18T08:22:54.767+0000] {logging_mixin.py:188} INFO - [2026-09-18T08:22:54.766+0000] {dagbag.py:545} INFO - Filling up the DagBag from /opt/airflow/dags/weather_pipeline.py
[2026-09-18T08:22:55.262+0000] {processor.py:840} INFO - DAG(s) 'weather_pipeline' retrieved from /opt/airflow/dags/weather_pipeline.py
[2026-09-18T08:22:55.305+0000] {logging_mixin.py:188} INFO - [2026-09-18T08:22:55.304+0000] {dag.py:3096} INFO - Sync 1 DAGs
[2026-09-18T08:22:55.340+0000] {logging_mixin.py:188} INFO - [2026-09-18T08:22:55.340+0000] {dag.py:3954} INFO - Setting next_dagrun for weather_pipeline to 2026-09-18 00:00:00+00:00, run_after=2026-09-19 00:00:00+00:00
[2026-09-18T08:22:55.369+0000] {processor.py:183} INFO - Processing /opt/airflow/dags/weather_pipeline.py took 0.632 seconds
[2026-09-18T08:23:25.479+0000] {processor.py:161} INFO - Started process (PID=643) to work on /opt/airflow/dags/weather_pipeline.py
[2026-09-18T08:23:25.480+0000] {processor.py:830} INFO - Processing file /opt/airflow/dags/weather_pipeline.py for tasks to queue
[2026-09-18T08:23:25.483+0000] {logging_mixin.py:188} INFO - [2026-09-18T08:23:25.483+0000] {dagbag.py:545} INFO - Filling up the DagBag from /opt/airflow/dags/weather_pipeline.py
[2026-09-18T08:23:25.996+0000] {processor.py:840} INFO - DAG(s) 'weather_pipeline' retrieved from /opt/airflow/dags/weather_pipeline.py
[2026-09-18T08:23:26.045+0000] {logging_mixin.py:188} INFO - [2026-09-18T08:23:26.044+0000] {dag.py:3096} INFO - Sync 1 DAGs
[2026-09-18T08:23:26.081+0000] {logging_mixin.py:188} INFO - [2026-09-18T08:23:26.080+0000] {dag.py:3954} INFO - Setting next_dagrun for weather_pipeline to 2026-09-18 00:00:00+00:00, run_after=2026-09-19 00:00:00+00:00
[2026-09-18T08:23:26.111+0000] {processor.py:183} INFO - Processing /opt/airflow/dags/weather_pipeline.py took 0.647 seconds
[2026-09-18T08:23:56.405+0000] {processor.py:161} INFO - Started process (PID=645) to work on /opt/airflow/dags/weather_pipeline.py
[2026-09-18T08:23:56.409+0000] {processor.py:830} INFO - Processing file /opt/airflow/dags/weather_pipeline.py for tasks to queue
[2026-09-18T08:23:56.415+0000] {logging_mixin.py:188} INFO - [2026-09-18T08:23:56.414+0000] {dagbag.py:545} INFO - Filling up the DagBag from /opt/airflow/dags/weather_pipeline.py
[2026-09-18T08:23:57.083+0000] {processor.py:840} INFO - DAG(s) 'weather_pipeline' retrieved from /opt/airflow/dags/weather_pipeline.py
[2026-09-18T08:23:57.133+0000] {logging_mixin.py:188} INFO - [2026-09-18T08:23:57.132+0000] {dag.py:3096} INFO - Sync 1 DAGs
[2026-09-18T08:23:57.174+0000] {logging_mixin.py:188} INFO - [2026-09-18T08:23:57.173+0000] {dag.py:3954} INFO - Setting next_dagrun for weather_pipeline to 2026-09-18 00:00:00+00:00, run_after=2026-09-19 00:00:00+00:00
[2026-09-18T08:23:57.209+0000] {processor.py:183} INFO - Processing /opt/airflow/dags/weather_pipeline.py took 0.831 seconds
[2026-09-18T08:24:27.490+0000] {processor.py:161} INFO - Started process (PID=647) to work on /opt/airflow/dags/weather_pipeline.py
[2026-09-18T08:24:27.494+0000] {processor.py:830} INFO - Processing file /opt/airflow/dags/weather_pipeline.py for tasks to queue
[2026-09-18T08:24:27.499+0000] {logging_mixin.py:188} INFO - [2026-09-18T08:24:27.498+0000] {dagbag.py:545} INFO - Filling up the DagBag from /opt/airflow/dags/weather_pipeline.py
[2026-09-18T08:24:28.008+0000] {processor.py:840} INFO - DAG(s) 'weather_pipeline' retrieved from /opt/airflow/dags/weather_pipeline.py
[2026-09-18T08:24:28.054+0000] {logging_mixin.py:188} INFO - [2026-09-18T08:24:28.054+0000] {dag.py:3096} INFO - Sync 1 DAGs
[2026-09-18T08:24:28.087+0000] {logging_mixin.py:188} INFO - [2026-09-18T08:24:28.087+0000] {dag.py:3954} INFO - Setting next_dagrun for weather_pipeline to 2026-09-18 00:00:00+00:00, run_after=2026-09-19 00:00:00+00:00
[2026-09-18T08:24:28.115+0000] {processor.py:183} INFO - Processing /opt/airflow/dags/weather_pipeline.py took 0.645 seconds
[2026-09-18T08:24:58.316+0000] {processor.py:161} INFO - Started process (PID=649) to work on /opt/airflow/dags/weather_pipeline.py
[2026-09-18T08:24:58.318+0000] {processor.py:830} INFO - Processing file /opt/airflow/dags/weather_pipeline.py for tasks to queue
[2026-09-18T08:24:58.323+0000] {logging_mixin.py:188} INFO - [2026-09-18T08:24:58.322+0000] {dagbag.py:545} INFO - Filling up the DagBag from /opt/airflow/dags/weather_pipeline.py
[2026-09-18T08:24:58.833+0000] {processor.py:840} INFO - DAG(s) 'weather_pipeline' retrieved from /opt/airflow/dags/weather_pipeline.py
[2026-09-18T08:24:58.875+0000] {logging_mixin.py:188} INFO - [2026-09-18T08:24:58.875+0000] {dag.py:3096} INFO - Sync 1 DAGs
[2026-09-18T08:24:58.907+0000] {logging_mixin.py:188} INFO - [2026-09-18T08:24:58.906+0000] {dag.py:3954} INFO - Setting next_dagrun for weather_pipeline to 2026-09-18 00:00:00+00:00, run_after=2026-09-19 00:00:00+00:00
[2026-09-18T08:24:58.937+0000] {processor.py:183} INFO - Processing /opt/airflow/dags/weather_pipeline.py took 0.642 seconds
[2026-09-18T08:25:29.209+0000] {processor.py:161} INFO - Started process (PID=651) to work on /opt/airflow/dags/weather_pipeline.py
[2026-09-18T08:25:29.213+0000] {processor.py:830} INFO - Processing file /opt/airflow/dags/weather_pipeline.py for tasks to queue
[2026-09-18T08:25:29.219+0000] {logging_mixin.py:188} INFO - [2026-09-18T08:25:29.217+0000] {dagbag.py:545} INFO - Filling up the DagBag from /opt/airflow/dags/weather_pipeline.py
[2026-09-18T08:25:29.731+0000] {processor.py:840} INFO - DAG(s) 'weather_pipeline' retrieved from /opt/airflow/dags/weather_pipeline.py
[2026-09-18T08:25:29.776+0000] {logging_mixin.py:188} INFO - [2026-09-18T08:25:29.775+0000] {dag.py:3096} INFO - Sync 1 DAGs
[2026-09-18T08:25:29.811+0000] {logging_mixin.py:188} INFO - [2026-09-18T08:25:29.811+0000] {dag.py:3954} INFO - Setting next_dagrun for weather_pipeline to 2026-09-18 00:00:00+00:00, run_after=2026-09-19 00:00:00+00:00
[2026-09-18T08:25:29.840+0000] {processor.py:183} INFO - Processing /opt/airflow/dags/weather_pipeline.py took 0.650 seconds
[2026-09-18T08:26:00.106+0000] {processor.py:161} INFO - Started process (PID=653) to work on /opt/airflow/dags/weather_pipeline.py
[2026-09-18T08:26:00.110+0000] {processor.py:830} INFO - Processing file /opt/airflow/dags/weather_pipeline.py for tasks to queue
[2026-09-18T08:26:00.115+0000] {logging_mixin.py:188} INFO - [2026-09-18T08:26:00.114+0000] {dagbag.py:545} INFO - Filling up the DagBag from /opt/airflow/dags/weather_pipeline.py
[2026-09-18T08:26:00.620+0000] {processor.py:840} INFO - DAG(s) 'weather_pipeline' retrieved from /opt/airflow/dags/weather_pipeline.py
[2026-09-18T08:26:00.665+0000] {logging_mixin.py:188} INFO - [2026-09-18T08:26:00.664+0000] {dag.py:3096} INFO - Sync 1 DAGs
[2026-09-18T08:26:00.713+0000] {logging_mixin.py:188} INFO - [2026-09-18T08:26:00.712+0000] {dag.py:3954} INFO - Setting next_dagrun for weather_pipeline to 2026-09-18 00:00:00+00:00, run_after=2026-09-19 00:00:00+00:00
[2026-09-18T08:26:00.742+0000] {processor.py:183} INFO - Processing /opt/airflow/dags/weather_pipeline.py took 0.656 seconds
[2026-09-18T08:26:31.016+0000] {processor.py:161} INFO - Started process (PID=655) to work on /opt/airflow/dags/weather_pipeline.py
[2026-09-18T08:26:31.020+0000] {processor.py:830} INFO - Processing file /opt/airflow/dags/weather_pipeline.py for tasks to queue
[2026-09-18T08:26:31.025+0000] {logging_mixin.py:188} INFO - [2026-09-18T08:26:31.024+0000] {dagbag.py:545} INFO - Filling up the DagBag from /opt/airflow/dags/weather_pipeline.py
[2026-09-18T08:26:31.523+0000] {processor.py:840} INFO - DAG(s) 'weather_pipeline' retrieved from /opt/airflow/dags/weather_pipeline.py
[2026-09-18T08:26:31.566+0000] {logging_mixin.py:188} INFO - [2026-09-18T08:26:31.566+0000] {dag.py:3096} INFO - Sync 1 DAGs
[2026-09-18T08:26:31.608+0000] {logging_mixin.py:188} INFO - [2026-09-18T08:26:31.607+0000] {dag.py:3954} INFO - Setting next_dagrun for weather_pipeline to 2026-09-18 00:00:00+00:00, run_after=2026-09-19 00:00:00+00:00
[2026-09-18T08:26:31.646+0000] {processor.py:183} INFO - Processing /opt/airflow/dags/weather_pipeline.py took 0.658 seconds
[2026-09-18T08:27:01.931+0000] {processor.py:161} INFO - Started process (PID=657) to work on /opt/airflow/dags/weather_pipeline.py
[2026-09-18T08:27:01.934+0000] {processor.py:830} INFO - Processing file /opt/airflow/dags/weather_pipeline.py for tasks to queue
[2026-09-18T08:27:01.938+0000] {logging_mixin.py:188} INFO - [2026-09-18T08:27:01.938+0000] {dagbag.py:545} INFO - Filling up the DagBag from /opt/airflow/dags/weather_pipeline.py
[2026-09-18T08:27:02.443+0000] {processor.py:840} INFO - DAG(s) 'weather_pipeline' retrieved from /opt/airflow/dags/weather_pipeline.py
[2026-09-18T08:27:02.490+0000] {logging_mixin.py:188} INFO - [2026-09-18T08:27:02.489+0000] {dag.py:3096} INFO - Sync 1 DAGs
[2026-09-18T08:27:02.523+0000] {logging_mixin.py:188} INFO - [2026-09-18T08:27:02.522+0000] {dag.py:3954} INFO - Setting next_dagrun for weather_pipeline to 2026-09-18 00:00:00+00:00, run_after=2026-09-19 00:00:00+00:00
[2026-09-18T08:27:02.550+0000] {processor.py:183} INFO - Processing /opt/airflow/dags/weather_pipeline.py took 0.639 seconds
[2026-09-18T08:27:32.767+0000] {processor.py:161} INFO - Started process (PID=659) to work on /opt/airflow/dags/weather_pipeline.py
[2026-09-18T08:27:32.769+0000] {processor.py:830} INFO - Processing file /opt/airflow/dags/weather_pipeline.py for tasks to queue
[2026-09-18T08:27:32.774+0000] {logging_mixin.py:188} INFO - [2026-09-18T08:27:32.773+0000] {dagbag.py:545} INFO - Filling up the DagBag from /opt/airflow/dags/weather_pipeline.py
[2026-09-18T08:27:33.277+0000] {processor.py:840} INFO - DAG(s) 'weather_pipeline' retrieved from /opt/airflow/dags/weather_pipeline.py
[2026-09-18T08:27:33.321+0000] {logging_mixin.py:188} INFO - [2026-09-18T08:27:33.320+0000] {dag.py:3096} INFO - Sync 1 DAGs
[2026-09-18T08:27:33.353+0000] {logging_mixin.py:188} INFO - [2026-09-18T08:27:33.353+0000] {dag.py:3954} INFO - Setting next_dagrun for weather_pipeline to 2026-09-18 00:00:00+00:00, run_after=2026-09-19 00:00:00+00:00
[2026-09-18T08:27:33.381+0000] {processor.py:183} INFO - Processing /opt/airflow/dags/weather_pipeline.py took 0.634 seconds
[2026-09-18T08:28:03.651+0000] {processor.py:161} INFO - Started process (PID=661) to work on /opt/airflow/dags/weather_pipeline.py
[2026-09-18T08:28:03.655+0000] {processor.py:830} INFO - Processing file /opt/airflow/dags/weather_pipeline.py for tasks to queue
[2026-09-18T08:28:03.662+0000] {logging_mixin.py:188} INFO - [2026-09-18T08:28:03.661+0000] {dagbag.py:545} INFO - Filling up the DagBag from /opt/airflow/dags/weather_pipeline.py
[2026-09-18T08:28:04.157+0000] {processor.py:840} INFO - DAG(s) 'weather_pipeline' retrieved from /opt/airflow/dags/weather_pipeline.py
[2026-09-18T08:28:04.202+0000] {logging_mixin.py:188} INFO - [2026-09-18T08:28:04.201+0000] {dag.py:3096} INFO - Sync 1 DAGs
[2026-09-18T08:28:04.245+0000] {logging_mixin.py:188} INFO - [2026-09-18T08:28:04.244+0000] {dag.py:3954} INFO - Setting next_dagrun for weather_pipeline to 2026-09-18 00:00:00+00:00, run_after=2026-09-19 00:00:00+00:00
[2026-09-18T08:28:04.310+0000] {processor.py:183} INFO - Processing /opt/airflow/dags/weather_pipeline.py took 0.684 seconds
[2026-09-18T08:28:34.600+0000] {processor.py:161} INFO - Started process (PID=663) to work on /opt/airflow/dags/weather_pipeline.py
[2026-09-18T08:28:34.603+0000] {processor.py:830} INFO - Processing file /opt/airflow/dags/weather_pipeline.py for tasks to queue
[2026-09-18T08:28:34.609+0000] {logging_mixin.py:188} INFO - [2026-09-18T08:28:34.608+0000] {dagbag.py:545} INFO - Filling up the DagBag from /opt/airflow/dags/weather_pipeline.py
[2026-09-18T08:28:35.128+0000] {processor.py:840} INFO - DAG(s) 'weather_pipeline' retrieved from /opt/airflow/dags/weather_pipeline.py
[2026-09-18T08:28:35.170+0000] {logging_mixin.py:188} INFO - [2026-09-18T08:28:35.170+0000] {dag.py:3096} INFO - Sync 1 DAGs
[2026-09-18T08:28:35.208+0000] {logging_mixin.py:188} INFO - [2026-09-18T08:28:35.207+0000] {dag.py:3954} INFO - Setting next_dagrun for weather_pipeline to 2026-09-18 00:00:00+00:00, run_after=2026-09-19 00:00:00+00:00
[2026-09-18T08:28:35.240+0000] {processor.py:183} INFO - Processing /opt/airflow/dags/weather_pipeline.py took 0.661 seconds
[2026-09-18T08:29:05.484+0000] {processor.py:161} INFO - Started process (PID=665) to work on /opt/airflow/dags/weather_pipeline.py
[2026-09-18T08:29:05.487+0000] {processor.py:830} INFO - Processing file /opt/airflow/dags/weather_pipeline.py for tasks to queue
[2026-09-18T08:29:05.492+0000] {logging_mixin.py:188} INFO - [2026-09-18T08:29:05.491+0000] {dagbag.py:545} INFO - Filling up the DagBag from /opt/airflow/dags/weather_pipeline.py
[2026-09-18T08:29:06.013+0000] {processor.py:840} INFO - DAG(s) 'weather_pipeline' retrieved from /opt/airflow/dags/weather_pipeline.py
[2026-09-18T08:29:06.058+0000] {logging_mixin.py:188} INFO - [2026-09-18T08:29:06.057+0000] {dag.py:3096} INFO - Sync 1 DAGs
[2026-09-18T08:29:06.091+0000] {logging_mixin.py:188} INFO - [2026-09-18T08:29:06.091+0000] {dag.py:3954} INFO - Setting next_dagrun for weather_pipeline to 2026-09-18 00:00:00+00:00, run_after=2026-09-19 00:00:00+00:00
[2026-09-18T08:29:06.119+0000] {processor.py:183} INFO - Processing /opt/airflow/dags/weather_pipeline.py took 0.655 seconds
[2026-09-18T08:29:36.364+0000] {processor.py:161} INFO - Started process (PID=667) to work on /opt/airflow/dags/weather_pipeline.py
[2026-09-18T08:29:36.367+0000] {processor.py:830} INFO - Processing file /opt/airflow/dags/weather_pipeline.py for tasks to queue
[2026-09-18T08:29:36.370+0000] {logging_mixin.py:188} INFO - [2026-09-18T08:29:36.369+0000] {dagbag.py:545} INFO - Filling up the DagBag from /opt/airflow/dags/weather_pipeline.py
[2026-09-18T08:29:36.890+0000] {processor.py:840} INFO - DAG(s) 'weather_pipeline' retrieved from /opt/airflow/dags/weather_pipeline.py
[2026-09-18T08:29:36.934+0000] {logging_mixin.py:188} INFO - [2026-09-18T08:29:36.934+0000] {dag.py:3096} INFO - Sync 1 DAGs
[2026-09-18T08:29:36.967+0000] {logging_mixin.py:188} INFO - [2026-09-18T08:29:36.966+0000] {dag.py:3954} INFO - Setting next_dagrun for weather_pipeline to 2026-09-18 00:00:00+00:00, run_after=2026-09-19 00:00:00+00:00
[2026-09-18T08:29:36.995+0000] {processor.py:183} INFO - Processing /opt/airflow/dags/weather_pipeline.py took 0.639 seconds
[2026-09-18T08:30:07.260+0000] {processor.py:161} INFO - Started process (PID=669) to work on /opt/airflow/dags/weather_pipeline.py
[2026-09-18T08:30:07.264+0000] {processor.py:830} INFO - Processing file /opt/airflow/dags/weather_pipeline.py for tasks to queue
[2026-09-18T08:30:07.269+0000] {logging_mixin.py:188} INFO - [2026-09-18T08:30:07.268+0000] {dagbag.py:545} INFO - Filling up the DagBag from /opt/airflow/dags/weather_pipeline.py
[2026-09-18T08:30:07.773+0000] {processor.py:840} INFO - DAG(s) 'weather_pipeline' retrieved from /opt/airflow/dags/weather_pipeline.py
[2026-09-18T08:30:07.816+0000] {logging_mixin.py:188} INFO - [2026-09-18T08:30:07.816+0000] {dag.py:3096} INFO - Sync 1 DAGs
[2026-09-18T08:30:07.847+0000] {logging_mixin.py:188} INFO - [2026-09-18T08:30:07.847+0000] {dag.py:3954} INFO - Setting next_dagrun for weather_pipeline to 2026-09-18 00:00:00+00:00, run_after=2026-09-19 00:00:00+00:00
[2026-09-18T08:30:07.876+0000] {processor.py:183} INFO - Processing /opt/airflow/dags/weather_pipeline.py took 0.638 seconds
[2026-09-18T08:30:38.152+0000] {processor.py:161} INFO - Started process (PID=671) to work on /opt/airflow/dags/weather_pipeline.py
[2026-09-18T08:30:38.155+0000] {processor.py:830} INFO - Processing file /opt/airflow/dags/weather_pipeline.py for tasks to queue
[2026-09-18T08:30:38.160+0000] {logging_mixin.py:188} INFO - [2026-09-18T08:30:38.159+0000] {dagbag.py:545} INFO - Filling up the DagBag from /opt/airflow/dags/weather_pipeline.py
[2026-09-18T08:30:38.672+0000] {processor.py:840} INFO - DAG(s) 'weather_pipeline' retrieved from /opt/airflow/dags/weather_pipeline.py
[2026-09-18T08:30:38.715+0000] {logging_mixin.py:188} INFO - [2026-09-18T08:30:38.715+0000] {dag.py:3096} INFO - Sync 1 DAGs
[2026-09-18T08:30:38.753+0000] {logging_mixin.py:188} INFO - [2026-09-18T08:30:38.752+0000] {dag.py:3954} INFO - Setting next_dagrun for weather_pipeline to 2026-09-18 00:00:00+00:00, run_after=2026-09-19 00:00:00+00:00
[2026-09-18T08:30:38.785+0000] {processor.py:183} INFO - Processing /opt/airflow/dags/weather_pipeline.py took 0.653 seconds
[2026-09-18T08:31:09.063+0000] {processor.py:161} INFO - Started process (PID=673) to work on /opt/airflow/dags/weather_pipeline.py
[2026-09-18T08:31:09.067+0000] {processor.py:830} INFO - Processing file /opt/airflow/dags/weather_pipeline.py for tasks to queue
[2026-09-18T08:31:09.073+0000] {logging_mixin.py:188} INFO - [2026-09-18T08:31:09.073+0000] {dagbag.py:545} INFO - Filling up the DagBag from /opt/airflow/dags/weather_pipeline.py
[2026-09-18T08:31:09.577+0000] {processor.py:840} INFO - DAG(s) 'weather_pipeline' retrieved from /opt/airflow/dags/weather_pipeline.py
[2026-09-18T08:31:09.620+0000] {logging_mixin.py:188} INFO - [2026-09-18T08:31:09.620+0000] {dag.py:3096} INFO - Sync 1 DAGs
[2026-09-18T08:31:09.657+0000] {logging_mixin.py:188} INFO - [2026-09-18T08:31:09.657+0000] {dag.py:3954} INFO - Setting next_dagrun for weather_pipeline to 2026-09-18 00:00:00+00:00, run_after=2026-09-19 00:00:00+00:00
[2026-09-18T08:31:09.685+0000] {processor.py:183} INFO - Processing /opt/airflow/dags/weather_pipeline.py took 0.642 seconds
[2026-09-18T08:31:39.911+0000] {processor.py:161} INFO - Started process (PID=675) to work on /opt/airflow/dags/weather_pipeline.py
[2026-09-18T08:31:39.915+0000] {processor.py:830} INFO - Processing file /opt/airflow/dags/weather_pipeline.py for tasks to queue
[2026-09-18T08:31:39.921+0000] {logging_mixin.py:188} INFO - [2026-09-18T08:31:39.920+0000] {dagbag.py:545} INFO - Filling up the DagBag from /opt/airflow/dags/weather_pipeline.py
[2026-09-18T08:31:40.442+0000] {processor.py:840} INFO - DAG(s) 'weather_pipeline' retrieved from /opt/airflow/dags/weather_pipeline.py
[2026-09-18T08:31:40.486+0000] {logging_mixin.py:188} INFO - [2026-09-18T08:31:40.485+0000] {dag.py:3096} INFO - Sync 1 DAGs
[2026-09-18T08:31:40.521+0000] {logging_mixin.py:188} INFO - [2026-09-18T08:31:40.520+0000] {dag.py:3954} INFO - Setting next_dagrun for weather_pipeline to 2026-09-18 00:00:00+00:00, run_after=2026-09-19 00:00:00+00:00
[2026-09-18T08:31:40.548+0000] {processor.py:183} INFO - Processing /opt/airflow/dags/weather_pipeline.py took 0.657 seconds
[2026-09-18T08:32:10.819+0000] {processor.py:161} INFO - Started process (PID=677) to work on /opt/airflow/dags/weather_pipeline.py
[2026-09-18T08:32:10.822+0000] {processor.py:830} INFO - Processing file /opt/airflow/dags/weather_pipeline.py for tasks to queue
[2026-09-18T08:32:10.827+0000] {logging_mixin.py:188} INFO - [2026-09-18T08:32:10.826+0000] {dagbag.py:545} INFO - Filling up the DagBag from /opt/airflow/dags/weather_pipeline.py
[2026-09-18T08:32:11.335+0000] {processor.py:840} INFO - DAG(s) 'weather_pipeline' retrieved from /opt/airflow/dags/weather_pipeline.py
[2026-09-18T08:32:11.378+0000] {logging_mixin.py:188} INFO - [2026-09-18T08:32:11.377+0000] {dag.py:3096} INFO - Sync 1 DAGs
[2026-09-18T08:32:11.411+0000] {logging_mixin.py:188} INFO - [2026-09-18T08:32:11.410+0000] {dag.py:3954} INFO - Setting next_dagrun for weather_pipeline to 2026-09-18 00:00:00+00:00, run_after=2026-09-19 00:00:00+00:00
[2026-09-18T08:32:11.438+0000] {processor.py:183} INFO - Processing /opt/airflow/dags/weather_pipeline.py took 0.641 seconds
[2026-09-18T08:32:41.705+0000] {processor.py:161} INFO - Started process (PID=679) to work on /opt/airflow/dags/weather_pipeline.py
[2026-09-18T08:32:41.709+0000] {processor.py:830} INFO - Processing file /opt/airflow/dags/weather_pipeline.py for tasks to queue
[2026-09-18T08:32:41.714+0000] {logging_mixin.py:188} INFO - [2026-09-18T08:32:41.713+0000] {dagbag.py:545} INFO - Filling up the DagBag from /opt/airflow/dags/weather_pipeline.py
[2026-09-18T08:32:42.216+0000] {processor.py:840} INFO - DAG(s) 'weather_pipeline' retrieved from /opt/airflow/dags/weather_pipeline.py
[2026-09-18T08:32:42.259+0000] {logging_mixin.py:188} INFO - [2026-09-18T08:32:42.259+0000] {dag.py:3096} INFO - Sync 1 DAGs
[2026-09-18T08:32:42.291+0000] {logging_mixin.py:188} INFO - [2026-09-18T08:32:42.290+0000] {dag.py:3954} INFO - Setting next_dagrun for weather_pipeline to 2026-09-18 00:00:00+00:00, run_after=2026-09-19 00:00:00+00:00
[2026-09-18T08:32:42.318+0000] {processor.py:183} INFO - Processing /opt/airflow/dags/weather_pipeline.py took 0.633 seconds
[2026-09-18T08:33:12.588+0000] {processor.py:161} INFO - Started process (PID=682) to work on /opt/airflow/dags/weather_pipeline.py
[2026-09-18T08:33:12.589+0000] {processor.py:830} INFO - Processing file /opt/airflow/dags/weather_pipeline.py for tasks to queue
[2026-09-18T08:33:12.594+0000] {logging_mixin.py:188} INFO - [2026-09-18T08:33:12.593+0000] {dagbag.py:545} INFO - Filling up the DagBag from /opt/airflow/dags/weather_pipeline.py
[2026-09-18T08:33:13.102+0000] {processor.py:840} INFO - DAG(s) 'weather_pipeline' retrieved from /opt/airflow/dags/weather_pipeline.py
[2026-09-18T08:33:13.146+0000] {logging_mixin.py:188} INFO - [2026-09-18T08:33:13.145+0000] {dag.py:3096} INFO - Sync 1 DAGs
[2026-09-18T08:33:13.184+0000] {logging_mixin.py:188} INFO - [2026-09-18T08:33:13.184+0000] {dag.py:3954} INFO - Setting next_dagrun for weather_pipeline to 2026-09-18 00:00:00+00:00, run_after=2026-09-19 00:00:00+00:00
[2026-09-18T08:33:13.216+0000] {processor.py:183} INFO - Processing /opt/airflow/dags/weather_pipeline.py took 0.647 seconds
[2026-09-18T08:33:43.498+0000] {processor.py:161} INFO - Started process (PID=684) to work on /opt/airflow/dags/weather_pipeline.py
[2026-09-18T08:33:43.500+0000] {processor.py:830} INFO - Processing file /opt/airflow/dags/weather_pipeline.py for tasks to queue
[2026-09-18T08:33:43.505+0000] {logging_mixin.py:188} INFO - [2026-09-18T08:33:43.504+0000] {dagbag.py:545} INFO - Filling up the DagBag from /opt/airflow/dags/weather_pipeline.py
[2026-09-18T08:33:44.021+0000] {processor.py:840} INFO - DAG(s) 'weather_pipeline' retrieved from /opt/airflow/dags/weather_pipeline.py
[2026-09-18T08:33:44.064+0000] {logging_mixin.py:188} INFO - [2026-09-18T08:33:44.063+0000] {dag.py:3096} INFO - Sync 1 DAGs
[2026-09-18T08:33:44.095+0000] {logging_mixin.py:188} INFO - [2026-09-18T08:33:44.095+0000] {dag.py:3954} INFO - Setting next_dagrun for weather_pipeline to 2026-09-18 00:00:00+00:00, run_after=2026-09-19 00:00:00+00:00
[2026-09-18T08:33:44.124+0000] {processor.py:183} INFO - Processing /opt/airflow/dags/weather_pipeline.py took 0.646 seconds
[2026-09-18T08:34:14.389+0000] {processor.py:161} INFO - Started process (PID=686) to work on /opt/airflow/dags/weather_pipeline.py
[2026-09-18T08:34:14.392+0000] {processor.py:830} INFO - Processing file /opt/airflow/dags/weather_pipeline.py for tasks to queue
[2026-09-18T08:34:14.396+0000] {logging_mixin.py:188} INFO - [2026-09-18T08:34:14.396+0000] {dagbag.py:545} INFO - Filling up the DagBag from /opt/airflow/dags/weather_pipeline.py
[2026-09-18T08:34:14.892+0000] {processor.py:840} INFO - DAG(s) 'weather_pipeline' retrieved from /opt/airflow/dags/weather_pipeline.py
[2026-09-18T08:34:14.934+0000] {logging_mixin.py:188} INFO - [2026-09-18T08:34:14.933+0000] {dag.py:3096} INFO - Sync 1 DAGs
[2026-09-18T08:34:14.967+0000] {logging_mixin.py:188} INFO - [2026-09-18T08:34:14.966+0000] {dag.py:3954} INFO - Setting next_dagrun for weather_pipeline to 2026-09-18 00:00:00+00:00, run_after=2026-09-19 00:00:00+00:00
[2026-09-18T08:34:14.994+0000] {processor.py:183} INFO - Processing /opt/airflow/dags/weather_pipeline.py took 0.625 seconds
[2026-09-18T08:34:45.299+0000] {processor.py:161} INFO - Started process (PID=688) to work on /opt/airflow/dags/weather_pipeline.py
[2026-09-18T08:34:45.301+0000] {processor.py:830} INFO - Processing file /opt/airflow/dags/weather_pipeline.py for tasks to queue
[2026-09-18T08:34:45.308+0000] {logging_mixin.py:188} INFO - [2026-09-18T08:34:45.307+0000] {dagbag.py:545} INFO - Filling up the DagBag from /opt/airflow/dags/weather_pipeline.py
[2026-09-18T08:34:45.825+0000] {processor.py:840} INFO - DAG(s) 'weather_pipeline' retrieved from /opt/airflow/dags/weather_pipeline.py
[2026-09-18T08:34:45.867+0000] {logging_mixin.py:188} INFO - [2026-09-18T08:34:45.866+0000] {dag.py:3096} INFO - Sync 1 DAGs
[2026-09-18T08:34:45.901+0000] {logging_mixin.py:188} INFO - [2026-09-18T08:34:45.900+0000] {dag.py:3954} INFO - Setting next_dagrun for weather_pipeline to 2026-09-18 00:00:00+00:00, run_after=2026-09-19 00:00:00+00:00
[2026-09-18T08:34:45.927+0000] {processor.py:183} INFO - Processing /opt/airflow/dags/weather_pipeline.py took 0.649 seconds
[2026-09-18T08:35:16.209+0000] {processor.py:161} INFO - Started process (PID=690) to work on /opt/airflow/dags/weather_pipeline.py
[2026-09-18T08:35:16.211+0000] {processor.py:830} INFO - Processing file /opt/airflow/dags/weather_pipeline.py for tasks to queue
[2026-09-18T08:35:16.216+0000] {logging_mixin.py:188} INFO - [2026-09-18T08:35:16.215+0000] {dagbag.py:545} INFO - Filling up the DagBag from /opt/airflow/dags/weather_pipeline.py
[2026-09-18T08:35:16.723+0000] {processor.py:840} INFO - DAG(s) 'weather_pipeline' retrieved from /opt/airflow/dags/weather_pipeline.py
[2026-09-18T08:35:16.767+0000] {logging_mixin.py:188} INFO - [2026-09-18T08:35:16.767+0000] {dag.py:3096} INFO - Sync 1 DAGs
[2026-09-18T08:35:16.799+0000] {logging_mixin.py:188} INFO - [2026-09-18T08:35:16.799+0000] {dag.py:3954} INFO - Setting next_dagrun for weather_pipeline to 2026-09-18 00:00:00+00:00, run_after=2026-09-19 00:00:00+00:00
[2026-09-18T08:35:16.830+0000] {processor.py:183} INFO - Processing /opt/airflow/dags/weather_pipeline.py took 0.644 seconds
[2026-09-18T08:35:47.063+0000] {processor.py:161} INFO - Started process (PID=692) to work on /opt/airflow/dags/weather_pipeline.py
[2026-09-18T08:35:47.065+0000] {processor.py:830} INFO - Processing file /opt/airflow/dags/weather_pipeline.py for tasks to queue
[2026-09-18T08:35:47.070+0000] {logging_mixin.py:188} INFO - [2026-09-18T08:35:47.069+0000] {dagbag.py:545} INFO - Filling up the DagBag from /opt/airflow/dags/weather_pipeline.py
[2026-09-18T08:35:47.567+0000] {processor.py:840} INFO - DAG(s) 'weather_pipeline' retrieved from /opt/airflow/dags/weather_pipeline.py
[2026-09-18T08:35:47.611+0000] {logging_mixin.py:188} INFO - [2026-09-18T08:35:47.610+0000] {dag.py:3096} INFO - Sync 1 DAGs
[2026-09-18T08:35:47.649+0000] {logging_mixin.py:188} INFO - [2026-09-18T08:35:47.649+0000] {dag.py:3954} INFO - Setting next_dagrun for weather_pipeline to 2026-09-18 00:00:00+00:00, run_after=2026-09-19 00:00:00+00:00
[2026-09-18T08:35:47.683+0000] {processor.py:183} INFO - Processing /opt/airflow/dags/weather_pipeline.py took 0.639 seconds
[2026-09-18T08:36:17.953+0000] {processor.py:161} INFO - Started process (PID=694) to work on /opt/airflow/dags/weather_pipeline.py
[2026-09-18T08:36:17.956+0000] {processor.py:830} INFO - Processing file /opt/airflow/dags/weather_pipeline.py for tasks to queue
[2026-09-18T08:36:17.961+0000] {logging_mixin.py:188} INFO - [2026-09-18T08:36:17.960+0000] {dagbag.py:545} INFO - Filling up the DagBag from /opt/airflow/dags/weather_pipeline.py
[2026-09-18T08:36:18.468+0000] {processor.py:840} INFO - DAG(s) 'weather_pipeline' retrieved from /opt/airflow/dags/weather_pipeline.py
[2026-09-18T08:36:18.509+0000] {logging_mixin.py:188} INFO - [2026-09-18T08:36:18.509+0000] {dag.py:3096} INFO - Sync 1 DAGs
[2026-09-18T08:36:18.544+0000] {logging_mixin.py:188} INFO - [2026-09-18T08:36:18.544+0000] {dag.py:3954} INFO - Setting next_dagrun for weather_pipeline to 2026-09-18 00:00:00+00:00, run_after=2026-09-19 00:00:00+00:00
[2026-09-18T08:36:18.571+0000] {processor.py:183} INFO - Processing /opt/airflow/dags/weather_pipeline.py took 0.637 seconds
[2026-09-18T08:36:48.835+0000] {processor.py:161} INFO - Started process (PID=696) to work on /opt/airflow/dags/weather_pipeline.py
[2026-09-18T08:36:48.838+0000] {processor.py:830} INFO - Processing file /opt/airflow/dags/weather_pipeline.py for tasks to queue
[2026-09-18T08:36:48.843+0000] {logging_mixin.py:188} INFO - [2026-09-18T08:36:48.842+0000] {dagbag.py:545} INFO - Filling up the DagBag from /opt/airflow/dags/weather_pipeline.py
[2026-09-18T08:36:49.346+0000] {processor.py:840} INFO - DAG(s) 'weather_pipeline' retrieved from /opt/airflow/dags/weather_pipeline.py
[2026-09-18T08:36:49.389+0000] {logging_mixin.py:188} INFO - [2026-09-18T08:36:49.389+0000] {dag.py:3096} INFO - Sync 1 DAGs
[2026-09-18T08:36:49.421+0000] {logging_mixin.py:188} INFO - [2026-09-18T08:36:49.420+0000] {dag.py:3954} INFO - Setting next_dagrun for weather_pipeline to 2026-09-18 00:00:00+00:00, run_after=2026-09-19 00:00:00+00:00
[2026-09-18T08:36:49.451+0000] {processor.py:183} INFO - Processing /opt/airflow/dags/weather_pipeline.py took 0.635 seconds
[2026-09-18T08:37:19.727+0000] {processor.py:161} INFO - Started process (PID=698) to work on /opt/airflow/dags/weather_pipeline.py
[2026-09-18T08:37:19.730+0000] {processor.py:830} INFO - Processing file /opt/airflow/dags/weather_pipeline.py for tasks to queue
[2026-09-18T08:37:19.735+0000] {logging_mixin.py:188} INFO - [2026-09-18T08:37:19.734+0000] {dagbag.py:545} INFO - Filling up the DagBag from /opt/airflow/dags/weather_pipeline.py
[2026-09-18T08:37:20.223+0000] {processor.py:840} INFO - DAG(s) 'weather_pipeline' retrieved from /opt/airflow/dags/weather_pipeline.py
[2026-09-18T08:37:20.266+0000] {logging_mixin.py:188} INFO - [2026-09-18T08:37:20.266+0000] {dag.py:3096} INFO - Sync 1 DAGs
[2026-09-18T08:37:20.300+0000] {logging_mixin.py:188} INFO - [2026-09-18T08:37:20.299+0000] {dag.py:3954} INFO - Setting next_dagrun for weather_pipeline to 2026-09-18 00:00:00+00:00, run_after=2026-09-19 00:00:00+00:00
[2026-09-18T08:37:20.327+0000] {processor.py:183} INFO - Processing /opt/airflow/dags/weather_pipeline.py took 0.620 seconds
[2026-09-18T08:37:50.602+0000] {processor.py:161} INFO - Started process (PID=700) to work on /opt/airflow/dags/weather_pipeline.py
[2026-09-18T08:37:50.604+0000] {processor.py:830} INFO - Processing file /opt/airflow/dags/weather_pipeline.py for tasks to queue
[2026-09-18T08:37:50.609+0000] {logging_mixin.py:188} INFO - [2026-09-18T08:37:50.608+0000] {dagbag.py:545} INFO - Filling up the DagBag from /opt/airflow/dags/weather_pipeline.py
[2026-09-18T08:37:51.118+0000] {processor.py:840} INFO - DAG(s) 'weather_pipeline' retrieved from /opt/airflow/dags/weather_pipeline.py
[2026-09-18T08:37:51.159+0000] {logging_mixin.py:188} INFO - [2026-09-18T08:37:51.159+0000] {dag.py:3096} INFO - Sync 1 DAGs
[2026-09-18T08:37:51.191+0000] {logging_mixin.py:188} INFO - [2026-09-18T08:37:51.191+0000] {dag.py:3954} INFO - Setting next_dagrun for weather_pipeline to 2026-09-18 00:00:00+00:00, run_after=2026-09-19 00:00:00+00:00
[2026-09-18T08:37:51.217+0000] {processor.py:183} INFO - Processing /opt/airflow/dags/weather_pipeline.py took 0.635 seconds
[2026-09-18T08:38:21.482+0000] {processor.py:161} INFO - Started process (PID=702) to work on /opt/airflow/dags/weather_pipeline.py
[2026-09-18T08:38:21.486+0000] {processor.py:830} INFO - Processing file /opt/airflow/dags/weather_pipeline.py for tasks to queue
[2026-09-18T08:38:21.492+0000] {logging_mixin.py:188} INFO - [2026-09-18T08:38:21.490+0000] {dagbag.py:545} INFO - Filling up the DagBag from /opt/airflow/dags/weather_pipeline.py
[2026-09-18T08:38:21.993+0000] {processor.py:840} INFO - DAG(s) 'weather_pipeline' retrieved from /opt/airflow/dags/weather_pipeline.py
[2026-09-18T08:38:22.040+0000] {logging_mixin.py:188} INFO - [2026-09-18T08:38:22.039+0000] {dag.py:3096} INFO - Sync 1 DAGs
[2026-09-18T08:38:22.072+0000] {logging_mixin.py:188} INFO - [2026-09-18T08:38:22.072+0000] {dag.py:3954} INFO - Setting next_dagrun for weather_pipeline to 2026-09-18 00:00:00+00:00, run_after=2026-09-19 00:00:00+00:00
[2026-09-18T08:38:22.101+0000] {processor.py:183} INFO - Processing /opt/airflow/dags/weather_pipeline.py took 0.639 seconds
[2026-09-18T08:38:52.367+0000] {processor.py:161} INFO - Started process (PID=704) to work on /opt/airflow/dags/weather_pipeline.py
[2026-09-18T08:38:52.370+0000] {processor.py:830} INFO - Processing file /opt/airflow/dags/weather_pipeline.py for tasks to queue
[2026-09-18T08:38:52.376+0000] {logging_mixin.py:188} INFO - [2026-09-18T08:38:52.375+0000] {dagbag.py:545} INFO - Filling up the DagBag from /opt/airflow/dags/weather_pipeline.py
[2026-09-18T08:38:52.869+0000] {processor.py:840} INFO - DAG(s) 'weather_pipeline' retrieved from /opt/airflow/dags/weather_pipeline.py
[2026-09-18T08:38:52.914+0000] {logging_mixin.py:188} INFO - [2026-09-18T08:38:52.913+0000] {dag.py:3096} INFO - Sync 1 DAGs
[2026-09-18T08:38:52.945+0000] {logging_mixin.py:188} INFO - [2026-09-18T08:38:52.945+0000] {dag.py:3954} INFO - Setting next_dagrun for weather_pipeline to 2026-09-18 00:00:00+00:00, run_after=2026-09-19 00:00:00+00:00
[2026-09-18T08:38:52.974+0000] {processor.py:183} INFO - Processing /opt/airflow/dags/weather_pipeline.py took 0.628 seconds
[2026-09-18T08:39:23.248+0000] {processor.py:161} INFO - Started process (PID=706) to work on /opt/airflow/dags/weather_pipeline.py
[2026-09-18T08:39:23.252+0000] {processor.py:830} INFO - Processing file /opt/airflow/dags/weather_pipeline.py for tasks to queue
[2026-09-18T08:39:23.257+0000] {logging_mixin.py:188} INFO - [2026-09-18T08:39:23.256+0000] {dagbag.py:545} INFO - Filling up the DagBag from /opt/airflow/dags/weather_pipeline.py
[2026-09-18T08:39:23.771+0000] {processor.py:840} INFO - DAG(s) 'weather_pipeline' retrieved from /opt/airflow/dags/weather_pipeline.py
[2026-09-18T08:39:23.813+0000] {logging_mixin.py:188} INFO - [2026-09-18T08:39:23.812+0000] {dag.py:3096} INFO - Sync 1 DAGs
[2026-09-18T08:39:23.844+0000] {logging_mixin.py:188} INFO - [2026-09-18T08:39:23.844+0000] {dag.py:3954} INFO - Setting next_dagrun for weather_pipeline to 2026-09-18 00:00:00+00:00, run_after=2026-09-19 00:00:00+00:00
[2026-09-18T08:39:23.874+0000] {processor.py:183} INFO - Processing /opt/airflow/dags/weather_pipeline.py took 0.648 seconds
[2026-09-18T08:39:54.166+0000] {processor.py:161} INFO - Started process (PID=708) to work on /opt/airflow/dags/weather_pipeline.py
[2026-09-18T08:39:54.169+0000] {processor.py:830} INFO - Processing file /opt/airflow/dags/weather_pipeline.py for tasks to queue
[2026-09-18T08:39:54.174+0000] {logging_mixin.py:188} INFO - [2026-09-18T08:39:54.173+0000] {dagbag.py:545} INFO - Filling up the DagBag from /opt/airflow/dags/weather_pipeline.py
[2026-09-18T08:39:54.679+0000] {processor.py:840} INFO - DAG(s) 'weather_pipeline' retrieved from /opt/airflow/dags/weather_pipeline.py
[2026-09-18T08:39:54.721+0000] {logging_mixin.py:188} INFO - [2026-09-18T08:39:54.720+0000] {dag.py:3096} INFO - Sync 1 DAGs
[2026-09-18T08:39:54.754+0000] {logging_mixin.py:188} INFO - [2026-09-18T08:39:54.753+0000] {dag.py:3954} INFO - Setting next_dagrun for weather_pipeline to 2026-09-18 00:00:00+00:00, run_after=2026-09-19 00:00:00+00:00
[2026-09-18T08:39:54.781+0000] {processor.py:183} INFO - Processing /opt/airflow/dags/weather_pipeline.py took 0.638 seconds
[2026-09-18T08:40:25.039+0000] {processor.py:161} INFO - Started process (PID=710) to work on /opt/airflow/dags/weather_pipeline.py
[2026-09-18T08:40:25.042+0000] {processor.py:830} INFO - Processing file /opt/airflow/dags/weather_pipeline.py for tasks to queue
[2026-09-18T08:40:25.047+0000] {logging_mixin.py:188} INFO - [2026-09-18T08:40:25.046+0000] {dagbag.py:545} INFO - Filling up the DagBag from /opt/airflow/dags/weather_pipeline.py
[2026-09-18T08:40:25.548+0000] {processor.py:840} INFO - DAG(s) 'weather_pipeline' retrieved from /opt/airflow/dags/weather_pipeline.py
[2026-09-18T08:40:25.591+0000] {logging_mixin.py:188} INFO - [2026-09-18T08:40:25.590+0000] {dag.py:3096} INFO - Sync 1 DAGs
[2026-09-18T08:40:25.631+0000] {logging_mixin.py:188} INFO - [2026-09-18T08:40:25.631+0000] {dag.py:3954} INFO - Setting next_dagrun for weather_pipeline to 2026-09-18 00:00:00+00:00, run_after=2026-09-19 00:00:00+00:00
[2026-09-18T08:40:25.664+0000] {processor.py:183} INFO - Processing /opt/airflow/dags/weather_pipeline.py took 0.644 seconds
[2026-09-18T08:40:55.936+0000] {processor.py:161} INFO - Started process (PID=712) to work on /opt/airflow/dags/weather_pipeline.py
[2026-09-18T08:40:55.940+0000] {processor.py:830} INFO - Processing file /opt/airflow/dags/weather_pipeline.py for tasks to queue
[2026-09-18T08:40:55.945+0000] {logging_mixin.py:188} INFO - [2026-09-18T08:40:55.944+0000] {dagbag.py:545} INFO - Filling up the DagBag from /opt/airflow/dags/weather_pipeline.py
[2026-09-18T08:40:56.455+0000] {processor.py:840} INFO - DAG(s) 'weather_pipeline' retrieved from /opt/airflow/dags/weather_pipeline.py
[2026-09-18T08:40:56.499+0000] {logging_mixin.py:188} INFO - [2026-09-18T08:40:56.498+0000] {dag.py:3096} INFO - Sync 1 DAGs
[2026-09-18T08:40:56.537+0000] {logging_mixin.py:188} INFO - [2026-09-18T08:40:56.537+0000] {dag.py:3954} INFO - Setting next_dagrun for weather_pipeline to 2026-09-18 00:00:00+00:00, run_after=2026-09-19 00:00:00+00:00
[2026-09-18T08:40:56.569+0000] {processor.py:183} INFO - Processing /opt/airflow/dags/weather_pipeline.py took 0.653 seconds
[2026-09-18T08:41:26.854+0000] {processor.py:161} INFO - Started process (PID=714) to work on /opt/airflow/dags/weather_pipeline.py
[2026-09-18T08:41:26.857+0000] {processor.py:830} INFO - Processing file /opt/airflow/dags/weather_pipeline.py for tasks to queue
[2026-09-18T08:41:26.863+0000] {logging_mixin.py:188} INFO - [2026-09-18T08:41:26.862+0000] {dagbag.py:545} INFO - Filling up the DagBag from /opt/airflow/dags/weather_pipeline.py
[2026-09-18T08:41:27.370+0000] {processor.py:840} INFO - DAG(s) 'weather_pipeline' retrieved from /opt/airflow/dags/weather_pipeline.py
[2026-09-18T08:41:27.414+0000] {logging_mixin.py:188} INFO - [2026-09-18T08:41:27.414+0000] {dag.py:3096} INFO - Sync 1 DAGs
[2026-09-18T08:41:27.451+0000] {logging_mixin.py:188} INFO - [2026-09-18T08:41:27.450+0000] {dag.py:3954} INFO - Setting next_dagrun for weather_pipeline to 2026-09-18 00:00:00+00:00, run_after=2026-09-19 00:00:00+00:00
[2026-09-18T08:41:27.483+0000] {processor.py:183} INFO - Processing /opt/airflow/dags/weather_pipeline.py took 0.652 seconds
[2026-09-18T08:41:57.703+0000] {processor.py:161} INFO - Started process (PID=716) to work on /opt/airflow/dags/weather_pipeline.py
[2026-09-18T08:41:57.707+0000] {processor.py:830} INFO - Processing file /opt/airflow/dags/weather_pipeline.py for tasks to queue
[2026-09-18T08:41:57.713+0000] {logging_mixin.py:188} INFO - [2026-09-18T08:41:57.712+0000] {dagbag.py:545} INFO - Filling up the DagBag from /opt/airflow/dags/weather_pipeline.py
[2026-09-18T08:41:58.211+0000] {processor.py:840} INFO - DAG(s) 'weather_pipeline' retrieved from /opt/airflow/dags/weather_pipeline.py
[2026-09-18T08:41:58.253+0000] {logging_mixin.py:188} INFO - [2026-09-18T08:41:58.253+0000] {dag.py:3096} INFO - Sync 1 DAGs
[2026-09-18T08:41:58.285+0000] {logging_mixin.py:188} INFO - [2026-09-18T08:41:58.284+0000] {dag.py:3954} INFO - Setting next_dagrun for weather_pipeline to 2026-09-18 00:00:00+00:00, run_after=2026-09-19 00:00:00+00:00
[2026-09-18T08:41:58.313+0000] {processor.py:183} INFO - Processing /opt/airflow/dags/weather_pipeline.py took 0.631 seconds
[2026-09-18T08:42:28.588+0000] {processor.py:161} INFO - Started process (PID=718) to work on /opt/airflow/dags/weather_pipeline.py
[2026-09-18T08:42:28.590+0000] {processor.py:830} INFO - Processing file /opt/airflow/dags/weather_pipeline.py for tasks to queue
[2026-09-18T08:42:28.595+0000] {logging_mixin.py:188} INFO - [2026-09-18T08:42:28.594+0000] {dagbag.py:545} INFO - Filling up the DagBag from /opt/airflow/dags/weather_pipeline.py
[2026-09-18T08:42:29.123+0000] {processor.py:840} INFO - DAG(s) 'weather_pipeline' retrieved from /opt/airflow/dags/weather_pipeline.py
[2026-09-18T08:42:29.165+0000] {logging_mixin.py:188} INFO - [2026-09-18T08:42:29.164+0000] {dag.py:3096} INFO - Sync 1 DAGs
[2026-09-18T08:42:29.196+0000] {logging_mixin.py:188} INFO - [2026-09-18T08:42:29.196+0000] {dag.py:3954} INFO - Setting next_dagrun for weather_pipeline to 2026-09-18 00:00:00+00:00, run_after=2026-09-19 00:00:00+00:00
[2026-09-18T08:42:29.227+0000] {processor.py:183} INFO - Processing /opt/airflow/dags/weather_pipeline.py took 0.662 seconds
[2026-09-18T08:42:59.491+0000] {processor.py:161} INFO - Started process (PID=720) to work on /opt/airflow/dags/weather_pipeline.py
[2026-09-18T08:42:59.493+0000] {processor.py:830} INFO - Processing file /opt/airflow/dags/weather_pipeline.py for tasks to queue
[2026-09-18T08:42:59.498+0000] {logging_mixin.py:188} INFO - [2026-09-18T08:42:59.497+0000] {dagbag.py:545} INFO - Filling up the DagBag from /opt/airflow/dags/weather_pipeline.py
[2026-09-18T08:42:59.998+0000] {processor.py:840} INFO - DAG(s) 'weather_pipeline' retrieved from /opt/airflow/dags/weather_pipeline.py
[2026-09-18T08:43:00.066+0000] {logging_mixin.py:188} INFO - [2026-09-18T08:43:00.065+0000] {dag.py:3096} INFO - Sync 1 DAGs
[2026-09-18T08:43:00.136+0000] {logging_mixin.py:188} INFO - [2026-09-18T08:43:00.135+0000] {dag.py:3954} INFO - Setting next_dagrun for weather_pipeline to 2026-09-18 00:00:00+00:00, run_after=2026-09-19 00:00:00+00:00
[2026-09-18T08:43:00.192+0000] {processor.py:183} INFO - Processing /opt/airflow/dags/weather_pipeline.py took 0.723 seconds
[2026-09-18T08:43:30.418+0000] {processor.py:161} INFO - Started process (PID=722) to work on /opt/airflow/dags/weather_pipeline.py
[2026-09-18T08:43:30.422+0000] {processor.py:830} INFO - Processing file /opt/airflow/dags/weather_pipeline.py for tasks to queue
[2026-09-18T08:43:30.427+0000] {logging_mixin.py:188} INFO - [2026-09-18T08:43:30.426+0000] {dagbag.py:545} INFO - Filling up the DagBag from /opt/airflow/dags/weather_pipeline.py
[2026-09-18T08:43:30.941+0000] {processor.py:840} INFO - DAG(s) 'weather_pipeline' retrieved from /opt/airflow/dags/weather_pipeline.py
[2026-09-18T08:43:30.983+0000] {logging_mixin.py:188} INFO - [2026-09-18T08:43:30.983+0000] {dag.py:3096} INFO - Sync 1 DAGs
[2026-09-18T08:43:31.021+0000] {logging_mixin.py:188} INFO - [2026-09-18T08:43:31.021+0000] {dag.py:3954} INFO - Setting next_dagrun for weather_pipeline to 2026-09-18 00:00:00+00:00, run_after=2026-09-19 00:00:00+00:00
[2026-09-18T08:43:31.050+0000] {processor.py:183} INFO - Processing /opt/airflow/dags/weather_pipeline.py took 0.654 seconds
[2026-09-18T08:44:01.326+0000] {processor.py:161} INFO - Started process (PID=724) to work on /opt/airflow/dags/weather_pipeline.py
[2026-09-18T08:44:01.330+0000] {processor.py:830} INFO - Processing file /opt/airflow/dags/weather_pipeline.py for tasks to queue
[2026-09-18T08:44:01.335+0000] {logging_mixin.py:188} INFO - [2026-09-18T08:44:01.334+0000] {dagbag.py:545} INFO - Filling up the DagBag from /opt/airflow/dags/weather_pipeline.py
[2026-09-18T08:44:01.842+0000] {processor.py:840} INFO - DAG(s) 'weather_pipeline' retrieved from /opt/airflow/dags/weather_pipeline.py
[2026-09-18T08:44:01.885+0000] {logging_mixin.py:188} INFO - [2026-09-18T08:44:01.885+0000] {dag.py:3096} INFO - Sync 1 DAGs
[2026-09-18T08:44:01.917+0000] {logging_mixin.py:188} INFO - [2026-09-18T08:44:01.916+0000] {dag.py:3954} INFO - Setting next_dagrun for weather_pipeline to 2026-09-18 00:00:00+00:00, run_after=2026-09-19 00:00:00+00:00
[2026-09-18T08:44:01.948+0000] {processor.py:183} INFO - Processing /opt/airflow/dags/weather_pipeline.py took 0.642 seconds
[2026-09-18T08:44:32.219+0000] {processor.py:161} INFO - Started process (PID=726) to work on /opt/airflow/dags/weather_pipeline.py
[2026-09-18T08:44:32.222+0000] {processor.py:830} INFO - Processing file /opt/airflow/dags/weather_pipeline.py for tasks to queue
[2026-09-18T08:44:32.227+0000] {logging_mixin.py:188} INFO - [2026-09-18T08:44:32.226+0000] {dagbag.py:545} INFO - Filling up the DagBag from /opt/airflow/dags/weather_pipeline.py
[2026-09-18T08:44:32.737+0000] {processor.py:840} INFO - DAG(s) 'weather_pipeline' retrieved from /opt/airflow/dags/weather_pipeline.py
[2026-09-18T08:44:32.782+0000] {logging_mixin.py:188} INFO - [2026-09-18T08:44:32.781+0000] {dag.py:3096} INFO - Sync 1 DAGs
[2026-09-18T08:44:32.816+0000] {logging_mixin.py:188} INFO - [2026-09-18T08:44:32.815+0000] {dag.py:3954} INFO - Setting next_dagrun for weather_pipeline to 2026-09-18 00:00:00+00:00, run_after=2026-09-19 00:00:00+00:00
[2026-09-18T08:44:32.845+0000] {processor.py:183} INFO - Processing /opt/airflow/dags/weather_pipeline.py took 0.646 seconds
[2026-09-18T08:45:03.154+0000] {processor.py:161} INFO - Started process (PID=728) to work on /opt/airflow/dags/weather_pipeline.py
[2026-09-18T08:45:03.157+0000] {processor.py:830} INFO - Processing file /opt/airflow/dags/weather_pipeline.py for tasks to queue
[2026-09-18T08:45:03.164+0000] {logging_mixin.py:188} INFO - [2026-09-18T08:45:03.163+0000] {dagbag.py:545} INFO - Filling up the DagBag from /opt/airflow/dags/weather_pipeline.py
[2026-09-18T08:45:03.669+0000] {processor.py:840} INFO - DAG(s) 'weather_pipeline' retrieved from /opt/airflow/dags/weather_pipeline.py
[2026-09-18T08:45:03.712+0000] {logging_mixin.py:188} INFO - [2026-09-18T08:45:03.712+0000] {dag.py:3096} INFO - Sync 1 DAGs
[2026-09-18T08:45:03.744+0000] {logging_mixin.py:188} INFO - [2026-09-18T08:45:03.743+0000] {dag.py:3954} INFO - Setting next_dagrun for weather_pipeline to 2026-09-18 00:00:00+00:00, run_after=2026-09-19 00:00:00+00:00
[2026-09-18T08:45:03.787+0000] {processor.py:183} INFO - Processing /opt/airflow/dags/weather_pipeline.py took 0.653 seconds
[2026-09-18T08:45:34.074+0000] {processor.py:161} INFO - Started process (PID=730) to work on /opt/airflow/dags/weather_pipeline.py
[2026-09-18T08:45:34.076+0000] {processor.py:830} INFO - Processing file /opt/airflow/dags/weather_pipeline.py for tasks to queue
[2026-09-18T08:45:34.081+0000] {logging_mixin.py:188} INFO - [2026-09-18T08:45:34.080+0000] {dagbag.py:545} INFO - Filling up the DagBag from /opt/airflow/dags/weather_pipeline.py
[2026-09-18T08:45:34.578+0000] {processor.py:840} INFO - DAG(s) 'weather_pipeline' retrieved from /opt/airflow/dags/weather_pipeline.py
[2026-09-18T08:45:34.620+0000] {logging_mixin.py:188} INFO - [2026-09-18T08:45:34.620+0000] {dag.py:3096} INFO - Sync 1 DAGs
[2026-09-18T08:45:34.655+0000] {logging_mixin.py:188} INFO - [2026-09-18T08:45:34.655+0000] {dag.py:3954} INFO - Setting next_dagrun for weather_pipeline to 2026-09-18 00:00:00+00:00, run_after=2026-09-19 00:00:00+00:00
[2026-09-18T08:45:34.686+0000] {processor.py:183} INFO - Processing /opt/airflow/dags/weather_pipeline.py took 0.633 seconds
[2026-09-18T08:46:04.885+0000] {processor.py:161} INFO - Started process (PID=732) to work on /opt/airflow/dags/weather_pipeline.py
[2026-09-18T08:46:04.889+0000] {processor.py:830} INFO - Processing file /opt/airflow/dags/weather_pipeline.py for tasks to queue
[2026-09-18T08:46:04.894+0000] {logging_mixin.py:188} INFO - [2026-09-18T08:46:04.893+0000] {dagbag.py:545} INFO - Filling up the DagBag from /opt/airflow/dags/weather_pipeline.py
[2026-09-18T08:46:05.408+0000] {processor.py:840} INFO - DAG(s) 'weather_pipeline' retrieved from /opt/airflow/dags/weather_pipeline.py
[2026-09-18T08:46:05.450+0000] {logging_mixin.py:188} INFO - [2026-09-18T08:46:05.449+0000] {dag.py:3096} INFO - Sync 1 DAGs
[2026-09-18T08:46:05.484+0000] {logging_mixin.py:188} INFO - [2026-09-18T08:46:05.484+0000] {dag.py:3954} INFO - Setting next_dagrun for weather_pipeline to 2026-09-18 00:00:00+00:00, run_after=2026-09-19 00:00:00+00:00
[2026-09-18T08:46:05.513+0000] {processor.py:183} INFO - Processing /opt/airflow/dags/weather_pipeline.py took 0.649 seconds
[2026-09-18T08:46:35.785+0000] {processor.py:161} INFO - Started process (PID=734) to work on /opt/airflow/dags/weather_pipeline.py
[2026-09-18T08:46:35.789+0000] {processor.py:830} INFO - Processing file /opt/airflow/dags/weather_pipeline.py for tasks to queue
[2026-09-18T08:46:35.794+0000] {logging_mixin.py:188} INFO - [2026-09-18T08:46:35.793+0000] {dagbag.py:545} INFO - Filling up the DagBag from /opt/airflow/dags/weather_pipeline.py
[2026-09-18T08:46:36.308+0000] {processor.py:840} INFO - DAG(s) 'weather_pipeline' retrieved from /opt/airflow/dags/weather_pipeline.py
[2026-09-18T08:46:36.350+0000] {logging_mixin.py:188} INFO - [2026-09-18T08:46:36.350+0000] {dag.py:3096} INFO - Sync 1 DAGs
[2026-09-18T08:46:36.383+0000] {logging_mixin.py:188} INFO - [2026-09-18T08:46:36.382+0000] {dag.py:3954} INFO - Setting next_dagrun for weather_pipeline to 2026-09-18 00:00:00+00:00, run_after=2026-09-19 00:00:00+00:00
[2026-09-18T08:46:36.410+0000] {processor.py:183} INFO - Processing /opt/airflow/dags/weather_pipeline.py took 0.646 seconds
[2026-09-18T08:47:06.671+0000] {processor.py:161} INFO - Started process (PID=736) to work on /opt/airflow/dags/weather_pipeline.py
[2026-09-18T08:47:06.675+0000] {processor.py:830} INFO - Processing file /opt/airflow/dags/weather_pipeline.py for tasks to queue
[2026-09-18T08:47:06.680+0000] {logging_mixin.py:188} INFO - [2026-09-18T08:47:06.679+0000] {dagbag.py:545} INFO - Filling up the DagBag from /opt/airflow/dags/weather_pipeline.py
[2026-09-18T08:47:07.188+0000] {processor.py:840} INFO - DAG(s) 'weather_pipeline' retrieved from /opt/airflow/dags/weather_pipeline.py
[2026-09-18T08:47:07.232+0000] {logging_mixin.py:188} INFO - [2026-09-18T08:47:07.231+0000] {dag.py:3096} INFO - Sync 1 DAGs
[2026-09-18T08:47:07.263+0000] {logging_mixin.py:188} INFO - [2026-09-18T08:47:07.263+0000] {dag.py:3954} INFO - Setting next_dagrun for weather_pipeline to 2026-09-18 00:00:00+00:00, run_after=2026-09-19 00:00:00+00:00
[2026-09-18T08:47:07.291+0000] {processor.py:183} INFO - Processing /opt/airflow/dags/weather_pipeline.py took 0.639 seconds
[2026-09-18T08:47:37.568+0000] {processor.py:161} INFO - Started process (PID=738) to work on /opt/airflow/dags/weather_pipeline.py
[2026-09-18T08:47:37.571+0000] {processor.py:830} INFO - Processing file /opt/airflow/dags/weather_pipeline.py for tasks to queue
[2026-09-18T08:47:37.576+0000] {logging_mixin.py:188} INFO - [2026-09-18T08:47:37.575+0000] {dagbag.py:545} INFO - Filling up the DagBag from /opt/airflow/dags/weather_pipeline.py
[2026-09-18T08:47:38.048+0000] {processor.py:840} INFO - DAG(s) 'weather_pipeline' retrieved from /opt/airflow/dags/weather_pipeline.py
[2026-09-18T08:47:38.091+0000] {logging_mixin.py:188} INFO - [2026-09-18T08:47:38.090+0000] {dag.py:3096} INFO - Sync 1 DAGs
[2026-09-18T08:47:38.122+0000] {logging_mixin.py:188} INFO - [2026-09-18T08:47:38.122+0000] {dag.py:3954} INFO - Setting next_dagrun for weather_pipeline to 2026-09-18 00:00:00+00:00, run_after=2026-09-19 00:00:00+00:00
[2026-09-18T08:47:38.150+0000] {processor.py:183} INFO - Processing /opt/airflow/dags/weather_pipeline.py took 0.604 seconds
[2026-09-18T08:48:08.415+0000] {processor.py:161} INFO - Started process (PID=740) to work on /opt/airflow/dags/weather_pipeline.py
[2026-09-18T08:48:08.419+0000] {processor.py:830} INFO - Processing file /opt/airflow/dags/weather_pipeline.py for tasks to queue
[2026-09-18T08:48:08.425+0000] {logging_mixin.py:188} INFO - [2026-09-18T08:48:08.424+0000] {dagbag.py:545} INFO - Filling up the DagBag from /opt/airflow/dags/weather_pipeline.py
[2026-09-18T08:48:08.930+0000] {processor.py:840} INFO - DAG(s) 'weather_pipeline' retrieved from /opt/airflow/dags/weather_pipeline.py
[2026-09-18T08:48:08.977+0000] {logging_mixin.py:188} INFO - [2026-09-18T08:48:08.976+0000] {dag.py:3096} INFO - Sync 1 DAGs
[2026-09-18T08:48:09.017+0000] {logging_mixin.py:188} INFO - [2026-09-18T08:48:09.017+0000] {dag.py:3954} INFO - Setting next_dagrun for weather_pipeline to 2026-09-18 00:00:00+00:00, run_after=2026-09-19 00:00:00+00:00
[2026-09-18T08:48:09.051+0000] {processor.py:183} INFO - Processing /opt/airflow/dags/weather_pipeline.py took 0.657 seconds
[2026-09-18T08:48:39.321+0000] {processor.py:161} INFO - Started process (PID=742) to work on /opt/airflow/dags/weather_pipeline.py
[2026-09-18T08:48:39.324+0000] {processor.py:830} INFO - Processing file /opt/airflow/dags/weather_pipeline.py for tasks to queue
[2026-09-18T08:48:39.329+0000] {logging_mixin.py:188} INFO - [2026-09-18T08:48:39.328+0000] {dagbag.py:545} INFO - Filling up the DagBag from /opt/airflow/dags/weather_pipeline.py
[2026-09-18T08:48:39.840+0000] {processor.py:840} INFO - DAG(s) 'weather_pipeline' retrieved from /opt/airflow/dags/weather_pipeline.py
[2026-09-18T08:48:39.883+0000] {logging_mixin.py:188} INFO - [2026-09-18T08:48:39.883+0000] {dag.py:3096} INFO - Sync 1 DAGs
[2026-09-18T08:48:39.916+0000] {logging_mixin.py:188} INFO - [2026-09-18T08:48:39.916+0000] {dag.py:3954} INFO - Setting next_dagrun for weather_pipeline to 2026-09-18 00:00:00+00:00, run_after=2026-09-19 00:00:00+00:00
[2026-09-18T08:48:39.944+0000] {processor.py:183} INFO - Processing /opt/airflow/dags/weather_pipeline.py took 0.643 seconds
[2026-09-18T08:49:10.216+0000] {processor.py:161} INFO - Started process (PID=744) to work on /opt/airflow/dags/weather_pipeline.py
[2026-09-18T08:49:10.219+0000] {processor.py:830} INFO - Processing file /opt/airflow/dags/weather_pipeline.py for tasks to queue
[2026-09-18T08:49:10.225+0000] {logging_mixin.py:188} INFO - [2026-09-18T08:49:10.223+0000] {dagbag.py:545} INFO - Filling up the DagBag from /opt/airflow/dags/weather_pipeline.py
[2026-09-18T08:49:10.731+0000] {processor.py:840} INFO - DAG(s) 'weather_pipeline' retrieved from /opt/airflow/dags/weather_pipeline.py
[2026-09-18T08:49:10.775+0000] {logging_mixin.py:188} INFO - [2026-09-18T08:49:10.775+0000] {dag.py:3096} INFO - Sync 1 DAGs
[2026-09-18T08:49:10.810+0000] {logging_mixin.py:188} INFO - [2026-09-18T08:49:10.810+0000] {dag.py:3954} INFO - Setting next_dagrun for weather_pipeline to 2026-09-18 00:00:00+00:00, run_after=2026-09-19 00:00:00+00:00
[2026-09-18T08:49:10.839+0000] {processor.py:183} INFO - Processing /opt/airflow/dags/weather_pipeline.py took 0.643 seconds
[2026-09-18T08:49:41.086+0000] {processor.py:161} INFO - Started process (PID=746) to work on /opt/airflow/dags/weather_pipeline.py
[2026-09-18T08:49:41.090+0000] {processor.py:830} INFO - Processing file /opt/airflow/dags/weather_pipeline.py for tasks to queue
[2026-09-18T08:49:41.096+0000] {logging_mixin.py:188} INFO - [2026-09-18T08:49:41.095+0000] {dagbag.py:545} INFO - Filling up the DagBag from /opt/airflow/dags/weather_pipeline.py
[2026-09-18T08:49:41.603+0000] {processor.py:840} INFO - DAG(s) 'weather_pipeline' retrieved from /opt/airflow/dags/weather_pipeline.py
[2026-09-18T08:49:41.648+0000] {logging_mixin.py:188} INFO - [2026-09-18T08:49:41.647+0000] {dag.py:3096} INFO - Sync 1 DAGs
[2026-09-18T08:49:41.679+0000] {logging_mixin.py:188} INFO - [2026-09-18T08:49:41.679+0000] {dag.py:3954} INFO - Setting next_dagrun for weather_pipeline to 2026-09-18 00:00:00+00:00, run_after=2026-09-19 00:00:00+00:00
[2026-09-18T08:49:41.707+0000] {processor.py:183} INFO - Processing /opt/airflow/dags/weather_pipeline.py took 0.639 seconds
[2026-09-18T08:50:11.984+0000] {processor.py:161} INFO - Started process (PID=748) to work on /opt/airflow/dags/weather_pipeline.py
[2026-09-18T08:50:11.989+0000] {processor.py:830} INFO - Processing file /opt/airflow/dags/weather_pipeline.py for tasks to queue
[2026-09-18T08:50:11.994+0000] {logging_mixin.py:188} INFO - [2026-09-18T08:50:11.993+0000] {dagbag.py:545} INFO - Filling up the DagBag from /opt/airflow/dags/weather_pipeline.py
[2026-09-18T08:50:12.503+0000] {processor.py:840} INFO - DAG(s) 'weather_pipeline' retrieved from /opt/airflow/dags/weather_pipeline.py
[2026-09-18T08:50:12.546+0000] {logging_mixin.py:188} INFO - [2026-09-18T08:50:12.546+0000] {dag.py:3096} INFO - Sync 1 DAGs
[2026-09-18T08:50:12.583+0000] {logging_mixin.py:188} INFO - [2026-09-18T08:50:12.582+0000] {dag.py:3954} INFO - Setting next_dagrun for weather_pipeline to 2026-09-18 00:00:00+00:00, run_after=2026-09-19 00:00:00+00:00
[2026-09-18T08:50:12.615+0000] {processor.py:183} INFO - Processing /opt/airflow/dags/weather_pipeline.py took 0.651 seconds
[2026-09-18T08:50:42.885+0000] {processor.py:161} INFO - Started process (PID=750) to work on /opt/airflow/dags/weather_pipeline.py
[2026-09-18T08:50:42.888+0000] {processor.py:830} INFO - Processing file /opt/airflow/dags/weather_pipeline.py for tasks to queue
[2026-09-18T08:50:42.893+0000] {logging_mixin.py:188} INFO - [2026-09-18T08:50:42.892+0000] {dagbag.py:545} INFO - Filling up the DagBag from /opt/airflow/dags/weather_pipeline.py
[2026-09-18T08:50:43.419+0000] {processor.py:840} INFO - DAG(s) 'weather_pipeline' retrieved from /opt/airflow/dags/weather_pipeline.py
[2026-09-18T08:50:43.462+0000] {logging_mixin.py:188} INFO - [2026-09-18T08:50:43.461+0000] {dag.py:3096} INFO - Sync 1 DAGs
[2026-09-18T08:50:43.493+0000] {logging_mixin.py:188} INFO - [2026-09-18T08:50:43.493+0000] {dag.py:3954} INFO - Setting next_dagrun for weather_pipeline to 2026-09-18 00:00:00+00:00, run_after=2026-09-19 00:00:00+00:00
[2026-09-18T08:50:43.521+0000] {processor.py:183} INFO - Processing /opt/airflow/dags/weather_pipeline.py took 0.656 seconds
[2026-09-18T08:51:13.793+0000] {processor.py:161} INFO - Started process (PID=752) to work on /opt/airflow/dags/weather_pipeline.py
[2026-09-18T08:51:13.797+0000] {processor.py:830} INFO - Processing file /opt/airflow/dags/weather_pipeline.py for tasks to queue
[2026-09-18T08:51:13.802+0000] {logging_mixin.py:188} INFO - [2026-09-18T08:51:13.801+0000] {dagbag.py:545} INFO - Filling up the DagBag from /opt/airflow/dags/weather_pipeline.py
[2026-09-18T08:51:14.309+0000] {processor.py:840} INFO - DAG(s) 'weather_pipeline' retrieved from /opt/airflow/dags/weather_pipeline.py
[2026-09-18T08:51:14.351+0000] {logging_mixin.py:188} INFO - [2026-09-18T08:51:14.350+0000] {dag.py:3096} INFO - Sync 1 DAGs
[2026-09-18T08:51:14.382+0000] {logging_mixin.py:188} INFO - [2026-09-18T08:51:14.382+0000] {dag.py:3954} INFO - Setting next_dagrun for weather_pipeline to 2026-09-18 00:00:00+00:00, run_after=2026-09-19 00:00:00+00:00
[2026-09-18T08:51:14.412+0000] {processor.py:183} INFO - Processing /opt/airflow/dags/weather_pipeline.py took 0.638 seconds
[2026-09-18T08:51:44.681+0000] {processor.py:161} INFO - Started process (PID=754) to work on /opt/airflow/dags/weather_pipeline.py
[2026-09-18T08:51:44.683+0000] {processor.py:830} INFO - Processing file /opt/airflow/dags/weather_pipeline.py for tasks to queue
[2026-09-18T08:51:44.688+0000] {logging_mixin.py:188} INFO - [2026-09-18T08:51:44.687+0000] {dagbag.py:545} INFO - Filling up the DagBag from /opt/airflow/dags/weather_pipeline.py
[2026-09-18T08:51:45.215+0000] {processor.py:840} INFO - DAG(s) 'weather_pipeline' retrieved from /opt/airflow/dags/weather_pipeline.py
[2026-09-18T08:51:45.258+0000] {logging_mixin.py:188} INFO - [2026-09-18T08:51:45.257+0000] {dag.py:3096} INFO - Sync 1 DAGs
[2026-09-18T08:51:45.291+0000] {logging_mixin.py:188} INFO - [2026-09-18T08:51:45.290+0000] {dag.py:3954} INFO - Setting next_dagrun for weather_pipeline to 2026-09-18 00:00:00+00:00, run_after=2026-09-19 00:00:00+00:00
[2026-09-18T08:51:45.321+0000] {processor.py:183} INFO - Processing /opt/airflow/dags/weather_pipeline.py took 0.660 seconds
[2026-09-18T08:52:15.590+0000] {processor.py:161} INFO - Started process (PID=756) to work on /opt/airflow/dags/weather_pipeline.py
[2026-09-18T08:52:15.593+0000] {processor.py:830} INFO - Processing file /opt/airflow/dags/weather_pipeline.py for tasks to queue
[2026-09-18T08:52:15.597+0000] {logging_mixin.py:188} INFO - [2026-09-18T08:52:15.596+0000] {dagbag.py:545} INFO - Filling up the DagBag from /opt/airflow/dags/weather_pipeline.py
[2026-09-18T08:52:16.114+0000] {processor.py:840} INFO - DAG(s) 'weather_pipeline' retrieved from /opt/airflow/dags/weather_pipeline.py
[2026-09-18T08:52:16.158+0000] {logging_mixin.py:188} INFO - [2026-09-18T08:52:16.158+0000] {dag.py:3096} INFO - Sync 1 DAGs
[2026-09-18T08:52:16.192+0000] {logging_mixin.py:188} INFO - [2026-09-18T08:52:16.192+0000] {dag.py:3954} INFO - Setting next_dagrun for weather_pipeline to 2026-09-18 00:00:00+00:00, run_after=2026-09-19 00:00:00+00:00
[2026-09-18T08:52:16.220+0000] {processor.py:183} INFO - Processing /opt/airflow/dags/weather_pipeline.py took 0.650 seconds
[2026-09-18T08:52:46.479+0000] {processor.py:161} INFO - Started process (PID=758) to work on /opt/airflow/dags/weather_pipeline.py
[2026-09-18T08:52:46.482+0000] {processor.py:830} INFO - Processing file /opt/airflow/dags/weather_pipeline.py for tasks to queue
[2026-09-18T08:52:46.488+0000] {logging_mixin.py:188} INFO - [2026-09-18T08:52:46.486+0000] {dagbag.py:545} INFO - Filling up the DagBag from /opt/airflow/dags/weather_pipeline.py
[2026-09-18T08:52:46.977+0000] {processor.py:840} INFO - DAG(s) 'weather_pipeline' retrieved from /opt/airflow/dags/weather_pipeline.py
[2026-09-18T08:52:47.024+0000] {logging_mixin.py:188} INFO - [2026-09-18T08:52:47.024+0000] {dag.py:3096} INFO - Sync 1 DAGs
[2026-09-18T08:52:47.057+0000] {logging_mixin.py:188} INFO - [2026-09-18T08:52:47.057+0000] {dag.py:3954} INFO - Setting next_dagrun for weather_pipeline to 2026-09-18 00:00:00+00:00, run_after=2026-09-19 00:00:00+00:00
[2026-09-18T08:52:47.103+0000] {processor.py:183} INFO - Processing /opt/airflow/dags/weather_pipeline.py took 0.643 seconds
[2026-09-18T08:53:17.399+0000] {processor.py:161} INFO - Started process (PID=760) to work on /opt/airflow/dags/weather_pipeline.py
[2026-09-18T08:53:17.403+0000] {processor.py:830} INFO - Processing file /opt/airflow/dags/weather_pipeline.py for tasks to queue
[2026-09-18T08:53:17.409+0000] {logging_mixin.py:188} INFO - [2026-09-18T08:53:17.408+0000] {dagbag.py:545} INFO - Filling up the DagBag from /opt/airflow/dags/weather_pipeline.py
[2026-09-18T08:53:17.910+0000] {processor.py:840} INFO - DAG(s) 'weather_pipeline' retrieved from /opt/airflow/dags/weather_pipeline.py
[2026-09-18T08:53:17.955+0000] {logging_mixin.py:188} INFO - [2026-09-18T08:53:17.954+0000] {dag.py:3096} INFO - Sync 1 DAGs
[2026-09-18T08:53:17.988+0000] {logging_mixin.py:188} INFO - [2026-09-18T08:53:17.988+0000] {dag.py:3954} INFO - Setting next_dagrun for weather_pipeline to 2026-09-18 00:00:00+00:00, run_after=2026-09-19 00:00:00+00:00
[2026-09-18T08:53:18.021+0000] {processor.py:183} INFO - Processing /opt/airflow/dags/weather_pipeline.py took 0.642 seconds
[2026-09-18T08:53:58.952+0000] {processor.py:161} INFO - Started process (PID=762) to work on /opt/airflow/dags/weather_pipeline.py
[2026-09-18T08:53:58.954+0000] {processor.py:830} INFO - Processing file /opt/airflow/dags/weather_pipeline.py for tasks to queue
[2026-09-18T08:53:58.958+0000] {logging_mixin.py:188} INFO - [2026-09-18T08:53:58.957+0000] {dagbag.py:545} INFO - Filling up the DagBag from /opt/airflow/dags/weather_pipeline.py
[2026-09-18T08:53:59.508+0000] {processor.py:840} INFO - DAG(s) 'weather_pipeline' retrieved from /opt/airflow/dags/weather_pipeline.py
[2026-09-18T08:53:59.552+0000] {logging_mixin.py:188} INFO - [2026-09-18T08:53:59.551+0000] {dag.py:3096} INFO - Sync 1 DAGs
[2026-09-18T08:53:59.585+0000] {logging_mixin.py:188} INFO - [2026-09-18T08:53:59.585+0000] {dag.py:3954} INFO - Setting next_dagrun for weather_pipeline to 2026-09-18 00:00:00+00:00, run_after=2026-09-19 00:00:00+00:00
[2026-09-18T08:53:59.617+0000] {processor.py:183} INFO - Processing /opt/airflow/dags/weather_pipeline.py took 0.682 seconds
[2026-09-18T08:54:29.893+0000] {processor.py:161} INFO - Started process (PID=764) to work on /opt/airflow/dags/weather_pipeline.py
[2026-09-18T08:54:29.897+0000] {processor.py:830} INFO - Processing file /opt/airflow/dags/weather_pipeline.py for tasks to queue
[2026-09-18T08:54:29.904+0000] {logging_mixin.py:188} INFO - [2026-09-18T08:54:29.903+0000] {dagbag.py:545} INFO - Filling up the DagBag from /opt/airflow/dags/weather_pipeline.py
[2026-09-18T08:54:30.434+0000] {processor.py:840} INFO - DAG(s) 'weather_pipeline' retrieved from /opt/airflow/dags/weather_pipeline.py
[2026-09-18T08:54:30.481+0000] {logging_mixin.py:188} INFO - [2026-09-18T08:54:30.480+0000] {dag.py:3096} INFO - Sync 1 DAGs
[2026-09-18T08:54:30.520+0000] {logging_mixin.py:188} INFO - [2026-09-18T08:54:30.519+0000] {dag.py:3954} INFO - Setting next_dagrun for weather_pipeline to 2026-09-18 00:00:00+00:00, run_after=2026-09-19 00:00:00+00:00
[2026-09-18T08:54:30.558+0000] {processor.py:183} INFO - Processing /opt/airflow/dags/weather_pipeline.py took 0.684 seconds
[2026-09-18T08:55:00.845+0000] {processor.py:161} INFO - Started process (PID=766) to work on /opt/airflow/dags/weather_pipeline.py
[2026-09-18T08:55:00.849+0000] {processor.py:830} INFO - Processing file /opt/airflow/dags/weather_pipeline.py for tasks to queue
[2026-09-18T08:55:00.854+0000] {logging_mixin.py:188} INFO - [2026-09-18T08:55:00.853+0000] {dagbag.py:545} INFO - Filling up the DagBag from /opt/airflow/dags/weather_pipeline.py
[2026-09-18T08:55:01.375+0000] {processor.py:840} INFO - DAG(s) 'weather_pipeline' retrieved from /opt/airflow/dags/weather_pipeline.py
[2026-09-18T08:55:01.419+0000] {logging_mixin.py:188} INFO - [2026-09-18T08:55:01.419+0000] {dag.py:3096} INFO - Sync 1 DAGs
[2026-09-18T08:55:01.455+0000] {logging_mixin.py:188} INFO - [2026-09-18T08:55:01.454+0000] {dag.py:3954} INFO - Setting next_dagrun for weather_pipeline to 2026-09-18 00:00:00+00:00, run_after=2026-09-19 00:00:00+00:00
[2026-09-18T08:55:01.483+0000] {processor.py:183} INFO - Processing /opt/airflow/dags/weather_pipeline.py took 0.659 seconds
[2026-09-18T08:55:31.660+0000] {processor.py:161} INFO - Started process (PID=768) to work on /opt/airflow/dags/weather_pipeline.py
[2026-09-18T08:55:31.662+0000] {processor.py:830} INFO - Processing file /opt/airflow/dags/weather_pipeline.py for tasks to queue
[2026-09-18T08:55:31.667+0000] {logging_mixin.py:188} INFO - [2026-09-18T08:55:31.666+0000] {dagbag.py:545} INFO - Filling up the DagBag from /opt/airflow/dags/weather_pipeline.py
[2026-09-18T08:55:32.185+0000] {processor.py:840} INFO - DAG(s) 'weather_pipeline' retrieved from /opt/airflow/dags/weather_pipeline.py
[2026-09-18T08:55:32.229+0000] {logging_mixin.py:188} INFO - [2026-09-18T08:55:32.229+0000] {dag.py:3096} INFO - Sync 1 DAGs
[2026-09-18T08:55:32.263+0000] {logging_mixin.py:188} INFO - [2026-09-18T08:55:32.263+0000] {dag.py:3954} INFO - Setting next_dagrun for weather_pipeline to 2026-09-18 00:00:00+00:00, run_after=2026-09-19 00:00:00+00:00
[2026-09-18T08:55:32.290+0000] {processor.py:183} INFO - Processing /opt/airflow/dags/weather_pipeline.py took 0.650 seconds
[2026-09-18T08:56:02.571+0000] {processor.py:161} INFO - Started process (PID=770) to work on /opt/airflow/dags/weather_pipeline.py
[2026-09-18T08:56:02.575+0000] {processor.py:830} INFO - Processing file /opt/airflow/dags/weather_pipeline.py for tasks to queue
[2026-09-18T08:56:02.580+0000] {logging_mixin.py:188} INFO - [2026-09-18T08:56:02.579+0000] {dagbag.py:545} INFO - Filling up the DagBag from /opt/airflow/dags/weather_pipeline.py
[2026-09-18T08:56:03.079+0000] {processor.py:840} INFO - DAG(s) 'weather_pipeline' retrieved from /opt/airflow/dags/weather_pipeline.py
[2026-09-18T08:56:03.126+0000] {logging_mixin.py:188} INFO - [2026-09-18T08:56:03.125+0000] {dag.py:3096} INFO - Sync 1 DAGs
[2026-09-18T08:56:03.158+0000] {logging_mixin.py:188} INFO - [2026-09-18T08:56:03.158+0000] {dag.py:3954} INFO - Setting next_dagrun for weather_pipeline to 2026-09-18 00:00:00+00:00, run_after=2026-09-19 00:00:00+00:00
[2026-09-18T08:56:03.187+0000] {processor.py:183} INFO - Processing /opt/airflow/dags/weather_pipeline.py took 0.637 seconds
[2026-09-18T08:56:33.454+0000] {processor.py:161} INFO - Started process (PID=772) to work on /opt/airflow/dags/weather_pipeline.py
[2026-09-18T08:56:33.457+0000] {processor.py:830} INFO - Processing file /opt/airflow/dags/weather_pipeline.py for tasks to queue
[2026-09-18T08:56:33.462+0000] {logging_mixin.py:188} INFO - [2026-09-18T08:56:33.461+0000] {dagbag.py:545} INFO - Filling up the DagBag from /opt/airflow/dags/weather_pipeline.py
[2026-09-18T08:56:33.961+0000] {processor.py:840} INFO - DAG(s) 'weather_pipeline' retrieved from /opt/airflow/dags/weather_pipeline.py
[2026-09-18T08:56:34.009+0000] {logging_mixin.py:188} INFO - [2026-09-18T08:56:34.009+0000] {dag.py:3096} INFO - Sync 1 DAGs
[2026-09-18T08:56:34.042+0000] {logging_mixin.py:188} INFO - [2026-09-18T08:56:34.041+0000] {dag.py:3954} INFO - Setting next_dagrun for weather_pipeline to 2026-09-18 00:00:00+00:00, run_after=2026-09-19 00:00:00+00:00
[2026-09-18T08:56:34.070+0000] {processor.py:183} INFO - Processing /opt/airflow/dags/weather_pipeline.py took 0.637 seconds
[2026-09-18T08:57:04.351+0000] {processor.py:161} INFO - Started process (PID=774) to work on /opt/airflow/dags/weather_pipeline.py
[2026-09-18T08:57:04.353+0000] {processor.py:830} INFO - Processing file /opt/airflow/dags/weather_pipeline.py for tasks to queue
[2026-09-18T08:57:04.358+0000] {logging_mixin.py:188} INFO - [2026-09-18T08:57:04.357+0000] {dagbag.py:545} INFO - Filling up the DagBag from /opt/airflow/dags/weather_pipeline.py
[2026-09-18T08:57:04.866+0000] {processor.py:840} INFO - DAG(s) 'weather_pipeline' retrieved from /opt/airflow/dags/weather_pipeline.py
[2026-09-18T08:57:04.908+0000] {logging_mixin.py:188} INFO - [2026-09-18T08:57:04.908+0000] {dag.py:3096} INFO - Sync 1 DAGs
[2026-09-18T08:57:04.940+0000] {logging_mixin.py:188} INFO - [2026-09-18T08:57:04.939+0000] {dag.py:3954} INFO - Setting next_dagrun for weather_pipeline to 2026-09-18 00:00:00+00:00, run_after=2026-09-19 00:00:00+00:00
[2026-09-18T08:57:04.966+0000] {processor.py:183} INFO - Processing /opt/airflow/dags/weather_pipeline.py took 0.635 seconds
[2026-09-18T08:57:35.235+0000] {processor.py:161} INFO - Started process (PID=776) to work on /opt/airflow/dags/weather_pipeline.py
[2026-09-18T08:57:35.239+0000] {processor.py:830} INFO - Processing file /opt/airflow/dags/weather_pipeline.py for tasks to queue
[2026-09-18T08:57:35.246+0000] {logging_mixin.py:188} INFO - [2026-09-18T08:57:35.245+0000] {dagbag.py:545} INFO - Filling up the DagBag from /opt/airflow/dags/weather_pipeline.py
[2026-09-18T08:57:35.755+0000] {processor.py:840} INFO - DAG(s) 'weather_pipeline' retrieved from /opt/airflow/dags/weather_pipeline.py
[2026-09-18T08:57:35.799+0000] {logging_mixin.py:188} INFO - [2026-09-18T08:57:35.799+0000] {dag.py:3096} INFO - Sync 1 DAGs
[2026-09-18T08:57:35.842+0000] {logging_mixin.py:188} INFO - [2026-09-18T08:57:35.841+0000] {dag.py:3954} INFO - Setting next_dagrun for weather_pipeline to 2026-09-18 00:00:00+00:00, run_after=2026-09-19 00:00:00+00:00
[2026-09-18T08:57:35.874+0000] {processor.py:183} INFO - Processing /opt/airflow/dags/weather_pipeline.py took 0.660 seconds
[2026-09-18T08:58:06.142+0000] {processor.py:161} INFO - Started process (PID=778) to work on /opt/airflow/dags/weather_pipeline.py
[2026-09-18T08:58:06.144+0000] {processor.py:830} INFO - Processing file /opt/airflow/dags/weather_pipeline.py for tasks to queue
[2026-09-18T08:58:06.150+0000] {logging_mixin.py:188} INFO - [2026-09-18T08:58:06.149+0000] {dagbag.py:545} INFO - Filling up the DagBag from /opt/airflow/dags/weather_pipeline.py
[2026-09-18T08:58:06.661+0000] {processor.py:840} INFO - DAG(s) 'weather_pipeline' retrieved from /opt/airflow/dags/weather_pipeline.py
[2026-09-18T08:58:06.706+0000] {logging_mixin.py:188} INFO - [2026-09-18T08:58:06.706+0000] {dag.py:3096} INFO - Sync 1 DAGs
[2026-09-18T08:58:06.741+0000] {logging_mixin.py:188} INFO - [2026-09-18T08:58:06.741+0000] {dag.py:3954} INFO - Setting next_dagrun for weather_pipeline to 2026-09-18 00:00:00+00:00, run_after=2026-09-19 00:00:00+00:00
[2026-09-18T08:58:06.769+0000] {processor.py:183} INFO - Processing /opt/airflow/dags/weather_pipeline.py took 0.648 seconds
[2026-09-18T08:58:37.044+0000] {processor.py:161} INFO - Started process (PID=780) to work on /opt/airflow/dags/weather_pipeline.py
[2026-09-18T08:58:37.046+0000] {processor.py:830} INFO - Processing file /opt/airflow/dags/weather_pipeline.py for tasks to queue
[2026-09-18T08:58:37.051+0000] {logging_mixin.py:188} INFO - [2026-09-18T08:58:37.050+0000] {dagbag.py:545} INFO - Filling up the DagBag from /opt/airflow/dags/weather_pipeline.py
[2026-09-18T08:58:37.552+0000] {processor.py:840} INFO - DAG(s) 'weather_pipeline' retrieved from /opt/airflow/dags/weather_pipeline.py
[2026-09-18T08:58:37.595+0000] {logging_mixin.py:188} INFO - [2026-09-18T08:58:37.594+0000] {dag.py:3096} INFO - Sync 1 DAGs
[2026-09-18T08:58:37.629+0000] {logging_mixin.py:188} INFO - [2026-09-18T08:58:37.629+0000] {dag.py:3954} INFO - Setting next_dagrun for weather_pipeline to 2026-09-18 00:00:00+00:00, run_after=2026-09-19 00:00:00+00:00
[2026-09-18T08:58:37.660+0000] {processor.py:183} INFO - Processing /opt/airflow/dags/weather_pipeline.py took 0.638 seconds
[2026-09-18T08:59:07.934+0000] {processor.py:161} INFO - Started process (PID=782) to work on /opt/airflow/dags/weather_pipeline.py
[2026-09-18T08:59:07.938+0000] {processor.py:830} INFO - Processing file /opt/airflow/dags/weather_pipeline.py for tasks to queue
[2026-09-18T08:59:07.943+0000] {logging_mixin.py:188} INFO - [2026-09-18T08:59:07.942+0000] {dagbag.py:545} INFO - Filling up the DagBag from /opt/airflow/dags/weather_pipeline.py
[2026-09-18T08:59:08.462+0000] {processor.py:840} INFO - DAG(s) 'weather_pipeline' retrieved from /opt/airflow/dags/weather_pipeline.py
[2026-09-18T08:59:08.509+0000] {logging_mixin.py:188} INFO - [2026-09-18T08:59:08.509+0000] {dag.py:3096} INFO - Sync 1 DAGs
[2026-09-18T08:59:08.543+0000] {logging_mixin.py:188} INFO - [2026-09-18T08:59:08.543+0000] {dag.py:3954} INFO - Setting next_dagrun for weather_pipeline to 2026-09-18 00:00:00+00:00, run_after=2026-09-19 00:00:00+00:00
[2026-09-18T08:59:08.655+0000] {processor.py:183} INFO - Processing /opt/airflow/dags/weather_pipeline.py took 0.741 seconds
[2026-09-18T08:59:38.835+0000] {processor.py:161} INFO - Started process (PID=784) to work on /opt/airflow/dags/weather_pipeline.py
[2026-09-18T08:59:38.839+0000] {processor.py:830} INFO - Processing file /opt/airflow/dags/weather_pipeline.py for tasks to queue
[2026-09-18T08:59:38.844+0000] {logging_mixin.py:188} INFO - [2026-09-18T08:59:38.843+0000] {dagbag.py:545} INFO - Filling up the DagBag from /opt/airflow/dags/weather_pipeline.py
[2026-09-18T08:59:39.350+0000] {processor.py:840} INFO - DAG(s) 'weather_pipeline' retrieved from /opt/airflow/dags/weather_pipeline.py
[2026-09-18T08:59:39.394+0000] {logging_mixin.py:188} INFO - [2026-09-18T08:59:39.394+0000] {dag.py:3096} INFO - Sync 1 DAGs
[2026-09-18T08:59:39.426+0000] {logging_mixin.py:188} INFO - [2026-09-18T08:59:39.425+0000] {dag.py:3954} INFO - Setting next_dagrun for weather_pipeline to 2026-09-18 00:00:00+00:00, run_after=2026-09-19 00:00:00+00:00
[2026-09-18T08:59:39.454+0000] {processor.py:183} INFO - Processing /opt/airflow/dags/weather_pipeline.py took 0.639 seconds
[2026-09-18T09:00:09.755+0000] {processor.py:161} INFO - Started process (PID=786) to work on /opt/airflow/dags/weather_pipeline.py
[2026-09-18T09:00:09.758+0000] {processor.py:830} INFO - Processing file /opt/airflow/dags/weather_pipeline.py for tasks to queue
[2026-09-18T09:00:09.763+0000] {logging_mixin.py:188} INFO - [2026-09-18T09:00:09.762+0000] {dagbag.py:545} INFO - Filling up the DagBag from /opt/airflow/dags/weather_pipeline.py
[2026-09-18T09:00:10.272+0000] {processor.py:840} INFO - DAG(s) 'weather_pipeline' retrieved from /opt/airflow/dags/weather_pipeline.py
[2026-09-18T09:00:10.314+0000] {logging_mixin.py:188} INFO - [2026-09-18T09:00:10.314+0000] {dag.py:3096} INFO - Sync 1 DAGs
[2026-09-18T09:00:10.346+0000] {logging_mixin.py:188} INFO - [2026-09-18T09:00:10.345+0000] {dag.py:3954} INFO - Setting next_dagrun for weather_pipeline to 2026-09-18 00:00:00+00:00, run_after=2026-09-19 00:00:00+00:00
[2026-09-18T09:00:10.376+0000] {processor.py:183} INFO - Processing /opt/airflow/dags/weather_pipeline.py took 0.641 seconds
[2026-09-18T09:00:40.645+0000] {processor.py:161} INFO - Started process (PID=788) to work on /opt/airflow/dags/weather_pipeline.py
[2026-09-18T09:00:40.649+0000] {processor.py:830} INFO - Processing file /opt/airflow/dags/weather_pipeline.py for tasks to queue
[2026-09-18T09:00:40.654+0000] {logging_mixin.py:188} INFO - [2026-09-18T09:00:40.653+0000] {dagbag.py:545} INFO - Filling up the DagBag from /opt/airflow/dags/weather_pipeline.py
[2026-09-18T09:00:41.150+0000] {processor.py:840} INFO - DAG(s) 'weather_pipeline' retrieved from /opt/airflow/dags/weather_pipeline.py
[2026-09-18T09:00:41.193+0000] {logging_mixin.py:188} INFO - [2026-09-18T09:00:41.192+0000] {dag.py:3096} INFO - Sync 1 DAGs
[2026-09-18T09:00:41.226+0000] {logging_mixin.py:188} INFO - [2026-09-18T09:00:41.225+0000] {dag.py:3954} INFO - Setting next_dagrun for weather_pipeline to 2026-09-18 00:00:00+00:00, run_after=2026-09-19 00:00:00+00:00
[2026-09-18T09:00:41.254+0000] {processor.py:183} INFO - Processing /opt/airflow/dags/weather_pipeline.py took 0.630 seconds
[2026-09-18T09:01:11.536+0000] {processor.py:161} INFO - Started process (PID=790) to work on /opt/airflow/dags/weather_pipeline.py
[2026-09-18T09:01:11.543+0000] {processor.py:830} INFO - Processing file /opt/airflow/dags/weather_pipeline.py for tasks to queue
[2026-09-18T09:01:11.556+0000] {logging_mixin.py:188} INFO - [2026-09-18T09:01:11.554+0000] {dagbag.py:545} INFO - Filling up the DagBag from /opt/airflow/dags/weather_pipeline.py
[2026-09-18T09:01:12.056+0000] {processor.py:840} INFO - DAG(s) 'weather_pipeline' retrieved from /opt/airflow/dags/weather_pipeline.py
[2026-09-18T09:01:12.098+0000] {logging_mixin.py:188} INFO - [2026-09-18T09:01:12.097+0000] {dag.py:3096} INFO - Sync 1 DAGs
[2026-09-18T09:01:12.131+0000] {logging_mixin.py:188} INFO - [2026-09-18T09:01:12.130+0000] {dag.py:3954} INFO - Setting next_dagrun for weather_pipeline to 2026-09-18 00:00:00+00:00, run_after=2026-09-19 00:00:00+00:00
[2026-09-18T09:01:12.158+0000] {processor.py:183} INFO - Processing /opt/airflow/dags/weather_pipeline.py took 0.654 seconds
[2026-09-18T09:01:42.431+0000] {processor.py:161} INFO - Started process (PID=792) to work on /opt/airflow/dags/weather_pipeline.py
[2026-09-18T09:01:42.433+0000] {processor.py:830} INFO - Processing file /opt/airflow/dags/weather_pipeline.py for tasks to queue
[2026-09-18T09:01:42.440+0000] {logging_mixin.py:188} INFO - [2026-09-18T09:01:42.439+0000] {dagbag.py:545} INFO - Filling up the DagBag from /opt/airflow/dags/weather_pipeline.py
[2026-09-18T09:01:42.938+0000] {processor.py:840} INFO - DAG(s) 'weather_pipeline' retrieved from /opt/airflow/dags/weather_pipeline.py
[2026-09-18T09:01:42.981+0000] {logging_mixin.py:188} INFO - [2026-09-18T09:01:42.981+0000] {dag.py:3096} INFO - Sync 1 DAGs
[2026-09-18T09:01:43.015+0000] {logging_mixin.py:188} INFO - [2026-09-18T09:01:43.015+0000] {dag.py:3954} INFO - Setting next_dagrun for weather_pipeline to 2026-09-18 00:00:00+00:00, run_after=2026-09-19 00:00:00+00:00
[2026-09-18T09:01:43.043+0000] {processor.py:183} INFO - Processing /opt/airflow/dags/weather_pipeline.py took 0.634 seconds
[2026-09-18T09:02:13.303+0000] {processor.py:161} INFO - Started process (PID=794) to work on /opt/airflow/dags/weather_pipeline.py
[2026-09-18T09:02:13.306+0000] {processor.py:830} INFO - Processing file /opt/airflow/dags/weather_pipeline.py for tasks to queue
[2026-09-18T09:02:13.311+0000] {logging_mixin.py:188} INFO - [2026-09-18T09:02:13.310+0000] {dagbag.py:545} INFO - Filling up the DagBag from /opt/airflow/dags/weather_pipeline.py
[2026-09-18T09:02:13.812+0000] {processor.py:840} INFO - DAG(s) 'weather_pipeline' retrieved from /opt/airflow/dags/weather_pipeline.py
[2026-09-18T09:02:13.857+0000] {logging_mixin.py:188} INFO - [2026-09-18T09:02:13.856+0000] {dag.py:3096} INFO - Sync 1 DAGs
[2026-09-18T09:02:13.889+0000] {logging_mixin.py:188} INFO - [2026-09-18T09:02:13.888+0000] {dag.py:3954} INFO - Setting next_dagrun for weather_pipeline to 2026-09-18 00:00:00+00:00, run_after=2026-09-19 00:00:00+00:00
[2026-09-18T09:02:13.917+0000] {processor.py:183} INFO - Processing /opt/airflow/dags/weather_pipeline.py took 0.635 seconds
[2026-09-18T09:02:44.188+0000] {processor.py:161} INFO - Started process (PID=796) to work on /opt/airflow/dags/weather_pipeline.py
[2026-09-18T09:02:44.191+0000] {processor.py:830} INFO - Processing file /opt/airflow/dags/weather_pipeline.py for tasks to queue
[2026-09-18T09:02:44.196+0000] {logging_mixin.py:188} INFO - [2026-09-18T09:02:44.195+0000] {dagbag.py:545} INFO - Filling up the DagBag from /opt/airflow/dags/weather_pipeline.py
[2026-09-18T09:02:44.705+0000] {processor.py:840} INFO - DAG(s) 'weather_pipeline' retrieved from /opt/airflow/dags/weather_pipeline.py
[2026-09-18T09:02:44.749+0000] {logging_mixin.py:188} INFO - [2026-09-18T09:02:44.748+0000] {dag.py:3096} INFO - Sync 1 DAGs
[2026-09-18T09:02:44.781+0000] {logging_mixin.py:188} INFO - [2026-09-18T09:02:44.781+0000] {dag.py:3954} INFO - Setting next_dagrun for weather_pipeline to 2026-09-18 00:00:00+00:00, run_after=2026-09-19 00:00:00+00:00
[2026-09-18T09:02:44.809+0000] {processor.py:183} INFO - Processing /opt/airflow/dags/weather_pipeline.py took 0.641 seconds
[2026-09-18T09:03:15.076+0000] {processor.py:161} INFO - Started process (PID=798) to work on /opt/airflow/dags/weather_pipeline.py
[2026-09-18T09:03:15.079+0000] {processor.py:830} INFO - Processing file /opt/airflow/dags/weather_pipeline.py for tasks to queue
[2026-09-18T09:03:15.084+0000] {logging_mixin.py:188} INFO - [2026-09-18T09:03:15.083+0000] {dagbag.py:545} INFO - Filling up the DagBag from /opt/airflow/dags/weather_pipeline.py
[2026-09-18T09:03:15.590+0000] {processor.py:840} INFO - DAG(s) 'weather_pipeline' retrieved from /opt/airflow/dags/weather_pipeline.py
[2026-09-18T09:03:15.633+0000] {logging_mixin.py:188} INFO - [2026-09-18T09:03:15.632+0000] {dag.py:3096} INFO - Sync 1 DAGs
[2026-09-18T09:03:15.664+0000] {logging_mixin.py:188} INFO - [2026-09-18T09:03:15.664+0000] {dag.py:3954} INFO - Setting next_dagrun for weather_pipeline to 2026-09-18 00:00:00+00:00, run_after=2026-09-19 00:00:00+00:00
[2026-09-18T09:03:15.693+0000] {processor.py:183} INFO - Processing /opt/airflow/dags/weather_pipeline.py took 0.638 seconds
[2026-09-18T09:03:45.963+0000] {processor.py:161} INFO - Started process (PID=800) to work on /opt/airflow/dags/weather_pipeline.py
[2026-09-18T09:03:45.967+0000] {processor.py:830} INFO - Processing file /opt/airflow/dags/weather_pipeline.py for tasks to queue
[2026-09-18T09:03:45.972+0000] {logging_mixin.py:188} INFO - [2026-09-18T09:03:45.971+0000] {dagbag.py:545} INFO - Filling up the DagBag from /opt/airflow/dags/weather_pipeline.py
[2026-09-18T09:03:46.479+0000] {processor.py:840} INFO - DAG(s) 'weather_pipeline' retrieved from /opt/airflow/dags/weather_pipeline.py
[2026-09-18T09:03:46.520+0000] {logging_mixin.py:188} INFO - [2026-09-18T09:03:46.520+0000] {dag.py:3096} INFO - Sync 1 DAGs
[2026-09-18T09:03:46.553+0000] {logging_mixin.py:188} INFO - [2026-09-18T09:03:46.553+0000] {dag.py:3954} INFO - Setting next_dagrun for weather_pipeline to 2026-09-18 00:00:00+00:00, run_after=2026-09-19 00:00:00+00:00
[2026-09-18T09:03:46.586+0000] {processor.py:183} INFO - Processing /opt/airflow/dags/weather_pipeline.py took 0.644 seconds
[2026-09-18T09:04:16.854+0000] {processor.py:161} INFO - Started process (PID=802) to work on /opt/airflow/dags/weather_pipeline.py
[2026-09-18T09:04:16.858+0000] {processor.py:830} INFO - Processing file /opt/airflow/dags/weather_pipeline.py for tasks to queue
[2026-09-18T09:04:16.863+0000] {logging_mixin.py:188} INFO - [2026-09-18T09:04:16.862+0000] {dagbag.py:545} INFO - Filling up the DagBag from /opt/airflow/dags/weather_pipeline.py
[2026-09-18T09:04:17.360+0000] {processor.py:840} INFO - DAG(s) 'weather_pipeline' retrieved from /opt/airflow/dags/weather_pipeline.py
[2026-09-18T09:04:17.403+0000] {logging_mixin.py:188} INFO - [2026-09-18T09:04:17.403+0000] {dag.py:3096} INFO - Sync 1 DAGs
[2026-09-18T09:04:17.436+0000] {logging_mixin.py:188} INFO - [2026-09-18T09:04:17.435+0000] {dag.py:3954} INFO - Setting next_dagrun for weather_pipeline to 2026-09-18 00:00:00+00:00, run_after=2026-09-19 00:00:00+00:00
[2026-09-18T09:04:17.464+0000] {processor.py:183} INFO - Processing /opt/airflow/dags/weather_pipeline.py took 0.631 seconds
[2026-09-18T09:04:47.753+0000] {processor.py:161} INFO - Started process (PID=804) to work on /opt/airflow/dags/weather_pipeline.py
[2026-09-18T09:04:47.756+0000] {processor.py:830} INFO - Processing file /opt/airflow/dags/weather_pipeline.py for tasks to queue
[2026-09-18T09:04:47.761+0000] {logging_mixin.py:188} INFO - [2026-09-18T09:04:47.760+0000] {dagbag.py:545} INFO - Filling up the DagBag from /opt/airflow/dags/weather_pipeline.py
[2026-09-18T09:04:48.267+0000] {processor.py:840} INFO - DAG(s) 'weather_pipeline' retrieved from /opt/airflow/dags/weather_pipeline.py
[2026-09-18T09:04:48.310+0000] {logging_mixin.py:188} INFO - [2026-09-18T09:04:48.309+0000] {dag.py:3096} INFO - Sync 1 DAGs
[2026-09-18T09:04:48.341+0000] {logging_mixin.py:188} INFO - [2026-09-18T09:04:48.340+0000] {dag.py:3954} INFO - Setting next_dagrun for weather_pipeline to 2026-09-18 00:00:00+00:00, run_after=2026-09-19 00:00:00+00:00
[2026-09-18T09:04:48.369+0000] {processor.py:183} INFO - Processing /opt/airflow/dags/weather_pipeline.py took 0.636 seconds
[2026-09-18T09:05:18.639+0000] {processor.py:161} INFO - Started process (PID=806) to work on /opt/airflow/dags/weather_pipeline.py
[2026-09-18T09:05:18.643+0000] {processor.py:830} INFO - Processing file /opt/airflow/dags/weather_pipeline.py for tasks to queue
[2026-09-18T09:05:18.648+0000] {logging_mixin.py:188} INFO - [2026-09-18T09:05:18.647+0000] {dagbag.py:545} INFO - Filling up the DagBag from /opt/airflow/dags/weather_pipeline.py
[2026-09-18T09:05:19.164+0000] {processor.py:840} INFO - DAG(s) 'weather_pipeline' retrieved from /opt/airflow/dags/weather_pipeline.py
[2026-09-18T09:05:19.208+0000] {logging_mixin.py:188} INFO - [2026-09-18T09:05:19.207+0000] {dag.py:3096} INFO - Sync 1 DAGs
[2026-09-18T09:05:19.239+0000] {logging_mixin.py:188} INFO - [2026-09-18T09:05:19.239+0000] {dag.py:3954} INFO - Setting next_dagrun for weather_pipeline to 2026-09-18 00:00:00+00:00, run_after=2026-09-19 00:00:00+00:00
[2026-09-18T09:05:19.267+0000] {processor.py:183} INFO - Processing /opt/airflow/dags/weather_pipeline.py took 0.649 seconds
[2026-09-18T09:05:49.533+0000] {processor.py:161} INFO - Started process (PID=808) to work on /opt/airflow/dags/weather_pipeline.py
[2026-09-18T09:05:49.535+0000] {processor.py:830} INFO - Processing file /opt/airflow/dags/weather_pipeline.py for tasks to queue
[2026-09-18T09:05:49.540+0000] {logging_mixin.py:188} INFO - [2026-09-18T09:05:49.539+0000] {dagbag.py:545} INFO - Filling up the DagBag from /opt/airflow/dags/weather_pipeline.py
[2026-09-18T09:05:50.047+0000] {processor.py:840} INFO - DAG(s) 'weather_pipeline' retrieved from /opt/airflow/dags/weather_pipeline.py
[2026-09-18T09:05:50.089+0000] {logging_mixin.py:188} INFO - [2026-09-18T09:05:50.089+0000] {dag.py:3096} INFO - Sync 1 DAGs
[2026-09-18T09:05:50.121+0000] {logging_mixin.py:188} INFO - [2026-09-18T09:05:50.121+0000] {dag.py:3954} INFO - Setting next_dagrun for weather_pipeline to 2026-09-18 00:00:00+00:00, run_after=2026-09-19 00:00:00+00:00
[2026-09-18T09:05:50.151+0000] {processor.py:183} INFO - Processing /opt/airflow/dags/weather_pipeline.py took 0.638 seconds
[2026-09-18T09:06:20.437+0000] {processor.py:161} INFO - Started process (PID=810) to work on /opt/airflow/dags/weather_pipeline.py
[2026-09-18T09:06:20.440+0000] {processor.py:830} INFO - Processing file /opt/airflow/dags/weather_pipeline.py for tasks to queue
[2026-09-18T09:06:20.445+0000] {logging_mixin.py:188} INFO - [2026-09-18T09:06:20.444+0000] {dagbag.py:545} INFO - Filling up the DagBag from /opt/airflow/dags/weather_pipeline.py
[2026-09-18T09:06:20.955+0000] {processor.py:840} INFO - DAG(s) 'weather_pipeline' retrieved from /opt/airflow/dags/weather_pipeline.py
[2026-09-18T09:06:20.997+0000] {logging_mixin.py:188} INFO - [2026-09-18T09:06:20.997+0000] {dag.py:3096} INFO - Sync 1 DAGs
[2026-09-18T09:06:21.032+0000] {logging_mixin.py:188} INFO - [2026-09-18T09:06:21.032+0000] {dag.py:3954} INFO - Setting next_dagrun for weather_pipeline to 2026-09-18 00:00:00+00:00, run_after=2026-09-19 00:00:00+00:00
[2026-09-18T09:06:21.062+0000] {processor.py:183} INFO - Processing /opt/airflow/dags/weather_pipeline.py took 0.645 seconds
[2026-09-18T09:06:51.324+0000] {processor.py:161} INFO - Started process (PID=812) to work on /opt/airflow/dags/weather_pipeline.py
[2026-09-18T09:06:51.328+0000] {processor.py:830} INFO - Processing file /opt/airflow/dags/weather_pipeline.py for tasks to queue
[2026-09-18T09:06:51.333+0000] {logging_mixin.py:188} INFO - [2026-09-18T09:06:51.332+0000] {dagbag.py:545} INFO - Filling up the DagBag from /opt/airflow/dags/weather_pipeline.py
[2026-09-18T09:06:51.832+0000] {processor.py:840} INFO - DAG(s) 'weather_pipeline' retrieved from /opt/airflow/dags/weather_pipeline.py
[2026-09-18T09:06:51.875+0000] {logging_mixin.py:188} INFO - [2026-09-18T09:06:51.874+0000] {dag.py:3096} INFO - Sync 1 DAGs
[2026-09-18T09:06:51.908+0000] {logging_mixin.py:188} INFO - [2026-09-18T09:06:51.907+0000] {dag.py:3954} INFO - Setting next_dagrun for weather_pipeline to 2026-09-18 00:00:00+00:00, run_after=2026-09-19 00:00:00+00:00
[2026-09-18T09:06:51.936+0000] {processor.py:183} INFO - Processing /opt/airflow/dags/weather_pipeline.py took 0.631 seconds
[2026-09-18T09:07:22.190+0000] {processor.py:161} INFO - Started process (PID=814) to work on /opt/airflow/dags/weather_pipeline.py
[2026-09-18T09:07:22.193+0000] {processor.py:830} INFO - Processing file /opt/airflow/dags/weather_pipeline.py for tasks to queue
[2026-09-18T09:07:22.198+0000] {logging_mixin.py:188} INFO - [2026-09-18T09:07:22.197+0000] {dagbag.py:545} INFO - Filling up the DagBag from /opt/airflow/dags/weather_pipeline.py
[2026-09-18T09:07:22.704+0000] {processor.py:840} INFO - DAG(s) 'weather_pipeline' retrieved from /opt/airflow/dags/weather_pipeline.py
[2026-09-18T09:07:22.748+0000] {logging_mixin.py:188} INFO - [2026-09-18T09:07:22.747+0000] {dag.py:3096} INFO - Sync 1 DAGs
[2026-09-18T09:07:22.780+0000] {logging_mixin.py:188} INFO - [2026-09-18T09:07:22.779+0000] {dag.py:3954} INFO - Setting next_dagrun for weather_pipeline to 2026-09-18 00:00:00+00:00, run_after=2026-09-19 00:00:00+00:00
[2026-09-18T09:07:22.807+0000] {processor.py:183} INFO - Processing /opt/airflow/dags/weather_pipeline.py took 0.636 seconds
[2026-09-18T09:07:53.065+0000] {processor.py:161} INFO - Started process (PID=816) to work on /opt/airflow/dags/weather_pipeline.py
[2026-09-18T09:07:53.068+0000] {processor.py:830} INFO - Processing file /opt/airflow/dags/weather_pipeline.py for tasks to queue
[2026-09-18T09:07:53.074+0000] {logging_mixin.py:188} INFO - [2026-09-18T09:07:53.073+0000] {dagbag.py:545} INFO - Filling up the DagBag from /opt/airflow/dags/weather_pipeline.py
[2026-09-18T09:07:53.575+0000] {processor.py:840} INFO - DAG(s) 'weather_pipeline' retrieved from /opt/airflow/dags/weather_pipeline.py
[2026-09-18T09:07:53.625+0000] {logging_mixin.py:188} INFO - [2026-09-18T09:07:53.625+0000] {dag.py:3096} INFO - Sync 1 DAGs
[2026-09-18T09:07:53.657+0000] {logging_mixin.py:188} INFO - [2026-09-18T09:07:53.656+0000] {dag.py:3954} INFO - Setting next_dagrun for weather_pipeline to 2026-09-18 00:00:00+00:00, run_after=2026-09-19 00:00:00+00:00
[2026-09-18T09:07:53.682+0000] {processor.py:183} INFO - Processing /opt/airflow/dags/weather_pipeline.py took 0.637 seconds
[2026-09-18T09:08:23.938+0000] {processor.py:161} INFO - Started process (PID=818) to work on /opt/airflow/dags/weather_pipeline.py
[2026-09-18T09:08:23.941+0000] {processor.py:830} INFO - Processing file /opt/airflow/dags/weather_pipeline.py for tasks to queue
[2026-09-18T09:08:23.946+0000] {logging_mixin.py:188} INFO - [2026-09-18T09:08:23.945+0000] {dagbag.py:545} INFO - Filling up the DagBag from /opt/airflow/dags/weather_pipeline.py
[2026-09-18T09:08:24.448+0000] {processor.py:840} INFO - DAG(s) 'weather_pipeline' retrieved from /opt/airflow/dags/weather_pipeline.py
[2026-09-18T09:08:24.495+0000] {logging_mixin.py:188} INFO - [2026-09-18T09:08:24.494+0000] {dag.py:3096} INFO - Sync 1 DAGs
[2026-09-18T09:08:24.531+0000] {logging_mixin.py:188} INFO - [2026-09-18T09:08:24.531+0000] {dag.py:3954} INFO - Setting next_dagrun for weather_pipeline to 2026-09-18 00:00:00+00:00, run_after=2026-09-19 00:00:00+00:00
[2026-09-18T09:08:24.561+0000] {processor.py:183} INFO - Processing /opt/airflow/dags/weather_pipeline.py took 0.644 seconds
[2026-09-18T09:08:54.817+0000] {processor.py:161} INFO - Started process (PID=820) to work on /opt/airflow/dags/weather_pipeline.py
[2026-09-18T09:08:54.819+0000] {processor.py:830} INFO - Processing file /opt/airflow/dags/weather_pipeline.py for tasks to queue
[2026-09-18T09:08:54.824+0000] {logging_mixin.py:188} INFO - [2026-09-18T09:08:54.823+0000] {dagbag.py:545} INFO - Filling up the DagBag from /opt/airflow/dags/weather_pipeline.py
[2026-09-18T09:08:55.337+0000] {processor.py:840} INFO - DAG(s) 'weather_pipeline' retrieved from /opt/airflow/dags/weather_pipeline.py
[2026-09-18T09:08:55.382+0000] {logging_mixin.py:188} INFO - [2026-09-18T09:08:55.382+0000] {dag.py:3096} INFO - Sync 1 DAGs
[2026-09-18T09:08:55.415+0000] {logging_mixin.py:188} INFO - [2026-09-18T09:08:55.415+0000] {dag.py:3954} INFO - Setting next_dagrun for weather_pipeline to 2026-09-18 00:00:00+00:00, run_after=2026-09-19 00:00:00+00:00
[2026-09-18T09:08:55.446+0000] {processor.py:183} INFO - Processing /opt/airflow/dags/weather_pipeline.py took 0.651 seconds
[2026-09-18T09:09:25.719+0000] {processor.py:161} INFO - Started process (PID=822) to work on /opt/airflow/dags/weather_pipeline.py
[2026-09-18T09:09:25.722+0000] {processor.py:830} INFO - Processing file /opt/airflow/dags/weather_pipeline.py for tasks to queue
[2026-09-18T09:09:25.726+0000] {logging_mixin.py:188} INFO - [2026-09-18T09:09:25.725+0000] {dagbag.py:545} INFO - Filling up the DagBag from /opt/airflow/dags/weather_pipeline.py
[2026-09-18T09:09:26.232+0000] {processor.py:840} INFO - DAG(s) 'weather_pipeline' retrieved from /opt/airflow/dags/weather_pipeline.py
[2026-09-18T09:09:26.274+0000] {logging_mixin.py:188} INFO - [2026-09-18T09:09:26.274+0000] {dag.py:3096} INFO - Sync 1 DAGs
[2026-09-18T09:09:26.308+0000] {logging_mixin.py:188} INFO - [2026-09-18T09:09:26.307+0000] {dag.py:3954} INFO - Setting next_dagrun for weather_pipeline to 2026-09-18 00:00:00+00:00, run_after=2026-09-19 00:00:00+00:00
[2026-09-18T09:09:26.336+0000] {processor.py:183} INFO - Processing /opt/airflow/dags/weather_pipeline.py took 0.636 seconds
[2026-09-18T09:09:56.644+0000] {processor.py:161} INFO - Started process (PID=824) to work on /opt/airflow/dags/weather_pipeline.py
[2026-09-18T09:09:56.648+0000] {processor.py:830} INFO - Processing file /opt/airflow/dags/weather_pipeline.py for tasks to queue
[2026-09-18T09:09:56.653+0000] {logging_mixin.py:188} INFO - [2026-09-18T09:09:56.652+0000] {dagbag.py:545} INFO - Filling up the DagBag from /opt/airflow/dags/weather_pipeline.py
[2026-09-18T09:09:57.171+0000] {processor.py:840} INFO - DAG(s) 'weather_pipeline' retrieved from /opt/airflow/dags/weather_pipeline.py
[2026-09-18T09:09:57.215+0000] {logging_mixin.py:188} INFO - [2026-09-18T09:09:57.214+0000] {dag.py:3096} INFO - Sync 1 DAGs
[2026-09-18T09:09:57.249+0000] {logging_mixin.py:188} INFO - [2026-09-18T09:09:57.248+0000] {dag.py:3954} INFO - Setting next_dagrun for weather_pipeline to 2026-09-18 00:00:00+00:00, run_after=2026-09-19 00:00:00+00:00
[2026-09-18T09:09:57.276+0000] {processor.py:183} INFO - Processing /opt/airflow/dags/weather_pipeline.py took 0.651 seconds
[2026-09-18T09:10:27.546+0000] {processor.py:161} INFO - Started process (PID=826) to work on /opt/airflow/dags/weather_pipeline.py
[2026-09-18T09:10:27.550+0000] {processor.py:830} INFO - Processing file /opt/airflow/dags/weather_pipeline.py for tasks to queue
[2026-09-18T09:10:27.555+0000] {logging_mixin.py:188} INFO - [2026-09-18T09:10:27.554+0000] {dagbag.py:545} INFO - Filling up the DagBag from /opt/airflow/dags/weather_pipeline.py
[2026-09-18T09:10:28.074+0000] {processor.py:840} INFO - DAG(s) 'weather_pipeline' retrieved from /opt/airflow/dags/weather_pipeline.py
[2026-09-18T09:10:28.117+0000] {logging_mixin.py:188} INFO - [2026-09-18T09:10:28.117+0000] {dag.py:3096} INFO - Sync 1 DAGs
[2026-09-18T09:10:28.154+0000] {logging_mixin.py:188} INFO - [2026-09-18T09:10:28.154+0000] {dag.py:3954} INFO - Setting next_dagrun for weather_pipeline to 2026-09-18 00:00:00+00:00, run_after=2026-09-19 00:00:00+00:00
[2026-09-18T09:10:28.186+0000] {processor.py:183} INFO - Processing /opt/airflow/dags/weather_pipeline.py took 0.661 seconds
[2026-09-18T09:10:58.455+0000] {processor.py:161} INFO - Started process (PID=828) to work on /opt/airflow/dags/weather_pipeline.py
[2026-09-18T09:10:58.458+0000] {processor.py:830} INFO - Processing file /opt/airflow/dags/weather_pipeline.py for tasks to queue
[2026-09-18T09:10:58.464+0000] {logging_mixin.py:188} INFO - [2026-09-18T09:10:58.463+0000] {dagbag.py:545} INFO - Filling up the DagBag from /opt/airflow/dags/weather_pipeline.py
[2026-09-18T09:10:58.960+0000] {processor.py:840} INFO - DAG(s) 'weather_pipeline' retrieved from /opt/airflow/dags/weather_pipeline.py
[2026-09-18T09:10:59.007+0000] {logging_mixin.py:188} INFO - [2026-09-18T09:10:59.006+0000] {dag.py:3096} INFO - Sync 1 DAGs
[2026-09-18T09:10:59.039+0000] {logging_mixin.py:188} INFO - [2026-09-18T09:10:59.038+0000] {dag.py:3954} INFO - Setting next_dagrun for weather_pipeline to 2026-09-18 00:00:00+00:00, run_after=2026-09-19 00:00:00+00:00
[2026-09-18T09:10:59.067+0000] {processor.py:183} INFO - Processing /opt/airflow/dags/weather_pipeline.py took 0.633 seconds
[2026-09-18T09:11:29.331+0000] {processor.py:161} INFO - Started process (PID=830) to work on /opt/airflow/dags/weather_pipeline.py
[2026-09-18T09:11:29.335+0000] {processor.py:830} INFO - Processing file /opt/airflow/dags/weather_pipeline.py for tasks to queue
[2026-09-18T09:11:29.340+0000] {logging_mixin.py:188} INFO - [2026-09-18T09:11:29.339+0000] {dagbag.py:545} INFO - Filling up the DagBag from /opt/airflow/dags/weather_pipeline.py
[2026-09-18T09:11:29.863+0000] {processor.py:840} INFO - DAG(s) 'weather_pipeline' retrieved from /opt/airflow/dags/weather_pipeline.py
[2026-09-18T09:11:29.906+0000] {logging_mixin.py:188} INFO - [2026-09-18T09:11:29.905+0000] {dag.py:3096} INFO - Sync 1 DAGs
[2026-09-18T09:11:29.938+0000] {logging_mixin.py:188} INFO - [2026-09-18T09:11:29.937+0000] {dag.py:3954} INFO - Setting next_dagrun for weather_pipeline to 2026-09-18 00:00:00+00:00, run_after=2026-09-19 00:00:00+00:00
[2026-09-18T09:11:29.965+0000] {processor.py:183} INFO - Processing /opt/airflow/dags/weather_pipeline.py took 0.655 seconds
[2026-09-18T09:12:00.243+0000] {processor.py:161} INFO - Started process (PID=832) to work on /opt/airflow/dags/weather_pipeline.py
[2026-09-18T09:12:00.247+0000] {processor.py:830} INFO - Processing file /opt/airflow/dags/weather_pipeline.py for tasks to queue
[2026-09-18T09:12:00.252+0000] {logging_mixin.py:188} INFO - [2026-09-18T09:12:00.251+0000] {dagbag.py:545} INFO - Filling up the DagBag from /opt/airflow/dags/weather_pipeline.py
[2026-09-18T09:12:00.761+0000] {processor.py:840} INFO - DAG(s) 'weather_pipeline' retrieved from /opt/airflow/dags/weather_pipeline.py
[2026-09-18T09:12:00.804+0000] {logging_mixin.py:188} INFO - [2026-09-18T09:12:00.803+0000] {dag.py:3096} INFO - Sync 1 DAGs
[2026-09-18T09:12:00.838+0000] {logging_mixin.py:188} INFO - [2026-09-18T09:12:00.838+0000] {dag.py:3954} INFO - Setting next_dagrun for weather_pipeline to 2026-09-18 00:00:00+00:00, run_after=2026-09-19 00:00:00+00:00
[2026-09-18T09:12:00.866+0000] {processor.py:183} INFO - Processing /opt/airflow/dags/weather_pipeline.py took 0.643 seconds
[2026-09-18T09:12:31.139+0000] {processor.py:161} INFO - Started process (PID=834) to work on /opt/airflow/dags/weather_pipeline.py
[2026-09-18T09:12:31.142+0000] {processor.py:830} INFO - Processing file /opt/airflow/dags/weather_pipeline.py for tasks to queue
[2026-09-18T09:12:31.147+0000] {logging_mixin.py:188} INFO - [2026-09-18T09:12:31.146+0000] {dagbag.py:545} INFO - Filling up the DagBag from /opt/airflow/dags/weather_pipeline.py
[2026-09-18T09:12:31.656+0000] {processor.py:840} INFO - DAG(s) 'weather_pipeline' retrieved from /opt/airflow/dags/weather_pipeline.py
[2026-09-18T09:12:31.698+0000] {logging_mixin.py:188} INFO - [2026-09-18T09:12:31.698+0000] {dag.py:3096} INFO - Sync 1 DAGs
[2026-09-18T09:12:31.737+0000] {logging_mixin.py:188} INFO - [2026-09-18T09:12:31.737+0000] {dag.py:3954} INFO - Setting next_dagrun for weather_pipeline to 2026-09-18 00:00:00+00:00, run_after=2026-09-19 00:00:00+00:00
[2026-09-18T09:12:31.769+0000] {processor.py:183} INFO - Processing /opt/airflow/dags/weather_pipeline.py took 0.653 seconds
[2026-09-18T09:13:02.019+0000] {processor.py:161} INFO - Started process (PID=836) to work on /opt/airflow/dags/weather_pipeline.py
[2026-09-18T09:13:02.022+0000] {processor.py:830} INFO - Processing file /opt/airflow/dags/weather_pipeline.py for tasks to queue
[2026-09-18T09:13:02.027+0000] {logging_mixin.py:188} INFO - [2026-09-18T09:13:02.026+0000] {dagbag.py:545} INFO - Filling up the DagBag from /opt/airflow/dags/weather_pipeline.py
[2026-09-18T09:13:02.523+0000] {processor.py:840} INFO - DAG(s) 'weather_pipeline' retrieved from /opt/airflow/dags/weather_pipeline.py
[2026-09-18T09:13:02.565+0000] {logging_mixin.py:188} INFO - [2026-09-18T09:13:02.564+0000] {dag.py:3096} INFO - Sync 1 DAGs
[2026-09-18T09:13:02.598+0000] {logging_mixin.py:188} INFO - [2026-09-18T09:13:02.597+0000] {dag.py:3954} INFO - Setting next_dagrun for weather_pipeline to 2026-09-18 00:00:00+00:00, run_after=2026-09-19 00:00:00+00:00
[2026-09-18T09:13:02.626+0000] {processor.py:183} INFO - Processing /opt/airflow/dags/weather_pipeline.py took 0.631 seconds
[2026-09-18T09:13:32.900+0000] {processor.py:161} INFO - Started process (PID=838) to work on /opt/airflow/dags/weather_pipeline.py
[2026-09-18T09:13:32.902+0000] {processor.py:830} INFO - Processing file /opt/airflow/dags/weather_pipeline.py for tasks to queue
[2026-09-18T09:13:32.907+0000] {logging_mixin.py:188} INFO - [2026-09-18T09:13:32.906+0000] {dagbag.py:545} INFO - Filling up the DagBag from /opt/airflow/dags/weather_pipeline.py
[2026-09-18T09:13:33.422+0000] {processor.py:840} INFO - DAG(s) 'weather_pipeline' retrieved from /opt/airflow/dags/weather_pipeline.py
[2026-09-18T09:13:33.467+0000] {logging_mixin.py:188} INFO - [2026-09-18T09:13:33.466+0000] {dag.py:3096} INFO - Sync 1 DAGs
[2026-09-18T09:13:33.501+0000] {logging_mixin.py:188} INFO - [2026-09-18T09:13:33.500+0000] {dag.py:3954} INFO - Setting next_dagrun for weather_pipeline to 2026-09-18 00:00:00+00:00, run_after=2026-09-19 00:00:00+00:00
[2026-09-18T09:13:33.529+0000] {processor.py:183} INFO - Processing /opt/airflow/dags/weather_pipeline.py took 0.650 seconds
[2026-09-18T09:14:03.784+0000] {processor.py:161} INFO - Started process (PID=840) to work on /opt/airflow/dags/weather_pipeline.py
[2026-09-18T09:14:03.787+0000] {processor.py:830} INFO - Processing file /opt/airflow/dags/weather_pipeline.py for tasks to queue
[2026-09-18T09:14:03.791+0000] {logging_mixin.py:188} INFO - [2026-09-18T09:14:03.791+0000] {dagbag.py:545} INFO - Filling up the DagBag from /opt/airflow/dags/weather_pipeline.py
[2026-09-18T09:14:04.298+0000] {processor.py:840} INFO - DAG(s) 'weather_pipeline' retrieved from /opt/airflow/dags/weather_pipeline.py
[2026-09-18T09:14:04.342+0000] {logging_mixin.py:188} INFO - [2026-09-18T09:14:04.342+0000] {dag.py:3096} INFO - Sync 1 DAGs
[2026-09-18T09:14:04.376+0000] {logging_mixin.py:188} INFO - [2026-09-18T09:14:04.376+0000] {dag.py:3954} INFO - Setting next_dagrun for weather_pipeline to 2026-09-18 00:00:00+00:00, run_after=2026-09-19 00:00:00+00:00
[2026-09-18T09:14:04.405+0000] {processor.py:183} INFO - Processing /opt/airflow/dags/weather_pipeline.py took 0.641 seconds
[2026-09-18T09:14:34.668+0000] {processor.py:161} INFO - Started process (PID=842) to work on /opt/airflow/dags/weather_pipeline.py
[2026-09-18T09:14:34.670+0000] {processor.py:830} INFO - Processing file /opt/airflow/dags/weather_pipeline.py for tasks to queue
[2026-09-18T09:14:34.677+0000] {logging_mixin.py:188} INFO - [2026-09-18T09:14:34.676+0000] {dagbag.py:545} INFO - Filling up the DagBag from /opt/airflow/dags/weather_pipeline.py
[2026-09-18T09:14:35.185+0000] {processor.py:840} INFO - DAG(s) 'weather_pipeline' retrieved from /opt/airflow/dags/weather_pipeline.py
[2026-09-18T09:14:35.228+0000] {logging_mixin.py:188} INFO - [2026-09-18T09:14:35.227+0000] {dag.py:3096} INFO - Sync 1 DAGs
[2026-09-18T09:14:35.259+0000] {logging_mixin.py:188} INFO - [2026-09-18T09:14:35.259+0000] {dag.py:3954} INFO - Setting next_dagrun for weather_pipeline to 2026-09-18 00:00:00+00:00, run_after=2026-09-19 00:00:00+00:00
[2026-09-18T09:14:35.289+0000] {processor.py:183} INFO - Processing /opt/airflow/dags/weather_pipeline.py took 0.642 seconds
[2026-09-18T09:15:05.554+0000] {processor.py:161} INFO - Started process (PID=844) to work on /opt/airflow/dags/weather_pipeline.py
[2026-09-18T09:15:05.556+0000] {processor.py:830} INFO - Processing file /opt/airflow/dags/weather_pipeline.py for tasks to queue
[2026-09-18T09:15:05.561+0000] {logging_mixin.py:188} INFO - [2026-09-18T09:15:05.560+0000] {dagbag.py:545} INFO - Filling up the DagBag from /opt/airflow/dags/weather_pipeline.py
[2026-09-18T09:15:06.067+0000] {processor.py:840} INFO - DAG(s) 'weather_pipeline' retrieved from /opt/airflow/dags/weather_pipeline.py
[2026-09-18T09:15:06.112+0000] {logging_mixin.py:188} INFO - [2026-09-18T09:15:06.112+0000] {dag.py:3096} INFO - Sync 1 DAGs
[2026-09-18T09:15:06.146+0000] {logging_mixin.py:188} INFO - [2026-09-18T09:15:06.146+0000] {dag.py:3954} INFO - Setting next_dagrun for weather_pipeline to 2026-09-18 00:00:00+00:00, run_after=2026-09-19 00:00:00+00:00
[2026-09-18T09:15:06.173+0000] {processor.py:183} INFO - Processing /opt/airflow/dags/weather_pipeline.py took 0.639 seconds
[2026-09-18T09:15:36.445+0000] {processor.py:161} INFO - Started process (PID=846) to work on /opt/airflow/dags/weather_pipeline.py
[2026-09-18T09:15:36.448+0000] {processor.py:830} INFO - Processing file /opt/airflow/dags/weather_pipeline.py for tasks to queue
[2026-09-18T09:15:36.453+0000] {logging_mixin.py:188} INFO - [2026-09-18T09:15:36.452+0000] {dagbag.py:545} INFO - Filling up the DagBag from /opt/airflow/dags/weather_pipeline.py
[2026-09-18T09:15:36.968+0000] {processor.py:840} INFO - DAG(s) 'weather_pipeline' retrieved from /opt/airflow/dags/weather_pipeline.py
[2026-09-18T09:15:37.013+0000] {logging_mixin.py:188} INFO - [2026-09-18T09:15:37.012+0000] {dag.py:3096} INFO - Sync 1 DAGs
[2026-09-18T09:15:37.046+0000] {logging_mixin.py:188} INFO - [2026-09-18T09:15:37.046+0000] {dag.py:3954} INFO - Setting next_dagrun for weather_pipeline to 2026-09-18 00:00:00+00:00, run_after=2026-09-19 00:00:00+00:00
[2026-09-18T09:15:37.074+0000] {processor.py:183} INFO - Processing /opt/airflow/dags/weather_pipeline.py took 0.650 seconds
[2026-09-18T09:16:07.344+0000] {processor.py:161} INFO - Started process (PID=848) to work on /opt/airflow/dags/weather_pipeline.py
[2026-09-18T09:16:07.347+0000] {processor.py:830} INFO - Processing file /opt/airflow/dags/weather_pipeline.py for tasks to queue
[2026-09-18T09:16:07.353+0000] {logging_mixin.py:188} INFO - [2026-09-18T09:16:07.352+0000] {dagbag.py:545} INFO - Filling up the DagBag from /opt/airflow/dags/weather_pipeline.py
[2026-09-18T09:16:07.840+0000] {processor.py:840} INFO - DAG(s) 'weather_pipeline' retrieved from /opt/airflow/dags/weather_pipeline.py
[2026-09-18T09:16:07.887+0000] {logging_mixin.py:188} INFO - [2026-09-18T09:16:07.887+0000] {dag.py:3096} INFO - Sync 1 DAGs
[2026-09-18T09:16:07.922+0000] {logging_mixin.py:188} INFO - [2026-09-18T09:16:07.922+0000] {dag.py:3954} INFO - Setting next_dagrun for weather_pipeline to 2026-09-18 00:00:00+00:00, run_after=2026-09-19 00:00:00+00:00
[2026-09-18T09:16:07.951+0000] {processor.py:183} INFO - Processing /opt/airflow/dags/weather_pipeline.py took 0.627 seconds
[2026-09-18T09:16:38.211+0000] {processor.py:161} INFO - Started process (PID=850) to work on /opt/airflow/dags/weather_pipeline.py
[2026-09-18T09:16:40.874+0000] {processor.py:830} INFO - Processing file /opt/airflow/dags/weather_pipeline.py for tasks to queue
[2026-09-18T09:16:40.879+0000] {logging_mixin.py:188} INFO - [2026-09-18T09:16:40.878+0000] {dagbag.py:545} INFO - Filling up the DagBag from /opt/airflow/dags/weather_pipeline.py
[2026-09-18T09:16:41.410+0000] {processor.py:840} INFO - DAG(s) 'weather_pipeline' retrieved from /opt/airflow/dags/weather_pipeline.py
[2026-09-18T09:16:41.458+0000] {logging_mixin.py:188} INFO - [2026-09-18T09:16:41.457+0000] {dag.py:3096} INFO - Sync 1 DAGs
[2026-09-18T09:16:41.493+0000] {logging_mixin.py:188} INFO - [2026-09-18T09:16:41.492+0000] {dag.py:3954} INFO - Setting next_dagrun for weather_pipeline to 2026-09-18 00:00:00+00:00, run_after=2026-09-19 00:00:00+00:00
[2026-09-18T09:16:41.524+0000] {processor.py:183} INFO - Processing /opt/airflow/dags/weather_pipeline.py took 3.334 seconds
[2026-09-18T09:17:11.797+0000] {processor.py:161} INFO - Started process (PID=852) to work on /opt/airflow/dags/weather_pipeline.py
[2026-09-18T09:17:11.800+0000] {processor.py:830} INFO - Processing file /opt/airflow/dags/weather_pipeline.py for tasks to queue
[2026-09-18T09:17:11.805+0000] {logging_mixin.py:188} INFO - [2026-09-18T09:17:11.804+0000] {dagbag.py:545} INFO - Filling up the DagBag from /opt/airflow/dags/weather_pipeline.py
[2026-09-18T09:17:12.384+0000] {processor.py:840} INFO - DAG(s) 'weather_pipeline' retrieved from /opt/airflow/dags/weather_pipeline.py
[2026-09-18T09:17:12.429+0000] {logging_mixin.py:188} INFO - [2026-09-18T09:17:12.429+0000] {dag.py:3096} INFO - Sync 1 DAGs
[2026-09-18T09:17:12.463+0000] {logging_mixin.py:188} INFO - [2026-09-18T09:17:12.462+0000] {dag.py:3954} INFO - Setting next_dagrun for weather_pipeline to 2026-09-18 00:00:00+00:00, run_after=2026-09-19 00:00:00+00:00
[2026-09-18T09:17:12.495+0000] {processor.py:183} INFO - Processing /opt/airflow/dags/weather_pipeline.py took 0.723 seconds
[2026-09-18T09:17:42.673+0000] {processor.py:161} INFO - Started process (PID=854) to work on /opt/airflow/dags/weather_pipeline.py
[2026-09-18T09:17:42.675+0000] {processor.py:830} INFO - Processing file /opt/airflow/dags/weather_pipeline.py for tasks to queue
[2026-09-18T09:17:42.680+0000] {logging_mixin.py:188} INFO - [2026-09-18T09:17:42.679+0000] {dagbag.py:545} INFO - Filling up the DagBag from /opt/airflow/dags/weather_pipeline.py
[2026-09-18T09:17:43.285+0000] {processor.py:840} INFO - DAG(s) 'weather_pipeline' retrieved from /opt/airflow/dags/weather_pipeline.py
[2026-09-18T09:17:43.330+0000] {logging_mixin.py:188} INFO - [2026-09-18T09:17:43.330+0000] {dag.py:3096} INFO - Sync 1 DAGs
[2026-09-18T09:17:43.366+0000] {logging_mixin.py:188} INFO - [2026-09-18T09:17:43.365+0000] {dag.py:3954} INFO - Setting next_dagrun for weather_pipeline to 2026-09-18 00:00:00+00:00, run_after=2026-09-19 00:00:00+00:00
[2026-09-18T09:17:43.417+0000] {processor.py:183} INFO - Processing /opt/airflow/dags/weather_pipeline.py took 0.768 seconds
[2026-09-18T09:18:13.717+0000] {processor.py:161} INFO - Started process (PID=856) to work on /opt/airflow/dags/weather_pipeline.py
[2026-09-18T09:18:13.719+0000] {processor.py:830} INFO - Processing file /opt/airflow/dags/weather_pipeline.py for tasks to queue
[2026-09-18T09:18:13.725+0000] {logging_mixin.py:188} INFO - [2026-09-18T09:18:13.724+0000] {dagbag.py:545} INFO - Filling up the DagBag from /opt/airflow/dags/weather_pipeline.py
[2026-09-18T09:18:14.246+0000] {processor.py:840} INFO - DAG(s) 'weather_pipeline' retrieved from /opt/airflow/dags/weather_pipeline.py
[2026-09-18T09:18:14.290+0000] {logging_mixin.py:188} INFO - [2026-09-18T09:18:14.289+0000] {dag.py:3096} INFO - Sync 1 DAGs
[2026-09-18T09:18:14.324+0000] {logging_mixin.py:188} INFO - [2026-09-18T09:18:14.323+0000] {dag.py:3954} INFO - Setting next_dagrun for weather_pipeline to 2026-09-18 00:00:00+00:00, run_after=2026-09-19 00:00:00+00:00
[2026-09-18T09:18:14.352+0000] {processor.py:183} INFO - Processing /opt/airflow/dags/weather_pipeline.py took 0.658 seconds
[2026-09-18T09:18:44.632+0000] {processor.py:161} INFO - Started process (PID=858) to work on /opt/airflow/dags/weather_pipeline.py
[2026-09-18T09:18:44.634+0000] {processor.py:830} INFO - Processing file /opt/airflow/dags/weather_pipeline.py for tasks to queue
[2026-09-18T09:18:44.640+0000] {logging_mixin.py:188} INFO - [2026-09-18T09:18:44.639+0000] {dagbag.py:545} INFO - Filling up the DagBag from /opt/airflow/dags/weather_pipeline.py
[2026-09-18T09:18:45.177+0000] {processor.py:840} INFO - DAG(s) 'weather_pipeline' retrieved from /opt/airflow/dags/weather_pipeline.py
[2026-09-18T09:18:45.221+0000] {logging_mixin.py:188} INFO - [2026-09-18T09:18:45.221+0000] {dag.py:3096} INFO - Sync 1 DAGs
[2026-09-18T09:18:45.259+0000] {logging_mixin.py:188} INFO - [2026-09-18T09:18:45.258+0000] {dag.py:3954} INFO - Setting next_dagrun for weather_pipeline to 2026-09-18 00:00:00+00:00, run_after=2026-09-19 00:00:00+00:00
[2026-09-18T09:18:45.288+0000] {processor.py:183} INFO - Processing /opt/airflow/dags/weather_pipeline.py took 0.678 seconds
[2026-09-18T09:19:15.374+0000] {processor.py:161} INFO - Started process (PID=860) to work on /opt/airflow/dags/weather_pipeline.py
[2026-09-18T09:19:15.375+0000] {processor.py:830} INFO - Processing file /opt/airflow/dags/weather_pipeline.py for tasks to queue
[2026-09-18T09:19:15.378+0000] {logging_mixin.py:188} INFO - [2026-09-18T09:19:15.377+0000] {dagbag.py:545} INFO - Filling up the DagBag from /opt/airflow/dags/weather_pipeline.py
[2026-09-18T09:19:16.039+0000] {processor.py:840} INFO - DAG(s) 'weather_pipeline' retrieved from /opt/airflow/dags/weather_pipeline.py
[2026-09-18T09:19:16.125+0000] {logging_mixin.py:188} INFO - [2026-09-18T09:19:16.125+0000] {dag.py:3096} INFO - Sync 1 DAGs
[2026-09-18T09:19:16.186+0000] {logging_mixin.py:188} INFO - [2026-09-18T09:19:16.185+0000] {dag.py:3954} INFO - Setting next_dagrun for weather_pipeline to 2026-09-18 00:00:00+00:00, run_after=2026-09-19 00:00:00+00:00
[2026-09-18T09:19:16.240+0000] {processor.py:183} INFO - Processing /opt/airflow/dags/weather_pipeline.py took 0.879 seconds
[2026-09-18T09:19:46.538+0000] {processor.py:161} INFO - Started process (PID=862) to work on /opt/airflow/dags/weather_pipeline.py
[2026-09-18T09:19:46.542+0000] {processor.py:830} INFO - Processing file /opt/airflow/dags/weather_pipeline.py for tasks to queue
[2026-09-18T09:19:46.549+0000] {logging_mixin.py:188} INFO - [2026-09-18T09:19:46.547+0000] {dagbag.py:545} INFO - Filling up the DagBag from /opt/airflow/dags/weather_pipeline.py
[2026-09-18T09:19:47.276+0000] {processor.py:840} INFO - DAG(s) 'weather_pipeline' retrieved from /opt/airflow/dags/weather_pipeline.py
[2026-09-18T09:19:47.320+0000] {logging_mixin.py:188} INFO - [2026-09-18T09:19:47.320+0000] {dag.py:3096} INFO - Sync 1 DAGs
[2026-09-18T09:19:47.360+0000] {logging_mixin.py:188} INFO - [2026-09-18T09:19:47.360+0000] {dag.py:3954} INFO - Setting next_dagrun for weather_pipeline to 2026-09-18 00:00:00+00:00, run_after=2026-09-19 00:00:00+00:00
[2026-09-18T09:19:47.398+0000] {processor.py:183} INFO - Processing /opt/airflow/dags/weather_pipeline.py took 0.889 seconds
[2026-09-18T09:20:17.680+0000] {processor.py:161} INFO - Started process (PID=864) to work on /opt/airflow/dags/weather_pipeline.py
[2026-09-18T09:20:17.683+0000] {processor.py:830} INFO - Processing file /opt/airflow/dags/weather_pipeline.py for tasks to queue
[2026-09-18T09:20:17.685+0000] {logging_mixin.py:188} INFO - [2026-09-18T09:20:17.684+0000] {dagbag.py:545} INFO - Filling up the DagBag from /opt/airflow/dags/weather_pipeline.py
[2026-09-18T09:20:18.143+0000] {processor.py:840} INFO - DAG(s) 'weather_pipeline' retrieved from /opt/airflow/dags/weather_pipeline.py
[2026-09-18T09:20:18.186+0000] {logging_mixin.py:188} INFO - [2026-09-18T09:20:18.185+0000] {dag.py:3096} INFO - Sync 1 DAGs
[2026-09-18T09:20:18.217+0000] {logging_mixin.py:188} INFO - [2026-09-18T09:20:18.217+0000] {dag.py:3954} INFO - Setting next_dagrun for weather_pipeline to 2026-09-18 00:00:00+00:00, run_after=2026-09-19 00:00:00+00:00
[2026-09-18T09:20:18.249+0000] {processor.py:183} INFO - Processing /opt/airflow/dags/weather_pipeline.py took 0.577 seconds
[2026-09-18T09:20:48.539+0000] {processor.py:161} INFO - Started process (PID=866) to work on /opt/airflow/dags/weather_pipeline.py
[2026-09-18T09:20:48.542+0000] {processor.py:830} INFO - Processing file /opt/airflow/dags/weather_pipeline.py for tasks to queue
[2026-09-18T09:20:48.547+0000] {logging_mixin.py:188} INFO - [2026-09-18T09:20:48.546+0000] {dagbag.py:545} INFO - Filling up the DagBag from /opt/airflow/dags/weather_pipeline.py
[2026-09-18T09:20:49.063+0000] {processor.py:840} INFO - DAG(s) 'weather_pipeline' retrieved from /opt/airflow/dags/weather_pipeline.py
[2026-09-18T09:20:49.108+0000] {logging_mixin.py:188} INFO - [2026-09-18T09:20:49.108+0000] {dag.py:3096} INFO - Sync 1 DAGs
[2026-09-18T09:20:49.144+0000] {logging_mixin.py:188} INFO - [2026-09-18T09:20:49.144+0000] {dag.py:3954} INFO - Setting next_dagrun for weather_pipeline to 2026-09-18 00:00:00+00:00, run_after=2026-09-19 00:00:00+00:00
[2026-09-18T09:20:49.175+0000] {processor.py:183} INFO - Processing /opt/airflow/dags/weather_pipeline.py took 0.656 seconds
[2026-09-18T09:21:19.392+0000] {processor.py:161} INFO - Started process (PID=868) to work on /opt/airflow/dags/weather_pipeline.py
[2026-09-18T09:21:19.395+0000] {processor.py:830} INFO - Processing file /opt/airflow/dags/weather_pipeline.py for tasks to queue
[2026-09-18T09:21:19.402+0000] {logging_mixin.py:188} INFO - [2026-09-18T09:21:19.401+0000] {dagbag.py:545} INFO - Filling up the DagBag from /opt/airflow/dags/weather_pipeline.py
[2026-09-18T09:21:19.938+0000] {processor.py:840} INFO - DAG(s) 'weather_pipeline' retrieved from /opt/airflow/dags/weather_pipeline.py
[2026-09-18T09:21:19.983+0000] {logging_mixin.py:188} INFO - [2026-09-18T09:21:19.983+0000] {dag.py:3096} INFO - Sync 1 DAGs
[2026-09-18T09:21:20.021+0000] {logging_mixin.py:188} INFO - [2026-09-18T09:21:20.021+0000] {dag.py:3954} INFO - Setting next_dagrun for weather_pipeline to 2026-09-18 00:00:00+00:00, run_after=2026-09-19 00:00:00+00:00
[2026-09-18T09:21:20.050+0000] {processor.py:183} INFO - Processing /opt/airflow/dags/weather_pipeline.py took 0.681 seconds
[2026-09-18T09:21:50.327+0000] {processor.py:161} INFO - Started process (PID=870) to work on /opt/airflow/dags/weather_pipeline.py
[2026-09-18T09:21:50.330+0000] {processor.py:830} INFO - Processing file /opt/airflow/dags/weather_pipeline.py for tasks to queue
[2026-09-18T09:21:50.335+0000] {logging_mixin.py:188} INFO - [2026-09-18T09:21:50.334+0000] {dagbag.py:545} INFO - Filling up the DagBag from /opt/airflow/dags/weather_pipeline.py
[2026-09-18T09:21:50.859+0000] {processor.py:840} INFO - DAG(s) 'weather_pipeline' retrieved from /opt/airflow/dags/weather_pipeline.py
[2026-09-18T09:21:50.914+0000] {logging_mixin.py:188} INFO - [2026-09-18T09:21:50.913+0000] {dag.py:3096} INFO - Sync 1 DAGs
[2026-09-18T09:21:50.950+0000] {logging_mixin.py:188} INFO - [2026-09-18T09:21:50.949+0000] {dag.py:3954} INFO - Setting next_dagrun for weather_pipeline to 2026-09-18 00:00:00+00:00, run_after=2026-09-19 00:00:00+00:00
[2026-09-18T09:21:50.980+0000] {processor.py:183} INFO - Processing /opt/airflow/dags/weather_pipeline.py took 0.674 seconds
[2026-09-18T09:22:21.250+0000] {processor.py:161} INFO - Started process (PID=872) to work on /opt/airflow/dags/weather_pipeline.py
[2026-09-18T09:22:21.256+0000] {processor.py:830} INFO - Processing file /opt/airflow/dags/weather_pipeline.py for tasks to queue
[2026-09-18T09:22:21.264+0000] {logging_mixin.py:188} INFO - [2026-09-18T09:22:21.262+0000] {dagbag.py:545} INFO - Filling up the DagBag from /opt/airflow/dags/weather_pipeline.py
[2026-09-18T09:22:22.128+0000] {processor.py:840} INFO - DAG(s) 'weather_pipeline' retrieved from /opt/airflow/dags/weather_pipeline.py
[2026-09-18T09:22:22.191+0000] {logging_mixin.py:188} INFO - [2026-09-18T09:22:22.190+0000] {dag.py:3096} INFO - Sync 1 DAGs
[2026-09-18T09:22:22.242+0000] {logging_mixin.py:188} INFO - [2026-09-18T09:22:22.241+0000] {dag.py:3954} INFO - Setting next_dagrun for weather_pipeline to 2026-09-18 00:00:00+00:00, run_after=2026-09-19 00:00:00+00:00
[2026-09-18T09:22:22.280+0000] {processor.py:183} INFO - Processing /opt/airflow/dags/weather_pipeline.py took 1.063 seconds
[2026-09-18T09:22:52.505+0000] {processor.py:161} INFO - Started process (PID=874) to work on /opt/airflow/dags/weather_pipeline.py
[2026-09-18T09:22:52.508+0000] {processor.py:830} INFO - Processing file /opt/airflow/dags/weather_pipeline.py for tasks to queue
[2026-09-18T09:22:52.515+0000] {logging_mixin.py:188} INFO - [2026-09-18T09:22:52.514+0000] {dagbag.py:545} INFO - Filling up the DagBag from /opt/airflow/dags/weather_pipeline.py
[2026-09-18T09:22:53.847+0000] {processor.py:840} INFO - DAG(s) 'weather_pipeline' retrieved from /opt/airflow/dags/weather_pipeline.py
[2026-09-18T09:22:53.986+0000] {logging_mixin.py:188} INFO - [2026-09-18T09:22:53.985+0000] {dag.py:3096} INFO - Sync 1 DAGs
[2026-09-18T09:22:54.105+0000] {logging_mixin.py:188} INFO - [2026-09-18T09:22:54.103+0000] {dag.py:3954} INFO - Setting next_dagrun for weather_pipeline to 2026-09-18 00:00:00+00:00, run_after=2026-09-19 00:00:00+00:00
[2026-09-18T09:22:54.202+0000] {processor.py:183} INFO - Processing /opt/airflow/dags/weather_pipeline.py took 1.728 seconds
[2026-09-18T09:23:24.516+0000] {processor.py:161} INFO - Started process (PID=876) to work on /opt/airflow/dags/weather_pipeline.py
[2026-09-18T09:23:24.520+0000] {processor.py:830} INFO - Processing file /opt/airflow/dags/weather_pipeline.py for tasks to queue
[2026-09-18T09:23:24.525+0000] {logging_mixin.py:188} INFO - [2026-09-18T09:23:24.524+0000] {dagbag.py:545} INFO - Filling up the DagBag from /opt/airflow/dags/weather_pipeline.py
[2026-09-18T09:23:25.178+0000] {processor.py:840} INFO - DAG(s) 'weather_pipeline' retrieved from /opt/airflow/dags/weather_pipeline.py
[2026-09-18T09:23:25.232+0000] {logging_mixin.py:188} INFO - [2026-09-18T09:23:25.231+0000] {dag.py:3096} INFO - Sync 1 DAGs
[2026-09-18T09:23:25.273+0000] {logging_mixin.py:188} INFO - [2026-09-18T09:23:25.273+0000] {dag.py:3954} INFO - Setting next_dagrun for weather_pipeline to 2026-09-18 00:00:00+00:00, run_after=2026-09-19 00:00:00+00:00
[2026-09-18T09:23:25.307+0000] {processor.py:183} INFO - Processing /opt/airflow/dags/weather_pipeline.py took 0.814 seconds
[2026-09-18T09:23:55.594+0000] {processor.py:161} INFO - Started process (PID=878) to work on /opt/airflow/dags/weather_pipeline.py
[2026-09-18T09:23:55.596+0000] {processor.py:830} INFO - Processing file /opt/airflow/dags/weather_pipeline.py for tasks to queue
[2026-09-18T09:23:55.599+0000] {logging_mixin.py:188} INFO - [2026-09-18T09:23:55.598+0000] {dagbag.py:545} INFO - Filling up the DagBag from /opt/airflow/dags/weather_pipeline.py
[2026-09-18T09:23:56.498+0000] {processor.py:840} INFO - DAG(s) 'weather_pipeline' retrieved from /opt/airflow/dags/weather_pipeline.py
[2026-09-18T09:23:56.550+0000] {logging_mixin.py:188} INFO - [2026-09-18T09:23:56.549+0000] {dag.py:3096} INFO - Sync 1 DAGs
[2026-09-18T09:23:56.603+0000] {logging_mixin.py:188} INFO - [2026-09-18T09:23:56.602+0000] {dag.py:3954} INFO - Setting next_dagrun for weather_pipeline to 2026-09-18 00:00:00+00:00, run_after=2026-09-19 00:00:00+00:00
[2026-09-18T09:23:56.669+0000] {processor.py:183} INFO - Processing /opt/airflow/dags/weather_pipeline.py took 1.086 seconds
[2026-09-18T09:24:26.830+0000] {processor.py:161} INFO - Started process (PID=880) to work on /opt/airflow/dags/weather_pipeline.py
[2026-09-18T09:24:26.833+0000] {processor.py:830} INFO - Processing file /opt/airflow/dags/weather_pipeline.py for tasks to queue
[2026-09-18T09:24:26.840+0000] {logging_mixin.py:188} INFO - [2026-09-18T09:24:26.838+0000] {dagbag.py:545} INFO - Filling up the DagBag from /opt/airflow/dags/weather_pipeline.py
[2026-09-18T09:24:27.362+0000] {processor.py:840} INFO - DAG(s) 'weather_pipeline' retrieved from /opt/airflow/dags/weather_pipeline.py
[2026-09-18T09:24:27.406+0000] {logging_mixin.py:188} INFO - [2026-09-18T09:24:27.405+0000] {dag.py:3096} INFO - Sync 1 DAGs
[2026-09-18T09:24:27.455+0000] {logging_mixin.py:188} INFO - [2026-09-18T09:24:27.455+0000] {dag.py:3954} INFO - Setting next_dagrun for weather_pipeline to 2026-09-18 00:00:00+00:00, run_after=2026-09-19 00:00:00+00:00
[2026-09-18T09:24:27.487+0000] {processor.py:183} INFO - Processing /opt/airflow/dags/weather_pipeline.py took 0.680 seconds
[2026-09-18T09:24:57.795+0000] {processor.py:161} INFO - Started process (PID=882) to work on /opt/airflow/dags/weather_pipeline.py
[2026-09-18T09:24:57.796+0000] {processor.py:830} INFO - Processing file /opt/airflow/dags/weather_pipeline.py for tasks to queue
[2026-09-18T09:24:57.799+0000] {logging_mixin.py:188} INFO - [2026-09-18T09:24:57.798+0000] {dagbag.py:545} INFO - Filling up the DagBag from /opt/airflow/dags/weather_pipeline.py
[2026-09-18T09:24:58.992+0000] {processor.py:840} INFO - DAG(s) 'weather_pipeline' retrieved from /opt/airflow/dags/weather_pipeline.py
[2026-09-18T09:24:59.150+0000] {logging_mixin.py:188} INFO - [2026-09-18T09:24:59.148+0000] {dag.py:3096} INFO - Sync 1 DAGs
[2026-09-18T09:24:59.251+0000] {logging_mixin.py:188} INFO - [2026-09-18T09:24:59.249+0000] {dag.py:3954} INFO - Setting next_dagrun for weather_pipeline to 2026-09-18 00:00:00+00:00, run_after=2026-09-19 00:00:00+00:00
[2026-09-18T09:24:59.340+0000] {processor.py:183} INFO - Processing /opt/airflow/dags/weather_pipeline.py took 1.562 seconds
[2026-09-18T09:25:29.651+0000] {processor.py:161} INFO - Started process (PID=884) to work on /opt/airflow/dags/weather_pipeline.py
[2026-09-18T09:25:29.653+0000] {processor.py:830} INFO - Processing file /opt/airflow/dags/weather_pipeline.py for tasks to queue
[2026-09-18T09:25:29.656+0000] {logging_mixin.py:188} INFO - [2026-09-18T09:25:29.655+0000] {dagbag.py:545} INFO - Filling up the DagBag from /opt/airflow/dags/weather_pipeline.py
[2026-09-18T09:25:30.877+0000] {processor.py:840} INFO - DAG(s) 'weather_pipeline' retrieved from /opt/airflow/dags/weather_pipeline.py
[2026-09-18T09:25:30.973+0000] {logging_mixin.py:188} INFO - [2026-09-18T09:25:30.972+0000] {dag.py:3096} INFO - Sync 1 DAGs
[2026-09-18T09:25:31.020+0000] {logging_mixin.py:188} INFO - [2026-09-18T09:25:31.020+0000] {dag.py:3954} INFO - Setting next_dagrun for weather_pipeline to 2026-09-18 00:00:00+00:00, run_after=2026-09-19 00:00:00+00:00
[2026-09-18T09:25:31.053+0000] {processor.py:183} INFO - Processing /opt/airflow/dags/weather_pipeline.py took 1.422 seconds
[2026-09-18T09:26:01.303+0000] {processor.py:161} INFO - Started process (PID=886) to work on /opt/airflow/dags/weather_pipeline.py
[2026-09-18T09:26:01.304+0000] {processor.py:830} INFO - Processing file /opt/airflow/dags/weather_pipeline.py for tasks to queue
[2026-09-18T09:26:01.308+0000] {logging_mixin.py:188} INFO - [2026-09-18T09:26:01.307+0000] {dagbag.py:545} INFO - Filling up the DagBag from /opt/airflow/dags/weather_pipeline.py
[2026-09-18T09:26:02.173+0000] {processor.py:840} INFO - DAG(s) 'weather_pipeline' retrieved from /opt/airflow/dags/weather_pipeline.py
[2026-09-18T09:26:02.327+0000] {logging_mixin.py:188} INFO - [2026-09-18T09:26:02.326+0000] {dag.py:3096} INFO - Sync 1 DAGs
[2026-09-18T09:26:02.414+0000] {logging_mixin.py:188} INFO - [2026-09-18T09:26:02.413+0000] {dag.py:3954} INFO - Setting next_dagrun for weather_pipeline to 2026-09-18 00:00:00+00:00, run_after=2026-09-19 00:00:00+00:00
[2026-09-18T09:26:02.482+0000] {processor.py:183} INFO - Processing /opt/airflow/dags/weather_pipeline.py took 1.194 seconds
[2026-09-18T09:26:32.561+0000] {processor.py:161} INFO - Started process (PID=888) to work on /opt/airflow/dags/weather_pipeline.py
[2026-09-18T09:26:32.565+0000] {processor.py:830} INFO - Processing file /opt/airflow/dags/weather_pipeline.py for tasks to queue
[2026-09-18T09:26:32.571+0000] {logging_mixin.py:188} INFO - [2026-09-18T09:26:32.570+0000] {dagbag.py:545} INFO - Filling up the DagBag from /opt/airflow/dags/weather_pipeline.py
[2026-09-18T09:26:33.447+0000] {processor.py:840} INFO - DAG(s) 'weather_pipeline' retrieved from /opt/airflow/dags/weather_pipeline.py
[2026-09-18T09:26:33.506+0000] {logging_mixin.py:188} INFO - [2026-09-18T09:26:33.506+0000] {dag.py:3096} INFO - Sync 1 DAGs
[2026-09-18T09:26:33.552+0000] {logging_mixin.py:188} INFO - [2026-09-18T09:26:33.552+0000] {dag.py:3954} INFO - Setting next_dagrun for weather_pipeline to 2026-09-18 00:00:00+00:00, run_after=2026-09-19 00:00:00+00:00
[2026-09-18T09:26:33.589+0000] {processor.py:183} INFO - Processing /opt/airflow/dags/weather_pipeline.py took 1.054 seconds
[2026-09-18T09:27:03.849+0000] {processor.py:161} INFO - Started process (PID=890) to work on /opt/airflow/dags/weather_pipeline.py
[2026-09-18T09:27:03.856+0000] {processor.py:830} INFO - Processing file /opt/airflow/dags/weather_pipeline.py for tasks to queue
[2026-09-18T09:27:03.867+0000] {logging_mixin.py:188} INFO - [2026-09-18T09:27:03.860+0000] {dagbag.py:545} INFO - Filling up the DagBag from /opt/airflow/dags/weather_pipeline.py
[2026-09-18T09:27:05.696+0000] {processor.py:840} INFO - DAG(s) 'weather_pipeline' retrieved from /opt/airflow/dags/weather_pipeline.py
[2026-09-18T09:27:06.162+0000] {logging_mixin.py:188} INFO - [2026-09-18T09:27:06.160+0000] {dag.py:3096} INFO - Sync 1 DAGs
[2026-09-18T09:27:06.219+0000] {logging_mixin.py:188} INFO - [2026-09-18T09:27:06.218+0000] {dag.py:3954} INFO - Setting next_dagrun for weather_pipeline to 2026-09-18 00:00:00+00:00, run_after=2026-09-19 00:00:00+00:00
[2026-09-18T09:27:06.261+0000] {processor.py:183} INFO - Processing /opt/airflow/dags/weather_pipeline.py took 2.454 seconds
[2026-09-18T09:27:36.553+0000] {processor.py:161} INFO - Started process (PID=892) to work on /opt/airflow/dags/weather_pipeline.py
[2026-09-18T09:27:36.554+0000] {processor.py:830} INFO - Processing file /opt/airflow/dags/weather_pipeline.py for tasks to queue
[2026-09-18T09:27:36.560+0000] {logging_mixin.py:188} INFO - [2026-09-18T09:27:36.557+0000] {dagbag.py:545} INFO - Filling up the DagBag from /opt/airflow/dags/weather_pipeline.py
[2026-09-18T09:27:37.660+0000] {processor.py:840} INFO - DAG(s) 'weather_pipeline' retrieved from /opt/airflow/dags/weather_pipeline.py
[2026-09-18T09:27:37.804+0000] {logging_mixin.py:188} INFO - [2026-09-18T09:27:37.803+0000] {dag.py:3096} INFO - Sync 1 DAGs
[2026-09-18T09:27:37.844+0000] {logging_mixin.py:188} INFO - [2026-09-18T09:27:37.844+0000] {dag.py:3954} INFO - Setting next_dagrun for weather_pipeline to 2026-09-18 00:00:00+00:00, run_after=2026-09-19 00:00:00+00:00
[2026-09-18T09:27:37.875+0000] {processor.py:183} INFO - Processing /opt/airflow/dags/weather_pipeline.py took 1.341 seconds
[2026-09-18T09:28:08.167+0000] {processor.py:161} INFO - Started process (PID=894) to work on /opt/airflow/dags/weather_pipeline.py
[2026-09-18T09:28:08.171+0000] {processor.py:830} INFO - Processing file /opt/airflow/dags/weather_pipeline.py for tasks to queue
[2026-09-18T09:28:08.181+0000] {logging_mixin.py:188} INFO - [2026-09-18T09:28:08.177+0000] {dagbag.py:545} INFO - Filling up the DagBag from /opt/airflow/dags/weather_pipeline.py
[2026-09-18T09:28:09.303+0000] {processor.py:840} INFO - DAG(s) 'weather_pipeline' retrieved from /opt/airflow/dags/weather_pipeline.py
[2026-09-18T09:28:09.472+0000] {logging_mixin.py:188} INFO - [2026-09-18T09:28:09.471+0000] {dag.py:3096} INFO - Sync 1 DAGs
[2026-09-18T09:28:09.546+0000] {logging_mixin.py:188} INFO - [2026-09-18T09:28:09.546+0000] {dag.py:3954} INFO - Setting next_dagrun for weather_pipeline to 2026-09-18 00:00:00+00:00, run_after=2026-09-19 00:00:00+00:00
[2026-09-18T09:28:09.585+0000] {processor.py:183} INFO - Processing /opt/airflow/dags/weather_pipeline.py took 1.449 seconds
[2026-09-18T09:28:39.853+0000] {processor.py:161} INFO - Started process (PID=896) to work on /opt/airflow/dags/weather_pipeline.py
[2026-09-18T09:28:39.856+0000] {processor.py:830} INFO - Processing file /opt/airflow/dags/weather_pipeline.py for tasks to queue
[2026-09-18T09:28:39.862+0000] {logging_mixin.py:188} INFO - [2026-09-18T09:28:39.861+0000] {dagbag.py:545} INFO - Filling up the DagBag from /opt/airflow/dags/weather_pipeline.py
[2026-09-18T09:28:41.559+0000] {processor.py:840} INFO - DAG(s) 'weather_pipeline' retrieved from /opt/airflow/dags/weather_pipeline.py
[2026-09-18T09:28:41.684+0000] {logging_mixin.py:188} INFO - [2026-09-18T09:28:41.683+0000] {dag.py:3096} INFO - Sync 1 DAGs
[2026-09-18T09:28:41.750+0000] {logging_mixin.py:188} INFO - [2026-09-18T09:28:41.749+0000] {dag.py:3954} INFO - Setting next_dagrun for weather_pipeline to 2026-09-18 00:00:00+00:00, run_after=2026-09-19 00:00:00+00:00
[2026-09-18T09:28:41.812+0000] {processor.py:183} INFO - Processing /opt/airflow/dags/weather_pipeline.py took 1.982 seconds
[2026-09-18T09:29:12.105+0000] {processor.py:161} INFO - Started process (PID=898) to work on /opt/airflow/dags/weather_pipeline.py
[2026-09-18T09:29:12.108+0000] {processor.py:830} INFO - Processing file /opt/airflow/dags/weather_pipeline.py for tasks to queue
[2026-09-18T09:29:12.113+0000] {logging_mixin.py:188} INFO - [2026-09-18T09:29:12.112+0000] {dagbag.py:545} INFO - Filling up the DagBag from /opt/airflow/dags/weather_pipeline.py
[2026-09-18T09:29:13.167+0000] {processor.py:840} INFO - DAG(s) 'weather_pipeline' retrieved from /opt/airflow/dags/weather_pipeline.py
[2026-09-18T09:29:13.226+0000] {logging_mixin.py:188} INFO - [2026-09-18T09:29:13.225+0000] {dag.py:3096} INFO - Sync 1 DAGs
[2026-09-18T09:29:13.262+0000] {logging_mixin.py:188} INFO - [2026-09-18T09:29:13.262+0000] {dag.py:3954} INFO - Setting next_dagrun for weather_pipeline to 2026-09-18 00:00:00+00:00, run_after=2026-09-19 00:00:00+00:00
[2026-09-18T09:29:13.292+0000] {processor.py:183} INFO - Processing /opt/airflow/dags/weather_pipeline.py took 1.211 seconds
[2026-09-18T09:29:43.360+0000] {processor.py:161} INFO - Started process (PID=900) to work on /opt/airflow/dags/weather_pipeline.py
[2026-09-18T09:29:43.362+0000] {processor.py:830} INFO - Processing file /opt/airflow/dags/weather_pipeline.py for tasks to queue
[2026-09-18T09:29:43.366+0000] {logging_mixin.py:188} INFO - [2026-09-18T09:29:43.364+0000] {dagbag.py:545} INFO - Filling up the DagBag from /opt/airflow/dags/weather_pipeline.py
[2026-09-18T09:29:44.861+0000] {processor.py:840} INFO - DAG(s) 'weather_pipeline' retrieved from /opt/airflow/dags/weather_pipeline.py
[2026-09-18T09:29:44.950+0000] {logging_mixin.py:188} INFO - [2026-09-18T09:29:44.949+0000] {dag.py:3096} INFO - Sync 1 DAGs
[2026-09-18T09:29:44.994+0000] {logging_mixin.py:188} INFO - [2026-09-18T09:29:44.993+0000] {dag.py:3954} INFO - Setting next_dagrun for weather_pipeline to 2026-09-18 00:00:00+00:00, run_after=2026-09-19 00:00:00+00:00
[2026-09-18T09:29:45.032+0000] {processor.py:183} INFO - Processing /opt/airflow/dags/weather_pipeline.py took 1.689 seconds
[2026-09-18T09:30:15.408+0000] {processor.py:161} INFO - Started process (PID=902) to work on /opt/airflow/dags/weather_pipeline.py
[2026-09-18T09:30:15.411+0000] {processor.py:830} INFO - Processing file /opt/airflow/dags/weather_pipeline.py for tasks to queue
[2026-09-18T09:30:15.420+0000] {logging_mixin.py:188} INFO - [2026-09-18T09:30:15.417+0000] {dagbag.py:545} INFO - Filling up the DagBag from /opt/airflow/dags/weather_pipeline.py
[2026-09-18T09:30:17.576+0000] {processor.py:840} INFO - DAG(s) 'weather_pipeline' retrieved from /opt/airflow/dags/weather_pipeline.py
[2026-09-18T09:30:17.720+0000] {logging_mixin.py:188} INFO - [2026-09-18T09:30:17.719+0000] {dag.py:3096} INFO - Sync 1 DAGs
[2026-09-18T09:30:17.776+0000] {logging_mixin.py:188} INFO - [2026-09-18T09:30:17.775+0000] {dag.py:3954} INFO - Setting next_dagrun for weather_pipeline to 2026-09-18 00:00:00+00:00, run_after=2026-09-19 00:00:00+00:00
[2026-09-18T09:30:17.838+0000] {processor.py:183} INFO - Processing /opt/airflow/dags/weather_pipeline.py took 2.468 seconds
[2026-09-18T09:30:48.099+0000] {processor.py:161} INFO - Started process (PID=904) to work on /opt/airflow/dags/weather_pipeline.py
[2026-09-18T09:30:48.101+0000] {processor.py:830} INFO - Processing file /opt/airflow/dags/weather_pipeline.py for tasks to queue
[2026-09-18T09:30:48.115+0000] {logging_mixin.py:188} INFO - [2026-09-18T09:30:48.106+0000] {dagbag.py:545} INFO - Filling up the DagBag from /opt/airflow/dags/weather_pipeline.py
[2026-09-18T09:30:49.840+0000] {processor.py:840} INFO - DAG(s) 'weather_pipeline' retrieved from /opt/airflow/dags/weather_pipeline.py
[2026-09-18T09:30:50.214+0000] {logging_mixin.py:188} INFO - [2026-09-18T09:30:50.202+0000] {dag.py:3096} INFO - Sync 1 DAGs
[2026-09-18T09:30:50.264+0000] {logging_mixin.py:188} INFO - [2026-09-18T09:30:50.263+0000] {dag.py:3954} INFO - Setting next_dagrun for weather_pipeline to 2026-09-18 00:00:00+00:00, run_after=2026-09-19 00:00:00+00:00
[2026-09-18T09:30:50.309+0000] {processor.py:183} INFO - Processing /opt/airflow/dags/weather_pipeline.py took 2.249 seconds
[2026-09-18T09:31:20.445+0000] {processor.py:161} INFO - Started process (PID=906) to work on /opt/airflow/dags/weather_pipeline.py
[2026-09-18T09:31:20.449+0000] {processor.py:830} INFO - Processing file /opt/airflow/dags/weather_pipeline.py for tasks to queue
[2026-09-18T09:31:20.460+0000] {logging_mixin.py:188} INFO - [2026-09-18T09:31:20.453+0000] {dagbag.py:545} INFO - Filling up the DagBag from /opt/airflow/dags/weather_pipeline.py
[2026-09-18T09:31:22.746+0000] {processor.py:840} INFO - DAG(s) 'weather_pipeline' retrieved from /opt/airflow/dags/weather_pipeline.py
[2026-09-18T09:31:23.173+0000] {logging_mixin.py:188} INFO - [2026-09-18T09:31:23.163+0000] {dag.py:3096} INFO - Sync 1 DAGs
[2026-09-18T09:31:23.213+0000] {logging_mixin.py:188} INFO - [2026-09-18T09:31:23.213+0000] {dag.py:3954} INFO - Setting next_dagrun for weather_pipeline to 2026-09-18 00:00:00+00:00, run_after=2026-09-19 00:00:00+00:00
[2026-09-18T09:31:23.263+0000] {processor.py:183} INFO - Processing /opt/airflow/dags/weather_pipeline.py took 2.856 seconds
[2026-09-18T09:31:53.996+0000] {processor.py:161} INFO - Started process (PID=908) to work on /opt/airflow/dags/weather_pipeline.py
[2026-09-18T09:31:54.000+0000] {processor.py:830} INFO - Processing file /opt/airflow/dags/weather_pipeline.py for tasks to queue
[2026-09-18T09:31:54.013+0000] {logging_mixin.py:188} INFO - [2026-09-18T09:31:54.003+0000] {dagbag.py:545} INFO - Filling up the DagBag from /opt/airflow/dags/weather_pipeline.py
[2026-09-18T09:31:56.402+0000] {processor.py:840} INFO - DAG(s) 'weather_pipeline' retrieved from /opt/airflow/dags/weather_pipeline.py
[2026-09-18T09:31:56.781+0000] {logging_mixin.py:188} INFO - [2026-09-18T09:31:56.774+0000] {dag.py:3096} INFO - Sync 1 DAGs
[2026-09-18T09:31:56.850+0000] {logging_mixin.py:188} INFO - [2026-09-18T09:31:56.849+0000] {dag.py:3954} INFO - Setting next_dagrun for weather_pipeline to 2026-09-18 00:00:00+00:00, run_after=2026-09-19 00:00:00+00:00
[2026-09-18T09:31:56.893+0000] {processor.py:183} INFO - Processing /opt/airflow/dags/weather_pipeline.py took 3.023 seconds
[2026-09-18T09:32:27.271+0000] {processor.py:161} INFO - Started process (PID=910) to work on /opt/airflow/dags/weather_pipeline.py
[2026-09-18T09:32:27.273+0000] {processor.py:830} INFO - Processing file /opt/airflow/dags/weather_pipeline.py for tasks to queue
[2026-09-18T09:32:27.283+0000] {logging_mixin.py:188} INFO - [2026-09-18T09:32:27.278+0000] {dagbag.py:545} INFO - Filling up the DagBag from /opt/airflow/dags/weather_pipeline.py
[2026-09-18T09:32:29.098+0000] {processor.py:840} INFO - DAG(s) 'weather_pipeline' retrieved from /opt/airflow/dags/weather_pipeline.py
[2026-09-18T09:32:29.284+0000] {logging_mixin.py:188} INFO - [2026-09-18T09:32:29.283+0000] {dag.py:3096} INFO - Sync 1 DAGs
[2026-09-18T09:32:29.333+0000] {logging_mixin.py:188} INFO - [2026-09-18T09:32:29.333+0000] {dag.py:3954} INFO - Setting next_dagrun for weather_pipeline to 2026-09-18 00:00:00+00:00, run_after=2026-09-19 00:00:00+00:00
[2026-09-18T09:32:29.371+0000] {processor.py:183} INFO - Processing /opt/airflow/dags/weather_pipeline.py took 2.146 seconds
[2026-09-18T10:03:10.761+0000] {processor.py:161} INFO - Started process (PID=52) to work on /opt/airflow/dags/weather_pipeline.py
[2026-09-18T10:03:10.763+0000] {processor.py:830} INFO - Processing file /opt/airflow/dags/weather_pipeline.py for tasks to queue
[2026-09-18T10:03:10.766+0000] {logging_mixin.py:188} INFO - [2026-09-18T10:03:10.765+0000] {dagbag.py:545} INFO - Filling up the DagBag from /opt/airflow/dags/weather_pipeline.py
[2026-09-18T10:03:11.675+0000] {processor.py:840} INFO - DAG(s) 'weather_pipeline' retrieved from /opt/airflow/dags/weather_pipeline.py
[2026-09-18T10:03:11.738+0000] {logging_mixin.py:188} INFO - [2026-09-18T10:03:11.737+0000] {dag.py:3096} INFO - Sync 1 DAGs
[2026-09-18T10:03:11.789+0000] {logging_mixin.py:188} INFO - [2026-09-18T10:03:11.789+0000] {dag.py:3954} INFO - Setting next_dagrun for weather_pipeline to 2026-09-18 00:00:00+00:00, run_after=2026-09-19 00:00:00+00:00
[2026-09-18T10:03:11.825+0000] {processor.py:183} INFO - Processing /opt/airflow/dags/weather_pipeline.py took 1.076 seconds
[2026-09-18T10:03:42.274+0000] {processor.py:161} INFO - Started process (PID=64) to work on /opt/airflow/dags/weather_pipeline.py
[2026-09-18T10:03:42.283+0000] {processor.py:830} INFO - Processing file /opt/airflow/dags/weather_pipeline.py for tasks to queue
[2026-09-18T10:03:42.298+0000] {logging_mixin.py:188} INFO - [2026-09-18T10:03:42.290+0000] {dagbag.py:545} INFO - Filling up the DagBag from /opt/airflow/dags/weather_pipeline.py
[2026-09-18T10:03:51.444+0000] {processor.py:840} INFO - DAG(s) 'weather_pipeline' retrieved from /opt/airflow/dags/weather_pipeline.py
[2026-09-18T10:03:53.436+0000] {logging_mixin.py:188} INFO - [2026-09-18T10:03:53.337+0000] {dag.py:3096} INFO - Sync 1 DAGs
[2026-09-18T10:03:53.718+0000] {logging_mixin.py:188} INFO - [2026-09-18T10:03:53.697+0000] {dag.py:3954} INFO - Setting next_dagrun for weather_pipeline to 2026-09-18 00:00:00+00:00, run_after=2026-09-19 00:00:00+00:00
[2026-09-18T10:03:54.009+0000] {processor.py:183} INFO - Processing /opt/airflow/dags/weather_pipeline.py took 11.886 seconds
[2026-09-18T10:04:24.588+0000] {processor.py:161} INFO - Started process (PID=75) to work on /opt/airflow/dags/weather_pipeline.py
[2026-09-18T10:04:24.593+0000] {processor.py:830} INFO - Processing file /opt/airflow/dags/weather_pipeline.py for tasks to queue
[2026-09-18T10:04:24.603+0000] {logging_mixin.py:188} INFO - [2026-09-18T10:04:24.598+0000] {dagbag.py:545} INFO - Filling up the DagBag from /opt/airflow/dags/weather_pipeline.py
[2026-09-18T10:04:26.616+0000] {processor.py:840} INFO - DAG(s) 'weather_pipeline' retrieved from /opt/airflow/dags/weather_pipeline.py
[2026-09-18T10:04:26.951+0000] {logging_mixin.py:188} INFO - [2026-09-18T10:04:26.945+0000] {dag.py:3096} INFO - Sync 1 DAGs
[2026-09-18T10:04:26.999+0000] {logging_mixin.py:188} INFO - [2026-09-18T10:04:26.999+0000] {dag.py:3954} INFO - Setting next_dagrun for weather_pipeline to 2026-09-18 00:00:00+00:00, run_after=2026-09-19 00:00:00+00:00
[2026-09-18T10:04:27.036+0000] {processor.py:183} INFO - Processing /opt/airflow/dags/weather_pipeline.py took 2.487 seconds
[2026-09-18T10:04:57.291+0000] {processor.py:161} INFO - Started process (PID=77) to work on /opt/airflow/dags/weather_pipeline.py
[2026-09-18T10:04:57.293+0000] {processor.py:830} INFO - Processing file /opt/airflow/dags/weather_pipeline.py for tasks to queue
[2026-09-18T10:04:57.299+0000] {logging_mixin.py:188} INFO - [2026-09-18T10:04:57.295+0000] {dagbag.py:545} INFO - Filling up the DagBag from /opt/airflow/dags/weather_pipeline.py
[2026-09-18T10:04:58.669+0000] {processor.py:840} INFO - DAG(s) 'weather_pipeline' retrieved from /opt/airflow/dags/weather_pipeline.py
[2026-09-18T10:04:58.759+0000] {logging_mixin.py:188} INFO - [2026-09-18T10:04:58.759+0000] {dag.py:3096} INFO - Sync 1 DAGs
[2026-09-18T10:04:58.818+0000] {logging_mixin.py:188} INFO - [2026-09-18T10:04:58.817+0000] {dag.py:3954} INFO - Setting next_dagrun for weather_pipeline to 2026-09-18 00:00:00+00:00, run_after=2026-09-19 00:00:00+00:00
[2026-09-18T10:04:58.859+0000] {processor.py:183} INFO - Processing /opt/airflow/dags/weather_pipeline.py took 1.596 seconds
[2026-09-18T10:05:29.033+0000] {processor.py:161} INFO - Started process (PID=79) to work on /opt/airflow/dags/weather_pipeline.py
[2026-09-18T10:05:29.038+0000] {processor.py:830} INFO - Processing file /opt/airflow/dags/weather_pipeline.py for tasks to queue
[2026-09-18T10:05:29.048+0000] {logging_mixin.py:188} INFO - [2026-09-18T10:05:29.044+0000] {dagbag.py:545} INFO - Filling up the DagBag from /opt/airflow/dags/weather_pipeline.py
[2026-09-18T10:05:30.746+0000] {processor.py:840} INFO - DAG(s) 'weather_pipeline' retrieved from /opt/airflow/dags/weather_pipeline.py
[2026-09-18T10:05:30.969+0000] {logging_mixin.py:188} INFO - [2026-09-18T10:05:30.967+0000] {dag.py:3096} INFO - Sync 1 DAGs
[2026-09-18T10:05:31.043+0000] {logging_mixin.py:188} INFO - [2026-09-18T10:05:31.043+0000] {dag.py:3954} INFO - Setting next_dagrun for weather_pipeline to 2026-09-18 00:00:00+00:00, run_after=2026-09-19 00:00:00+00:00
[2026-09-18T10:05:31.103+0000] {processor.py:183} INFO - Processing /opt/airflow/dags/weather_pipeline.py took 2.110 seconds
[2026-09-18T10:06:01.249+0000] {processor.py:161} INFO - Started process (PID=81) to work on /opt/airflow/dags/weather_pipeline.py
[2026-09-18T10:06:01.251+0000] {processor.py:830} INFO - Processing file /opt/airflow/dags/weather_pipeline.py for tasks to queue
[2026-09-18T10:06:01.255+0000] {logging_mixin.py:188} INFO - [2026-09-18T10:06:01.253+0000] {dagbag.py:545} INFO - Filling up the DagBag from /opt/airflow/dags/weather_pipeline.py
[2026-09-18T10:06:02.153+0000] {processor.py:840} INFO - DAG(s) 'weather_pipeline' retrieved from /opt/airflow/dags/weather_pipeline.py
[2026-09-18T10:06:02.235+0000] {logging_mixin.py:188} INFO - [2026-09-18T10:06:02.234+0000] {dag.py:3096} INFO - Sync 1 DAGs
[2026-09-18T10:06:02.287+0000] {logging_mixin.py:188} INFO - [2026-09-18T10:06:02.287+0000] {dag.py:3954} INFO - Setting next_dagrun for weather_pipeline to 2026-09-18 00:00:00+00:00, run_after=2026-09-19 00:00:00+00:00
[2026-09-18T10:06:02.328+0000] {processor.py:183} INFO - Processing /opt/airflow/dags/weather_pipeline.py took 1.097 seconds
[2026-09-18T10:06:32.483+0000] {processor.py:161} INFO - Started process (PID=84) to work on /opt/airflow/dags/weather_pipeline.py
[2026-09-18T10:06:32.484+0000] {processor.py:830} INFO - Processing file /opt/airflow/dags/weather_pipeline.py for tasks to queue
[2026-09-18T10:06:32.488+0000] {logging_mixin.py:188} INFO - [2026-09-18T10:06:32.488+0000] {dagbag.py:545} INFO - Filling up the DagBag from /opt/airflow/dags/weather_pipeline.py
[2026-09-18T10:06:33.317+0000] {processor.py:840} INFO - DAG(s) 'weather_pipeline' retrieved from /opt/airflow/dags/weather_pipeline.py
[2026-09-18T10:06:33.370+0000] {logging_mixin.py:188} INFO - [2026-09-18T10:06:33.370+0000] {dag.py:3096} INFO - Sync 1 DAGs
[2026-09-18T10:06:33.412+0000] {logging_mixin.py:188} INFO - [2026-09-18T10:06:33.411+0000] {dag.py:3954} INFO - Setting next_dagrun for weather_pipeline to 2026-09-18 00:00:00+00:00, run_after=2026-09-19 00:00:00+00:00
[2026-09-18T10:06:33.442+0000] {processor.py:183} INFO - Processing /opt/airflow/dags/weather_pipeline.py took 0.972 seconds
[2026-09-18T10:07:03.650+0000] {processor.py:161} INFO - Started process (PID=86) to work on /opt/airflow/dags/weather_pipeline.py
[2026-09-18T10:07:03.651+0000] {processor.py:830} INFO - Processing file /opt/airflow/dags/weather_pipeline.py for tasks to queue
[2026-09-18T10:07:03.653+0000] {logging_mixin.py:188} INFO - [2026-09-18T10:07:03.652+0000] {dagbag.py:545} INFO - Filling up the DagBag from /opt/airflow/dags/weather_pipeline.py
[2026-09-18T10:07:04.305+0000] {processor.py:840} INFO - DAG(s) 'weather_pipeline' retrieved from /opt/airflow/dags/weather_pipeline.py
[2026-09-18T10:07:04.359+0000] {logging_mixin.py:188} INFO - [2026-09-18T10:07:04.359+0000] {dag.py:3096} INFO - Sync 1 DAGs
[2026-09-18T10:07:04.397+0000] {logging_mixin.py:188} INFO - [2026-09-18T10:07:04.396+0000] {dag.py:3954} INFO - Setting next_dagrun for weather_pipeline to 2026-09-18 00:00:00+00:00, run_after=2026-09-19 00:00:00+00:00
[2026-09-18T10:07:04.429+0000] {processor.py:183} INFO - Processing /opt/airflow/dags/weather_pipeline.py took 0.791 seconds
[2026-09-18T10:07:34.641+0000] {processor.py:161} INFO - Started process (PID=88) to work on /opt/airflow/dags/weather_pipeline.py
[2026-09-18T10:07:34.643+0000] {processor.py:830} INFO - Processing file /opt/airflow/dags/weather_pipeline.py for tasks to queue
[2026-09-18T10:07:34.645+0000] {logging_mixin.py:188} INFO - [2026-09-18T10:07:34.645+0000] {dagbag.py:545} INFO - Filling up the DagBag from /opt/airflow/dags/weather_pipeline.py
[2026-09-18T10:07:35.132+0000] {processor.py:840} INFO - DAG(s) 'weather_pipeline' retrieved from /opt/airflow/dags/weather_pipeline.py
[2026-09-18T10:07:35.188+0000] {logging_mixin.py:188} INFO - [2026-09-18T10:07:35.187+0000] {dag.py:3096} INFO - Sync 1 DAGs
[2026-09-18T10:07:35.234+0000] {logging_mixin.py:188} INFO - [2026-09-18T10:07:35.233+0000] {dag.py:3954} INFO - Setting next_dagrun for weather_pipeline to 2026-09-18 00:00:00+00:00, run_after=2026-09-19 00:00:00+00:00
[2026-09-18T10:07:35.266+0000] {processor.py:183} INFO - Processing /opt/airflow/dags/weather_pipeline.py took 0.633 seconds
[2026-09-18T10:08:05.498+0000] {processor.py:161} INFO - Started process (PID=90) to work on /opt/airflow/dags/weather_pipeline.py
[2026-09-18T10:08:05.499+0000] {processor.py:830} INFO - Processing file /opt/airflow/dags/weather_pipeline.py for tasks to queue
[2026-09-18T10:08:05.501+0000] {logging_mixin.py:188} INFO - [2026-09-18T10:08:05.501+0000] {dagbag.py:545} INFO - Filling up the DagBag from /opt/airflow/dags/weather_pipeline.py
[2026-09-18T10:08:06.105+0000] {processor.py:840} INFO - DAG(s) 'weather_pipeline' retrieved from /opt/airflow/dags/weather_pipeline.py
[2026-09-18T10:08:06.170+0000] {logging_mixin.py:188} INFO - [2026-09-18T10:08:06.170+0000] {dag.py:3096} INFO - Sync 1 DAGs
[2026-09-18T10:08:06.202+0000] {logging_mixin.py:188} INFO - [2026-09-18T10:08:06.201+0000] {dag.py:3954} INFO - Setting next_dagrun for weather_pipeline to 2026-09-18 00:00:00+00:00, run_after=2026-09-19 00:00:00+00:00
[2026-09-18T10:08:06.231+0000] {processor.py:183} INFO - Processing /opt/airflow/dags/weather_pipeline.py took 0.741 seconds
[2026-09-18T10:08:36.297+0000] {processor.py:161} INFO - Started process (PID=92) to work on /opt/airflow/dags/weather_pipeline.py
[2026-09-18T10:08:36.300+0000] {processor.py:830} INFO - Processing file /opt/airflow/dags/weather_pipeline.py for tasks to queue
[2026-09-18T10:08:36.304+0000] {logging_mixin.py:188} INFO - [2026-09-18T10:08:36.303+0000] {dagbag.py:545} INFO - Filling up the DagBag from /opt/airflow/dags/weather_pipeline.py
[2026-09-18T10:08:37.169+0000] {processor.py:840} INFO - DAG(s) 'weather_pipeline' retrieved from /opt/airflow/dags/weather_pipeline.py
[2026-09-18T10:08:37.287+0000] {logging_mixin.py:188} INFO - [2026-09-18T10:08:37.286+0000] {dag.py:3096} INFO - Sync 1 DAGs
[2026-09-18T10:08:37.350+0000] {logging_mixin.py:188} INFO - [2026-09-18T10:08:37.349+0000] {dag.py:3954} INFO - Setting next_dagrun for weather_pipeline to 2026-09-18 00:00:00+00:00, run_after=2026-09-19 00:00:00+00:00
[2026-09-18T10:08:37.380+0000] {processor.py:183} INFO - Processing /opt/airflow/dags/weather_pipeline.py took 1.102 seconds
[2026-09-18T10:09:07.527+0000] {processor.py:161} INFO - Started process (PID=94) to work on /opt/airflow/dags/weather_pipeline.py
[2026-09-18T10:09:07.530+0000] {processor.py:830} INFO - Processing file /opt/airflow/dags/weather_pipeline.py for tasks to queue
[2026-09-18T10:09:07.536+0000] {logging_mixin.py:188} INFO - [2026-09-18T10:09:07.535+0000] {dagbag.py:545} INFO - Filling up the DagBag from /opt/airflow/dags/weather_pipeline.py
[2026-09-18T10:09:08.393+0000] {processor.py:840} INFO - DAG(s) 'weather_pipeline' retrieved from /opt/airflow/dags/weather_pipeline.py
[2026-09-18T10:09:08.464+0000] {logging_mixin.py:188} INFO - [2026-09-18T10:09:08.463+0000] {dag.py:3096} INFO - Sync 1 DAGs
[2026-09-18T10:09:08.513+0000] {logging_mixin.py:188} INFO - [2026-09-18T10:09:08.512+0000] {dag.py:3954} INFO - Setting next_dagrun for weather_pipeline to 2026-09-18 00:00:00+00:00, run_after=2026-09-19 00:00:00+00:00
[2026-09-18T10:09:08.546+0000] {processor.py:183} INFO - Processing /opt/airflow/dags/weather_pipeline.py took 1.038 seconds
[2026-09-18T10:09:38.800+0000] {processor.py:161} INFO - Started process (PID=96) to work on /opt/airflow/dags/weather_pipeline.py
[2026-09-18T10:09:38.804+0000] {processor.py:830} INFO - Processing file /opt/airflow/dags/weather_pipeline.py for tasks to queue
[2026-09-18T10:09:38.812+0000] {logging_mixin.py:188} INFO - [2026-09-18T10:09:38.809+0000] {dagbag.py:545} INFO - Filling up the DagBag from /opt/airflow/dags/weather_pipeline.py
[2026-09-18T10:09:40.103+0000] {processor.py:840} INFO - DAG(s) 'weather_pipeline' retrieved from /opt/airflow/dags/weather_pipeline.py
[2026-09-18T10:09:40.252+0000] {logging_mixin.py:188} INFO - [2026-09-18T10:09:40.250+0000] {dag.py:3096} INFO - Sync 1 DAGs
[2026-09-18T10:09:40.395+0000] {logging_mixin.py:188} INFO - [2026-09-18T10:09:40.395+0000] {dag.py:3954} INFO - Setting next_dagrun for weather_pipeline to 2026-09-18 00:00:00+00:00, run_after=2026-09-19 00:00:00+00:00
[2026-09-18T10:09:40.438+0000] {processor.py:183} INFO - Processing /opt/airflow/dags/weather_pipeline.py took 1.672 seconds
[2026-09-18T10:10:10.677+0000] {processor.py:161} INFO - Started process (PID=98) to work on /opt/airflow/dags/weather_pipeline.py
[2026-09-18T10:10:10.678+0000] {processor.py:830} INFO - Processing file /opt/airflow/dags/weather_pipeline.py for tasks to queue
[2026-09-18T10:10:10.680+0000] {logging_mixin.py:188} INFO - [2026-09-18T10:10:10.680+0000] {dagbag.py:545} INFO - Filling up the DagBag from /opt/airflow/dags/weather_pipeline.py
[2026-09-18T10:10:11.293+0000] {processor.py:840} INFO - DAG(s) 'weather_pipeline' retrieved from /opt/airflow/dags/weather_pipeline.py
[2026-09-18T10:10:11.341+0000] {logging_mixin.py:188} INFO - [2026-09-18T10:10:11.341+0000] {dag.py:3096} INFO - Sync 1 DAGs
[2026-09-18T10:10:11.377+0000] {logging_mixin.py:188} INFO - [2026-09-18T10:10:11.377+0000] {dag.py:3954} INFO - Setting next_dagrun for weather_pipeline to 2026-09-18 00:00:00+00:00, run_after=2026-09-19 00:00:00+00:00
[2026-09-18T10:10:11.407+0000] {processor.py:183} INFO - Processing /opt/airflow/dags/weather_pipeline.py took 0.739 seconds
[2026-09-18T10:10:41.660+0000] {processor.py:161} INFO - Started process (PID=100) to work on /opt/airflow/dags/weather_pipeline.py
[2026-09-18T10:10:41.663+0000] {processor.py:830} INFO - Processing file /opt/airflow/dags/weather_pipeline.py for tasks to queue
[2026-09-18T10:10:41.672+0000] {logging_mixin.py:188} INFO - [2026-09-18T10:10:41.668+0000] {dagbag.py:545} INFO - Filling up the DagBag from /opt/airflow/dags/weather_pipeline.py
[2026-09-18T10:10:42.893+0000] {processor.py:840} INFO - DAG(s) 'weather_pipeline' retrieved from /opt/airflow/dags/weather_pipeline.py
[2026-09-18T10:10:42.983+0000] {logging_mixin.py:188} INFO - [2026-09-18T10:10:42.981+0000] {dag.py:3096} INFO - Sync 1 DAGs
[2026-09-18T10:10:43.058+0000] {logging_mixin.py:188} INFO - [2026-09-18T10:10:43.057+0000] {dag.py:3954} INFO - Setting next_dagrun for weather_pipeline to 2026-09-18 00:00:00+00:00, run_after=2026-09-19 00:00:00+00:00
[2026-09-18T10:10:43.117+0000] {processor.py:183} INFO - Processing /opt/airflow/dags/weather_pipeline.py took 1.493 seconds
[2026-09-18T10:11:13.391+0000] {processor.py:161} INFO - Started process (PID=102) to work on /opt/airflow/dags/weather_pipeline.py
[2026-09-18T10:11:13.393+0000] {processor.py:830} INFO - Processing file /opt/airflow/dags/weather_pipeline.py for tasks to queue
[2026-09-18T10:11:13.397+0000] {logging_mixin.py:188} INFO - [2026-09-18T10:11:13.396+0000] {dagbag.py:545} INFO - Filling up the DagBag from /opt/airflow/dags/weather_pipeline.py
[2026-09-18T10:11:14.182+0000] {processor.py:840} INFO - DAG(s) 'weather_pipeline' retrieved from /opt/airflow/dags/weather_pipeline.py
[2026-09-18T10:11:14.242+0000] {logging_mixin.py:188} INFO - [2026-09-18T10:11:14.241+0000] {dag.py:3096} INFO - Sync 1 DAGs
[2026-09-18T10:11:14.281+0000] {logging_mixin.py:188} INFO - [2026-09-18T10:11:14.280+0000] {dag.py:3954} INFO - Setting next_dagrun for weather_pipeline to 2026-09-18 00:00:00+00:00, run_after=2026-09-19 00:00:00+00:00
[2026-09-18T10:11:14.312+0000] {processor.py:183} INFO - Processing /opt/airflow/dags/weather_pipeline.py took 0.943 seconds
[2026-09-18T10:11:44.571+0000] {processor.py:161} INFO - Started process (PID=104) to work on /opt/airflow/dags/weather_pipeline.py
[2026-09-18T10:11:44.572+0000] {processor.py:830} INFO - Processing file /opt/airflow/dags/weather_pipeline.py for tasks to queue
[2026-09-18T10:11:44.574+0000] {logging_mixin.py:188} INFO - [2026-09-18T10:11:44.573+0000] {dagbag.py:545} INFO - Filling up the DagBag from /opt/airflow/dags/weather_pipeline.py
[2026-09-18T10:11:45.026+0000] {processor.py:840} INFO - DAG(s) 'weather_pipeline' retrieved from /opt/airflow/dags/weather_pipeline.py
[2026-09-18T10:11:45.067+0000] {logging_mixin.py:188} INFO - [2026-09-18T10:11:45.066+0000] {dag.py:3096} INFO - Sync 1 DAGs
[2026-09-18T10:11:45.097+0000] {logging_mixin.py:188} INFO - [2026-09-18T10:11:45.097+0000] {dag.py:3954} INFO - Setting next_dagrun for weather_pipeline to 2026-09-18 00:00:00+00:00, run_after=2026-09-19 00:00:00+00:00
[2026-09-18T10:11:45.126+0000] {processor.py:183} INFO - Processing /opt/airflow/dags/weather_pipeline.py took 0.563 seconds
[2026-09-18T10:12:15.293+0000] {processor.py:161} INFO - Started process (PID=106) to work on /opt/airflow/dags/weather_pipeline.py
[2026-09-18T10:12:15.296+0000] {processor.py:830} INFO - Processing file /opt/airflow/dags/weather_pipeline.py for tasks to queue
[2026-09-18T10:12:15.306+0000] {logging_mixin.py:188} INFO - [2026-09-18T10:12:15.302+0000] {dagbag.py:545} INFO - Filling up the DagBag from /opt/airflow/dags/weather_pipeline.py
[2026-09-18T10:12:16.730+0000] {processor.py:840} INFO - DAG(s) 'weather_pipeline' retrieved from /opt/airflow/dags/weather_pipeline.py
[2026-09-18T10:12:16.858+0000] {logging_mixin.py:188} INFO - [2026-09-18T10:12:16.857+0000] {dag.py:3096} INFO - Sync 1 DAGs
[2026-09-18T10:12:16.946+0000] {logging_mixin.py:188} INFO - [2026-09-18T10:12:16.945+0000] {dag.py:3954} INFO - Setting next_dagrun for weather_pipeline to 2026-09-18 00:00:00+00:00, run_after=2026-09-19 00:00:00+00:00
[2026-09-18T10:12:17.018+0000] {processor.py:183} INFO - Processing /opt/airflow/dags/weather_pipeline.py took 1.763 seconds
[2026-09-18T10:12:47.308+0000] {processor.py:161} INFO - Started process (PID=108) to work on /opt/airflow/dags/weather_pipeline.py
[2026-09-18T10:12:47.311+0000] {processor.py:830} INFO - Processing file /opt/airflow/dags/weather_pipeline.py for tasks to queue
[2026-09-18T10:12:47.317+0000] {logging_mixin.py:188} INFO - [2026-09-18T10:12:47.316+0000] {dagbag.py:545} INFO - Filling up the DagBag from /opt/airflow/dags/weather_pipeline.py
[2026-09-18T10:12:48.267+0000] {processor.py:840} INFO - DAG(s) 'weather_pipeline' retrieved from /opt/airflow/dags/weather_pipeline.py
[2026-09-18T10:12:48.382+0000] {logging_mixin.py:188} INFO - [2026-09-18T10:12:48.381+0000] {dag.py:3096} INFO - Sync 1 DAGs
[2026-09-18T10:12:48.461+0000] {logging_mixin.py:188} INFO - [2026-09-18T10:12:48.460+0000] {dag.py:3954} INFO - Setting next_dagrun for weather_pipeline to 2026-09-18 00:00:00+00:00, run_after=2026-09-19 00:00:00+00:00
[2026-09-18T10:12:48.517+0000] {processor.py:183} INFO - Processing /opt/airflow/dags/weather_pipeline.py took 1.229 seconds
[2026-09-18T10:13:18.822+0000] {processor.py:161} INFO - Started process (PID=110) to work on /opt/airflow/dags/weather_pipeline.py
[2026-09-18T10:13:18.825+0000] {processor.py:830} INFO - Processing file /opt/airflow/dags/weather_pipeline.py for tasks to queue
[2026-09-18T10:13:18.830+0000] {logging_mixin.py:188} INFO - [2026-09-18T10:13:18.829+0000] {dagbag.py:545} INFO - Filling up the DagBag from /opt/airflow/dags/weather_pipeline.py
[2026-09-18T10:13:19.386+0000] {processor.py:840} INFO - DAG(s) 'weather_pipeline' retrieved from /opt/airflow/dags/weather_pipeline.py
[2026-09-18T10:13:19.467+0000] {logging_mixin.py:188} INFO - [2026-09-18T10:13:19.466+0000] {dag.py:3096} INFO - Sync 1 DAGs
[2026-09-18T10:13:19.514+0000] {logging_mixin.py:188} INFO - [2026-09-18T10:13:19.513+0000] {dag.py:3954} INFO - Setting next_dagrun for weather_pipeline to 2026-09-18 00:00:00+00:00, run_after=2026-09-19 00:00:00+00:00
[2026-09-18T10:13:19.543+0000] {processor.py:183} INFO - Processing /opt/airflow/dags/weather_pipeline.py took 0.739 seconds
[2026-09-18T10:13:49.817+0000] {processor.py:161} INFO - Started process (PID=112) to work on /opt/airflow/dags/weather_pipeline.py
[2026-09-18T10:13:49.820+0000] {processor.py:830} INFO - Processing file /opt/airflow/dags/weather_pipeline.py for tasks to queue
[2026-09-18T10:13:49.827+0000] {logging_mixin.py:188} INFO - [2026-09-18T10:13:49.824+0000] {dagbag.py:545} INFO - Filling up the DagBag from /opt/airflow/dags/weather_pipeline.py
[2026-09-18T10:13:51.012+0000] {processor.py:840} INFO - DAG(s) 'weather_pipeline' retrieved from /opt/airflow/dags/weather_pipeline.py
[2026-09-18T10:13:51.133+0000] {logging_mixin.py:188} INFO - [2026-09-18T10:13:51.132+0000] {dag.py:3096} INFO - Sync 1 DAGs
[2026-09-18T10:13:51.182+0000] {logging_mixin.py:188} INFO - [2026-09-18T10:13:51.182+0000] {dag.py:3954} INFO - Setting next_dagrun for weather_pipeline to 2026-09-18 00:00:00+00:00, run_after=2026-09-19 00:00:00+00:00
[2026-09-18T10:13:51.213+0000] {processor.py:183} INFO - Processing /opt/airflow/dags/weather_pipeline.py took 1.425 seconds
[2026-09-18T10:14:21.463+0000] {processor.py:161} INFO - Started process (PID=114) to work on /opt/airflow/dags/weather_pipeline.py
[2026-09-18T10:14:21.466+0000] {processor.py:830} INFO - Processing file /opt/airflow/dags/weather_pipeline.py for tasks to queue
[2026-09-18T10:14:21.473+0000] {logging_mixin.py:188} INFO - [2026-09-18T10:14:21.471+0000] {dagbag.py:545} INFO - Filling up the DagBag from /opt/airflow/dags/weather_pipeline.py
[2026-09-18T10:14:22.060+0000] {processor.py:840} INFO - DAG(s) 'weather_pipeline' retrieved from /opt/airflow/dags/weather_pipeline.py
[2026-09-18T10:14:22.107+0000] {logging_mixin.py:188} INFO - [2026-09-18T10:14:22.106+0000] {dag.py:3096} INFO - Sync 1 DAGs
[2026-09-18T10:14:22.141+0000] {logging_mixin.py:188} INFO - [2026-09-18T10:14:22.140+0000] {dag.py:3954} INFO - Setting next_dagrun for weather_pipeline to 2026-09-18 00:00:00+00:00, run_after=2026-09-19 00:00:00+00:00
[2026-09-18T10:14:22.168+0000] {processor.py:183} INFO - Processing /opt/airflow/dags/weather_pipeline.py took 0.729 seconds
[2026-09-18T10:14:52.437+0000] {processor.py:161} INFO - Started process (PID=116) to work on /opt/airflow/dags/weather_pipeline.py
[2026-09-18T10:14:52.439+0000] {processor.py:830} INFO - Processing file /opt/airflow/dags/weather_pipeline.py for tasks to queue
[2026-09-18T10:14:52.442+0000] {logging_mixin.py:188} INFO - [2026-09-18T10:14:52.441+0000] {dagbag.py:545} INFO - Filling up the DagBag from /opt/airflow/dags/weather_pipeline.py
[2026-09-18T10:14:53.324+0000] {processor.py:840} INFO - DAG(s) 'weather_pipeline' retrieved from /opt/airflow/dags/weather_pipeline.py
[2026-09-18T10:14:53.425+0000] {logging_mixin.py:188} INFO - [2026-09-18T10:14:53.424+0000] {dag.py:3096} INFO - Sync 1 DAGs
[2026-09-18T10:14:53.499+0000] {logging_mixin.py:188} INFO - [2026-09-18T10:14:53.498+0000] {dag.py:3954} INFO - Setting next_dagrun for weather_pipeline to 2026-09-18 00:00:00+00:00, run_after=2026-09-19 00:00:00+00:00
[2026-09-18T10:14:53.557+0000] {processor.py:183} INFO - Processing /opt/airflow/dags/weather_pipeline.py took 1.131 seconds
[2026-09-18T10:15:23.659+0000] {processor.py:161} INFO - Started process (PID=118) to work on /opt/airflow/dags/weather_pipeline.py
[2026-09-18T10:15:23.662+0000] {processor.py:830} INFO - Processing file /opt/airflow/dags/weather_pipeline.py for tasks to queue
[2026-09-18T10:15:23.668+0000] {logging_mixin.py:188} INFO - [2026-09-18T10:15:23.667+0000] {dagbag.py:545} INFO - Filling up the DagBag from /opt/airflow/dags/weather_pipeline.py
[2026-09-18T10:15:24.832+0000] {processor.py:840} INFO - DAG(s) 'weather_pipeline' retrieved from /opt/airflow/dags/weather_pipeline.py
[2026-09-18T10:15:24.952+0000] {logging_mixin.py:188} INFO - [2026-09-18T10:15:24.950+0000] {dag.py:3096} INFO - Sync 1 DAGs
[2026-09-18T10:15:25.034+0000] {logging_mixin.py:188} INFO - [2026-09-18T10:15:25.033+0000] {dag.py:3954} INFO - Setting next_dagrun for weather_pipeline to 2026-09-18 00:00:00+00:00, run_after=2026-09-19 00:00:00+00:00
[2026-09-18T10:15:25.091+0000] {processor.py:183} INFO - Processing /opt/airflow/dags/weather_pipeline.py took 1.458 seconds
[2026-09-18T10:15:55.341+0000] {processor.py:161} INFO - Started process (PID=120) to work on /opt/airflow/dags/weather_pipeline.py
[2026-09-18T10:15:55.344+0000] {processor.py:830} INFO - Processing file /opt/airflow/dags/weather_pipeline.py for tasks to queue
[2026-09-18T10:15:55.349+0000] {logging_mixin.py:188} INFO - [2026-09-18T10:15:55.348+0000] {dagbag.py:545} INFO - Filling up the DagBag from /opt/airflow/dags/weather_pipeline.py
[2026-09-18T10:15:55.865+0000] {processor.py:840} INFO - DAG(s) 'weather_pipeline' retrieved from /opt/airflow/dags/weather_pipeline.py
[2026-09-18T10:15:55.908+0000] {logging_mixin.py:188} INFO - [2026-09-18T10:15:55.908+0000] {dag.py:3096} INFO - Sync 1 DAGs
[2026-09-18T10:15:55.942+0000] {logging_mixin.py:188} INFO - [2026-09-18T10:15:55.942+0000] {dag.py:3954} INFO - Setting next_dagrun for weather_pipeline to 2026-09-18 00:00:00+00:00, run_after=2026-09-19 00:00:00+00:00
[2026-09-18T10:15:55.971+0000] {processor.py:183} INFO - Processing /opt/airflow/dags/weather_pipeline.py took 0.648 seconds
[2026-09-18T10:16:26.170+0000] {processor.py:161} INFO - Started process (PID=122) to work on /opt/airflow/dags/weather_pipeline.py
[2026-09-18T10:16:26.172+0000] {processor.py:830} INFO - Processing file /opt/airflow/dags/weather_pipeline.py for tasks to queue
[2026-09-18T10:16:26.174+0000] {logging_mixin.py:188} INFO - [2026-09-18T10:16:26.174+0000] {dagbag.py:545} INFO - Filling up the DagBag from /opt/airflow/dags/weather_pipeline.py
[2026-09-18T10:16:26.663+0000] {processor.py:840} INFO - DAG(s) 'weather_pipeline' retrieved from /opt/airflow/dags/weather_pipeline.py
[2026-09-18T10:16:26.709+0000] {logging_mixin.py:188} INFO - [2026-09-18T10:16:26.708+0000] {dag.py:3096} INFO - Sync 1 DAGs
[2026-09-18T10:16:26.743+0000] {logging_mixin.py:188} INFO - [2026-09-18T10:16:26.742+0000] {dag.py:3954} INFO - Setting next_dagrun for weather_pipeline to 2026-09-18 00:00:00+00:00, run_after=2026-09-19 00:00:00+00:00
[2026-09-18T10:16:26.770+0000] {processor.py:183} INFO - Processing /opt/airflow/dags/weather_pipeline.py took 0.608 seconds
[2026-09-18T10:16:57.053+0000] {processor.py:161} INFO - Started process (PID=124) to work on /opt/airflow/dags/weather_pipeline.py
[2026-09-18T10:16:57.056+0000] {processor.py:830} INFO - Processing file /opt/airflow/dags/weather_pipeline.py for tasks to queue
[2026-09-18T10:16:57.062+0000] {logging_mixin.py:188} INFO - [2026-09-18T10:16:57.061+0000] {dagbag.py:545} INFO - Filling up the DagBag from /opt/airflow/dags/weather_pipeline.py
[2026-09-18T10:16:57.587+0000] {processor.py:840} INFO - DAG(s) 'weather_pipeline' retrieved from /opt/airflow/dags/weather_pipeline.py
[2026-09-18T10:16:57.634+0000] {logging_mixin.py:188} INFO - [2026-09-18T10:16:57.633+0000] {dag.py:3096} INFO - Sync 1 DAGs
[2026-09-18T10:16:57.668+0000] {logging_mixin.py:188} INFO - [2026-09-18T10:16:57.668+0000] {dag.py:3954} INFO - Setting next_dagrun for weather_pipeline to 2026-09-18 00:00:00+00:00, run_after=2026-09-19 00:00:00+00:00
[2026-09-18T10:16:57.698+0000] {processor.py:183} INFO - Processing /opt/airflow/dags/weather_pipeline.py took 0.664 seconds
[2026-09-18T10:17:27.982+0000] {processor.py:161} INFO - Started process (PID=126) to work on /opt/airflow/dags/weather_pipeline.py
[2026-09-18T10:17:27.987+0000] {processor.py:830} INFO - Processing file /opt/airflow/dags/weather_pipeline.py for tasks to queue
[2026-09-18T10:17:27.994+0000] {logging_mixin.py:188} INFO - [2026-09-18T10:17:27.993+0000] {dagbag.py:545} INFO - Filling up the DagBag from /opt/airflow/dags/weather_pipeline.py
[2026-09-18T10:17:28.546+0000] {processor.py:840} INFO - DAG(s) 'weather_pipeline' retrieved from /opt/airflow/dags/weather_pipeline.py
[2026-09-18T10:17:28.592+0000] {logging_mixin.py:188} INFO - [2026-09-18T10:17:28.592+0000] {dag.py:3096} INFO - Sync 1 DAGs
[2026-09-18T10:17:28.625+0000] {logging_mixin.py:188} INFO - [2026-09-18T10:17:28.625+0000] {dag.py:3954} INFO - Setting next_dagrun for weather_pipeline to 2026-09-18 00:00:00+00:00, run_after=2026-09-19 00:00:00+00:00
[2026-09-18T10:17:28.654+0000] {processor.py:183} INFO - Processing /opt/airflow/dags/weather_pipeline.py took 0.696 seconds
[2026-09-18T10:17:58.914+0000] {processor.py:161} INFO - Started process (PID=128) to work on /opt/airflow/dags/weather_pipeline.py
[2026-09-18T10:17:58.917+0000] {processor.py:830} INFO - Processing file /opt/airflow/dags/weather_pipeline.py for tasks to queue
[2026-09-18T10:17:58.922+0000] {logging_mixin.py:188} INFO - [2026-09-18T10:17:58.921+0000] {dagbag.py:545} INFO - Filling up the DagBag from /opt/airflow/dags/weather_pipeline.py
[2026-09-18T10:17:59.477+0000] {processor.py:840} INFO - DAG(s) 'weather_pipeline' retrieved from /opt/airflow/dags/weather_pipeline.py
[2026-09-18T10:17:59.522+0000] {logging_mixin.py:188} INFO - [2026-09-18T10:17:59.521+0000] {dag.py:3096} INFO - Sync 1 DAGs
[2026-09-18T10:17:59.565+0000] {logging_mixin.py:188} INFO - [2026-09-18T10:17:59.565+0000] {dag.py:3954} INFO - Setting next_dagrun for weather_pipeline to 2026-09-18 00:00:00+00:00, run_after=2026-09-19 00:00:00+00:00
[2026-09-18T10:17:59.594+0000] {processor.py:183} INFO - Processing /opt/airflow/dags/weather_pipeline.py took 0.700 seconds
[2026-09-18T10:18:29.848+0000] {processor.py:161} INFO - Started process (PID=130) to work on /opt/airflow/dags/weather_pipeline.py
[2026-09-18T10:18:29.849+0000] {processor.py:830} INFO - Processing file /opt/airflow/dags/weather_pipeline.py for tasks to queue
[2026-09-18T10:18:29.852+0000] {logging_mixin.py:188} INFO - [2026-09-18T10:18:29.852+0000] {dagbag.py:545} INFO - Filling up the DagBag from /opt/airflow/dags/weather_pipeline.py
[2026-09-18T10:18:30.348+0000] {processor.py:840} INFO - DAG(s) 'weather_pipeline' retrieved from /opt/airflow/dags/weather_pipeline.py
[2026-09-18T10:18:30.398+0000] {logging_mixin.py:188} INFO - [2026-09-18T10:18:30.398+0000] {dag.py:3096} INFO - Sync 1 DAGs
[2026-09-18T10:18:30.438+0000] {logging_mixin.py:188} INFO - [2026-09-18T10:18:30.437+0000] {dag.py:3954} INFO - Setting next_dagrun for weather_pipeline to 2026-09-18 00:00:00+00:00, run_after=2026-09-19 00:00:00+00:00
[2026-09-18T10:18:30.467+0000] {processor.py:183} INFO - Processing /opt/airflow/dags/weather_pipeline.py took 0.628 seconds
[2026-09-18T10:19:00.638+0000] {processor.py:161} INFO - Started process (PID=132) to work on /opt/airflow/dags/weather_pipeline.py
[2026-09-18T10:19:00.640+0000] {processor.py:830} INFO - Processing file /opt/airflow/dags/weather_pipeline.py for tasks to queue
[2026-09-18T10:19:00.645+0000] {logging_mixin.py:188} INFO - [2026-09-18T10:19:00.644+0000] {dagbag.py:545} INFO - Filling up the DagBag from /opt/airflow/dags/weather_pipeline.py
[2026-09-18T10:19:01.498+0000] {processor.py:840} INFO - DAG(s) 'weather_pipeline' retrieved from /opt/airflow/dags/weather_pipeline.py
[2026-09-18T10:19:01.543+0000] {logging_mixin.py:188} INFO - [2026-09-18T10:19:01.542+0000] {dag.py:3096} INFO - Sync 1 DAGs
[2026-09-18T10:19:01.578+0000] {logging_mixin.py:188} INFO - [2026-09-18T10:19:01.577+0000] {dag.py:3954} INFO - Setting next_dagrun for weather_pipeline to 2026-09-18 00:00:00+00:00, run_after=2026-09-19 00:00:00+00:00
[2026-09-18T10:19:01.605+0000] {processor.py:183} INFO - Processing /opt/airflow/dags/weather_pipeline.py took 0.988 seconds
[2026-09-18T10:19:31.862+0000] {processor.py:161} INFO - Started process (PID=134) to work on /opt/airflow/dags/weather_pipeline.py
[2026-09-18T10:19:31.865+0000] {processor.py:830} INFO - Processing file /opt/airflow/dags/weather_pipeline.py for tasks to queue
[2026-09-18T10:19:31.870+0000] {logging_mixin.py:188} INFO - [2026-09-18T10:19:31.869+0000] {dagbag.py:545} INFO - Filling up the DagBag from /opt/airflow/dags/weather_pipeline.py
[2026-09-18T10:19:32.401+0000] {processor.py:840} INFO - DAG(s) 'weather_pipeline' retrieved from /opt/airflow/dags/weather_pipeline.py
[2026-09-18T10:19:32.457+0000] {logging_mixin.py:188} INFO - [2026-09-18T10:19:32.456+0000] {dag.py:3096} INFO - Sync 1 DAGs
[2026-09-18T10:19:32.494+0000] {logging_mixin.py:188} INFO - [2026-09-18T10:19:32.493+0000] {dag.py:3954} INFO - Setting next_dagrun for weather_pipeline to 2026-09-18 00:00:00+00:00, run_after=2026-09-19 00:00:00+00:00
[2026-09-18T10:19:32.526+0000] {processor.py:183} INFO - Processing /opt/airflow/dags/weather_pipeline.py took 0.683 seconds
[2026-09-18T10:20:02.783+0000] {processor.py:161} INFO - Started process (PID=136) to work on /opt/airflow/dags/weather_pipeline.py
[2026-09-18T10:20:02.787+0000] {processor.py:830} INFO - Processing file /opt/airflow/dags/weather_pipeline.py for tasks to queue
[2026-09-18T10:20:02.792+0000] {logging_mixin.py:188} INFO - [2026-09-18T10:20:02.791+0000] {dagbag.py:545} INFO - Filling up the DagBag from /opt/airflow/dags/weather_pipeline.py
[2026-09-18T10:20:03.349+0000] {processor.py:840} INFO - DAG(s) 'weather_pipeline' retrieved from /opt/airflow/dags/weather_pipeline.py
[2026-09-18T10:20:03.394+0000] {logging_mixin.py:188} INFO - [2026-09-18T10:20:03.393+0000] {dag.py:3096} INFO - Sync 1 DAGs
[2026-09-18T10:20:03.428+0000] {logging_mixin.py:188} INFO - [2026-09-18T10:20:03.428+0000] {dag.py:3954} INFO - Setting next_dagrun for weather_pipeline to 2026-09-18 00:00:00+00:00, run_after=2026-09-19 00:00:00+00:00
[2026-09-18T10:20:03.454+0000] {processor.py:183} INFO - Processing /opt/airflow/dags/weather_pipeline.py took 0.690 seconds
[2026-09-18T10:21:17.508+0000] {processor.py:161} INFO - Started process (PID=52) to work on /opt/airflow/dags/weather_pipeline.py
[2026-09-18T10:21:17.509+0000] {processor.py:830} INFO - Processing file /opt/airflow/dags/weather_pipeline.py for tasks to queue
[2026-09-18T10:21:17.512+0000] {logging_mixin.py:188} INFO - [2026-09-18T10:21:17.512+0000] {dagbag.py:545} INFO - Filling up the DagBag from /opt/airflow/dags/weather_pipeline.py
[2026-09-18T10:21:18.011+0000] {processor.py:840} INFO - DAG(s) 'weather_pipeline' retrieved from /opt/airflow/dags/weather_pipeline.py
[2026-09-18T10:21:18.054+0000] {logging_mixin.py:188} INFO - [2026-09-18T10:21:18.054+0000] {dag.py:3096} INFO - Sync 1 DAGs
[2026-09-18T10:21:18.085+0000] {logging_mixin.py:188} INFO - [2026-09-18T10:21:18.085+0000] {dag.py:3954} INFO - Setting next_dagrun for weather_pipeline to 2026-09-18 00:00:00+00:00, run_after=2026-09-19 00:00:00+00:00
[2026-09-18T10:21:18.112+0000] {processor.py:183} INFO - Processing /opt/airflow/dags/weather_pipeline.py took 0.613 seconds
[2026-09-18T10:21:39.670+0000] {processor.py:161} INFO - Started process (PID=52) to work on /opt/airflow/dags/weather_pipeline.py
[2026-09-18T10:21:39.672+0000] {processor.py:830} INFO - Processing file /opt/airflow/dags/weather_pipeline.py for tasks to queue
[2026-09-18T10:21:39.674+0000] {logging_mixin.py:188} INFO - [2026-09-18T10:21:39.673+0000] {dagbag.py:545} INFO - Filling up the DagBag from /opt/airflow/dags/weather_pipeline.py
[2026-09-18T10:21:40.130+0000] {processor.py:840} INFO - DAG(s) 'weather_pipeline' retrieved from /opt/airflow/dags/weather_pipeline.py
[2026-09-18T10:21:40.171+0000] {logging_mixin.py:188} INFO - [2026-09-18T10:21:40.171+0000] {dag.py:3096} INFO - Sync 1 DAGs
[2026-09-18T10:21:40.202+0000] {logging_mixin.py:188} INFO - [2026-09-18T10:21:40.202+0000] {dag.py:3954} INFO - Setting next_dagrun for weather_pipeline to 2026-09-18 00:00:00+00:00, run_after=2026-09-19 00:00:00+00:00
[2026-09-18T10:21:40.231+0000] {processor.py:183} INFO - Processing /opt/airflow/dags/weather_pipeline.py took 0.569 seconds
[2026-09-18T10:22:10.427+0000] {processor.py:161} INFO - Started process (PID=73) to work on /opt/airflow/dags/weather_pipeline.py
[2026-09-18T10:22:10.431+0000] {processor.py:830} INFO - Processing file /opt/airflow/dags/weather_pipeline.py for tasks to queue
[2026-09-18T10:22:10.436+0000] {logging_mixin.py:188} INFO - [2026-09-18T10:22:10.435+0000] {dagbag.py:545} INFO - Filling up the DagBag from /opt/airflow/dags/weather_pipeline.py
[2026-09-18T10:22:11.272+0000] {processor.py:840} INFO - DAG(s) 'weather_pipeline' retrieved from /opt/airflow/dags/weather_pipeline.py
[2026-09-18T10:22:11.520+0000] {logging_mixin.py:188} INFO - [2026-09-18T10:22:11.520+0000] {dag.py:3096} INFO - Sync 1 DAGs
[2026-09-18T10:22:11.554+0000] {logging_mixin.py:188} INFO - [2026-09-18T10:22:11.553+0000] {dag.py:3954} INFO - Setting next_dagrun for weather_pipeline to 2026-09-18 00:00:00+00:00, run_after=2026-09-19 00:00:00+00:00
[2026-09-18T10:22:11.582+0000] {processor.py:183} INFO - Processing /opt/airflow/dags/weather_pipeline.py took 1.176 seconds
[2026-09-18T10:22:37.157+0000] {processor.py:161} INFO - Started process (PID=52) to work on /opt/airflow/dags/weather_pipeline.py
[2026-09-18T10:22:37.158+0000] {processor.py:830} INFO - Processing file /opt/airflow/dags/weather_pipeline.py for tasks to queue
[2026-09-18T10:22:37.160+0000] {logging_mixin.py:188} INFO - [2026-09-18T10:22:37.160+0000] {dagbag.py:545} INFO - Filling up the DagBag from /opt/airflow/dags/weather_pipeline.py
[2026-09-18T10:22:37.719+0000] {processor.py:840} INFO - DAG(s) 'weather_pipeline' retrieved from /opt/airflow/dags/weather_pipeline.py
[2026-09-18T10:22:37.776+0000] {logging_mixin.py:188} INFO - [2026-09-18T10:22:37.776+0000] {dag.py:3096} INFO - Sync 1 DAGs
[2026-09-18T10:22:37.830+0000] {logging_mixin.py:188} INFO - [2026-09-18T10:22:37.830+0000] {dag.py:3954} INFO - Setting next_dagrun for weather_pipeline to 2026-09-18 00:00:00+00:00, run_after=2026-09-19 00:00:00+00:00
[2026-09-18T10:22:37.867+0000] {processor.py:183} INFO - Processing /opt/airflow/dags/weather_pipeline.py took 0.718 seconds
[2026-09-18T10:23:08.113+0000] {processor.py:161} INFO - Started process (PID=62) to work on /opt/airflow/dags/weather_pipeline.py
[2026-09-18T10:23:08.116+0000] {processor.py:830} INFO - Processing file /opt/airflow/dags/weather_pipeline.py for tasks to queue
[2026-09-18T10:23:08.122+0000] {logging_mixin.py:188} INFO - [2026-09-18T10:23:08.121+0000] {dagbag.py:545} INFO - Filling up the DagBag from /opt/airflow/dags/weather_pipeline.py
[2026-09-18T10:23:52.451+0000] {processor.py:161} INFO - Started process (PID=52) to work on /opt/airflow/dags/weather_pipeline.py
[2026-09-18T10:23:52.452+0000] {processor.py:830} INFO - Processing file /opt/airflow/dags/weather_pipeline.py for tasks to queue
[2026-09-18T10:23:52.455+0000] {logging_mixin.py:188} INFO - [2026-09-18T10:23:52.455+0000] {dagbag.py:545} INFO - Filling up the DagBag from /opt/airflow/dags/weather_pipeline.py
[2026-09-18T10:23:52.917+0000] {processor.py:840} INFO - DAG(s) 'weather_pipeline' retrieved from /opt/airflow/dags/weather_pipeline.py
[2026-09-18T10:23:52.960+0000] {logging_mixin.py:188} INFO - [2026-09-18T10:23:52.959+0000] {dag.py:3096} INFO - Sync 1 DAGs
[2026-09-18T10:23:52.992+0000] {logging_mixin.py:188} INFO - [2026-09-18T10:23:52.991+0000] {dag.py:3954} INFO - Setting next_dagrun for weather_pipeline to 2026-09-18 00:00:00+00:00, run_after=2026-09-19 00:00:00+00:00
[2026-09-18T10:23:53.023+0000] {processor.py:183} INFO - Processing /opt/airflow/dags/weather_pipeline.py took 0.582 seconds
[2026-09-18T10:24:23.189+0000] {processor.py:161} INFO - Started process (PID=73) to work on /opt/airflow/dags/weather_pipeline.py
[2026-09-18T10:24:23.190+0000] {processor.py:830} INFO - Processing file /opt/airflow/dags/weather_pipeline.py for tasks to queue
[2026-09-18T10:24:23.192+0000] {logging_mixin.py:188} INFO - [2026-09-18T10:24:23.192+0000] {dagbag.py:545} INFO - Filling up the DagBag from /opt/airflow/dags/weather_pipeline.py
[2026-09-18T10:24:23.729+0000] {processor.py:840} INFO - DAG(s) 'weather_pipeline' retrieved from /opt/airflow/dags/weather_pipeline.py
[2026-09-18T10:24:23.906+0000] {logging_mixin.py:188} INFO - [2026-09-18T10:24:23.905+0000] {dag.py:3096} INFO - Sync 1 DAGs
[2026-09-18T10:24:23.938+0000] {logging_mixin.py:188} INFO - [2026-09-18T10:24:23.938+0000] {dag.py:3954} INFO - Setting next_dagrun for weather_pipeline to 2026-09-18 00:00:00+00:00, run_after=2026-09-19 00:00:00+00:00
[2026-09-18T10:24:23.969+0000] {processor.py:183} INFO - Processing /opt/airflow/dags/weather_pipeline.py took 0.791 seconds
[2026-09-18T10:24:54.211+0000] {processor.py:161} INFO - Started process (PID=75) to work on /opt/airflow/dags/weather_pipeline.py
[2026-09-18T10:24:54.213+0000] {processor.py:830} INFO - Processing file /opt/airflow/dags/weather_pipeline.py for tasks to queue
[2026-09-18T10:24:54.218+0000] {logging_mixin.py:188} INFO - [2026-09-18T10:24:54.217+0000] {dagbag.py:545} INFO - Filling up the DagBag from /opt/airflow/dags/weather_pipeline.py
[2026-09-18T10:24:54.925+0000] {processor.py:840} INFO - DAG(s) 'weather_pipeline' retrieved from /opt/airflow/dags/weather_pipeline.py
[2026-09-18T10:24:55.014+0000] {logging_mixin.py:188} INFO - [2026-09-18T10:24:55.013+0000] {dag.py:3096} INFO - Sync 1 DAGs
[2026-09-18T10:24:55.090+0000] {logging_mixin.py:188} INFO - [2026-09-18T10:24:55.090+0000] {dag.py:3954} INFO - Setting next_dagrun for weather_pipeline to 2026-09-18 00:00:00+00:00, run_after=2026-09-19 00:00:00+00:00
[2026-09-18T10:24:55.150+0000] {processor.py:183} INFO - Processing /opt/airflow/dags/weather_pipeline.py took 0.956 seconds
[2026-09-18T10:25:25.435+0000] {processor.py:161} INFO - Started process (PID=77) to work on /opt/airflow/dags/weather_pipeline.py
[2026-09-18T10:25:25.439+0000] {processor.py:830} INFO - Processing file /opt/airflow/dags/weather_pipeline.py for tasks to queue
[2026-09-18T10:25:25.444+0000] {logging_mixin.py:188} INFO - [2026-09-18T10:25:25.443+0000] {dagbag.py:545} INFO - Filling up the DagBag from /opt/airflow/dags/weather_pipeline.py
[2026-09-18T10:25:26.168+0000] {processor.py:840} INFO - DAG(s) 'weather_pipeline' retrieved from /opt/airflow/dags/weather_pipeline.py
[2026-09-18T10:25:26.266+0000] {logging_mixin.py:188} INFO - [2026-09-18T10:25:26.265+0000] {dag.py:3096} INFO - Sync 1 DAGs
[2026-09-18T10:25:26.314+0000] {logging_mixin.py:188} INFO - [2026-09-18T10:25:26.314+0000] {dag.py:3954} INFO - Setting next_dagrun for weather_pipeline to 2026-09-18 00:00:00+00:00, run_after=2026-09-19 00:00:00+00:00
[2026-09-18T10:25:26.343+0000] {processor.py:183} INFO - Processing /opt/airflow/dags/weather_pipeline.py took 0.927 seconds
[2026-09-18T10:25:56.612+0000] {processor.py:161} INFO - Started process (PID=79) to work on /opt/airflow/dags/weather_pipeline.py
[2026-09-18T10:25:56.616+0000] {processor.py:830} INFO - Processing file /opt/airflow/dags/weather_pipeline.py for tasks to queue
[2026-09-18T10:25:56.622+0000] {logging_mixin.py:188} INFO - [2026-09-18T10:25:56.621+0000] {dagbag.py:545} INFO - Filling up the DagBag from /opt/airflow/dags/weather_pipeline.py
[2026-09-18T10:25:57.266+0000] {processor.py:840} INFO - DAG(s) 'weather_pipeline' retrieved from /opt/airflow/dags/weather_pipeline.py
[2026-09-18T10:25:57.315+0000] {logging_mixin.py:188} INFO - [2026-09-18T10:25:57.315+0000] {dag.py:3096} INFO - Sync 1 DAGs
[2026-09-18T10:25:57.356+0000] {logging_mixin.py:188} INFO - [2026-09-18T10:25:57.355+0000] {dag.py:3954} INFO - Setting next_dagrun for weather_pipeline to 2026-09-18 00:00:00+00:00, run_after=2026-09-19 00:00:00+00:00
[2026-09-18T10:25:57.385+0000] {processor.py:183} INFO - Processing /opt/airflow/dags/weather_pipeline.py took 0.793 seconds
[2026-09-18T10:26:27.557+0000] {processor.py:161} INFO - Started process (PID=81) to work on /opt/airflow/dags/weather_pipeline.py
[2026-09-18T10:26:27.559+0000] {processor.py:830} INFO - Processing file /opt/airflow/dags/weather_pipeline.py for tasks to queue
[2026-09-18T10:26:27.564+0000] {logging_mixin.py:188} INFO - [2026-09-18T10:26:27.563+0000] {dagbag.py:545} INFO - Filling up the DagBag from /opt/airflow/dags/weather_pipeline.py
[2026-09-18T10:26:28.078+0000] {processor.py:840} INFO - DAG(s) 'weather_pipeline' retrieved from /opt/airflow/dags/weather_pipeline.py
[2026-09-18T10:26:28.120+0000] {logging_mixin.py:188} INFO - [2026-09-18T10:26:28.119+0000] {dag.py:3096} INFO - Sync 1 DAGs
[2026-09-18T10:26:28.151+0000] {logging_mixin.py:188} INFO - [2026-09-18T10:26:28.151+0000] {dag.py:3954} INFO - Setting next_dagrun for weather_pipeline to 2026-09-18 00:00:00+00:00, run_after=2026-09-19 00:00:00+00:00
[2026-09-18T10:26:28.181+0000] {processor.py:183} INFO - Processing /opt/airflow/dags/weather_pipeline.py took 0.643 seconds
[2026-09-18T10:26:58.447+0000] {processor.py:161} INFO - Started process (PID=83) to work on /opt/airflow/dags/weather_pipeline.py
[2026-09-18T10:26:58.448+0000] {processor.py:830} INFO - Processing file /opt/airflow/dags/weather_pipeline.py for tasks to queue
[2026-09-18T10:26:58.451+0000] {logging_mixin.py:188} INFO - [2026-09-18T10:26:58.450+0000] {dagbag.py:545} INFO - Filling up the DagBag from /opt/airflow/dags/weather_pipeline.py
[2026-09-18T10:26:59.086+0000] {processor.py:840} INFO - DAG(s) 'weather_pipeline' retrieved from /opt/airflow/dags/weather_pipeline.py
[2026-09-18T10:26:59.153+0000] {logging_mixin.py:188} INFO - [2026-09-18T10:26:59.152+0000] {dag.py:3096} INFO - Sync 1 DAGs
[2026-09-18T10:26:59.195+0000] {logging_mixin.py:188} INFO - [2026-09-18T10:26:59.195+0000] {dag.py:3954} INFO - Setting next_dagrun for weather_pipeline to 2026-09-18 00:00:00+00:00, run_after=2026-09-19 00:00:00+00:00
[2026-09-18T10:26:59.231+0000] {processor.py:183} INFO - Processing /opt/airflow/dags/weather_pipeline.py took 0.795 seconds
[2026-09-18T10:27:29.477+0000] {processor.py:161} INFO - Started process (PID=85) to work on /opt/airflow/dags/weather_pipeline.py
[2026-09-18T10:27:29.479+0000] {processor.py:830} INFO - Processing file /opt/airflow/dags/weather_pipeline.py for tasks to queue
[2026-09-18T10:27:29.484+0000] {logging_mixin.py:188} INFO - [2026-09-18T10:27:29.484+0000] {dagbag.py:545} INFO - Filling up the DagBag from /opt/airflow/dags/weather_pipeline.py
[2026-09-18T10:27:30.073+0000] {processor.py:840} INFO - DAG(s) 'weather_pipeline' retrieved from /opt/airflow/dags/weather_pipeline.py
[2026-09-18T10:27:30.119+0000] {logging_mixin.py:188} INFO - [2026-09-18T10:27:30.118+0000] {dag.py:3096} INFO - Sync 1 DAGs
[2026-09-18T10:27:30.155+0000] {logging_mixin.py:188} INFO - [2026-09-18T10:27:30.155+0000] {dag.py:3954} INFO - Setting next_dagrun for weather_pipeline to 2026-09-18 00:00:00+00:00, run_after=2026-09-19 00:00:00+00:00
[2026-09-18T10:27:30.184+0000] {processor.py:183} INFO - Processing /opt/airflow/dags/weather_pipeline.py took 0.725 seconds
[2026-09-18T10:28:00.254+0000] {processor.py:161} INFO - Started process (PID=87) to work on /opt/airflow/dags/weather_pipeline.py
[2026-09-18T10:28:00.257+0000] {processor.py:830} INFO - Processing file /opt/airflow/dags/weather_pipeline.py for tasks to queue
[2026-09-18T10:28:00.263+0000] {logging_mixin.py:188} INFO - [2026-09-18T10:28:00.262+0000] {dagbag.py:545} INFO - Filling up the DagBag from /opt/airflow/dags/weather_pipeline.py
[2026-09-18T10:28:00.788+0000] {processor.py:840} INFO - DAG(s) 'weather_pipeline' retrieved from /opt/airflow/dags/weather_pipeline.py
[2026-09-18T10:28:00.831+0000] {logging_mixin.py:188} INFO - [2026-09-18T10:28:00.831+0000] {dag.py:3096} INFO - Sync 1 DAGs
[2026-09-18T10:28:00.872+0000] {logging_mixin.py:188} INFO - [2026-09-18T10:28:00.872+0000] {dag.py:3954} INFO - Setting next_dagrun for weather_pipeline to 2026-09-18 00:00:00+00:00, run_after=2026-09-19 00:00:00+00:00
[2026-09-18T10:28:00.905+0000] {processor.py:183} INFO - Processing /opt/airflow/dags/weather_pipeline.py took 0.670 seconds
[2026-09-18T10:28:31.188+0000] {processor.py:161} INFO - Started process (PID=89) to work on /opt/airflow/dags/weather_pipeline.py
[2026-09-18T10:28:31.191+0000] {processor.py:830} INFO - Processing file /opt/airflow/dags/weather_pipeline.py for tasks to queue
[2026-09-18T10:28:31.196+0000] {logging_mixin.py:188} INFO - [2026-09-18T10:28:31.195+0000] {dagbag.py:545} INFO - Filling up the DagBag from /opt/airflow/dags/weather_pipeline.py
[2026-09-18T10:28:31.760+0000] {processor.py:840} INFO - DAG(s) 'weather_pipeline' retrieved from /opt/airflow/dags/weather_pipeline.py
[2026-09-18T10:28:31.807+0000] {logging_mixin.py:188} INFO - [2026-09-18T10:28:31.806+0000] {dag.py:3096} INFO - Sync 1 DAGs
[2026-09-18T10:28:31.842+0000] {logging_mixin.py:188} INFO - [2026-09-18T10:28:31.842+0000] {dag.py:3954} INFO - Setting next_dagrun for weather_pipeline to 2026-09-18 00:00:00+00:00, run_after=2026-09-19 00:00:00+00:00
[2026-09-18T10:28:31.872+0000] {processor.py:183} INFO - Processing /opt/airflow/dags/weather_pipeline.py took 0.705 seconds
[2026-09-18T10:29:02.126+0000] {processor.py:161} INFO - Started process (PID=91) to work on /opt/airflow/dags/weather_pipeline.py
[2026-09-18T10:29:02.128+0000] {processor.py:830} INFO - Processing file /opt/airflow/dags/weather_pipeline.py for tasks to queue
[2026-09-18T10:29:02.133+0000] {logging_mixin.py:188} INFO - [2026-09-18T10:29:02.132+0000] {dagbag.py:545} INFO - Filling up the DagBag from /opt/airflow/dags/weather_pipeline.py
[2026-09-18T10:29:02.650+0000] {processor.py:840} INFO - DAG(s) 'weather_pipeline' retrieved from /opt/airflow/dags/weather_pipeline.py
[2026-09-18T10:29:02.697+0000] {logging_mixin.py:188} INFO - [2026-09-18T10:29:02.696+0000] {dag.py:3096} INFO - Sync 1 DAGs
[2026-09-18T10:29:02.731+0000] {logging_mixin.py:188} INFO - [2026-09-18T10:29:02.730+0000] {dag.py:3954} INFO - Setting next_dagrun for weather_pipeline to 2026-09-18 00:00:00+00:00, run_after=2026-09-19 00:00:00+00:00
[2026-09-18T10:29:02.759+0000] {processor.py:183} INFO - Processing /opt/airflow/dags/weather_pipeline.py took 0.654 seconds
[2026-09-18T10:29:33.050+0000] {processor.py:161} INFO - Started process (PID=93) to work on /opt/airflow/dags/weather_pipeline.py
[2026-09-18T10:29:33.052+0000] {processor.py:830} INFO - Processing file /opt/airflow/dags/weather_pipeline.py for tasks to queue
[2026-09-18T10:29:33.057+0000] {logging_mixin.py:188} INFO - [2026-09-18T10:29:33.056+0000] {dagbag.py:545} INFO - Filling up the DagBag from /opt/airflow/dags/weather_pipeline.py
[2026-09-18T10:29:33.634+0000] {processor.py:840} INFO - DAG(s) 'weather_pipeline' retrieved from /opt/airflow/dags/weather_pipeline.py
[2026-09-18T10:29:33.679+0000] {logging_mixin.py:188} INFO - [2026-09-18T10:29:33.679+0000] {dag.py:3096} INFO - Sync 1 DAGs
[2026-09-18T10:29:33.719+0000] {logging_mixin.py:188} INFO - [2026-09-18T10:29:33.718+0000] {dag.py:3954} INFO - Setting next_dagrun for weather_pipeline to 2026-09-18 00:00:00+00:00, run_after=2026-09-19 00:00:00+00:00
[2026-09-18T10:29:33.756+0000] {processor.py:183} INFO - Processing /opt/airflow/dags/weather_pipeline.py took 0.728 seconds
[2026-09-18T10:30:03.997+0000] {processor.py:161} INFO - Started process (PID=95) to work on /opt/airflow/dags/weather_pipeline.py
[2026-09-18T10:30:04.000+0000] {processor.py:830} INFO - Processing file /opt/airflow/dags/weather_pipeline.py for tasks to queue
[2026-09-18T10:30:04.007+0000] {logging_mixin.py:188} INFO - [2026-09-18T10:30:04.006+0000] {dagbag.py:545} INFO - Filling up the DagBag from /opt/airflow/dags/weather_pipeline.py
[2026-09-18T10:30:04.509+0000] {processor.py:840} INFO - DAG(s) 'weather_pipeline' retrieved from /opt/airflow/dags/weather_pipeline.py
[2026-09-18T10:30:04.561+0000] {logging_mixin.py:188} INFO - [2026-09-18T10:30:04.560+0000] {dag.py:3096} INFO - Sync 1 DAGs
[2026-09-18T10:30:04.598+0000] {logging_mixin.py:188} INFO - [2026-09-18T10:30:04.598+0000] {dag.py:3954} INFO - Setting next_dagrun for weather_pipeline to 2026-09-18 00:00:00+00:00, run_after=2026-09-19 00:00:00+00:00
[2026-09-18T10:30:04.630+0000] {processor.py:183} INFO - Processing /opt/airflow/dags/weather_pipeline.py took 0.642 seconds
[2026-09-18T10:31:11.596+0000] {processor.py:161} INFO - Started process (PID=52) to work on /opt/airflow/dags/weather_pipeline.py
[2026-09-18T10:31:11.597+0000] {processor.py:830} INFO - Processing file /opt/airflow/dags/weather_pipeline.py for tasks to queue
[2026-09-18T10:31:11.599+0000] {logging_mixin.py:188} INFO - [2026-09-18T10:31:11.598+0000] {dagbag.py:545} INFO - Filling up the DagBag from /opt/airflow/dags/weather_pipeline.py
[2026-09-18T10:31:12.113+0000] {processor.py:840} INFO - DAG(s) 'weather_pipeline' retrieved from /opt/airflow/dags/weather_pipeline.py
[2026-09-18T10:31:12.161+0000] {logging_mixin.py:188} INFO - [2026-09-18T10:31:12.160+0000] {dag.py:3096} INFO - Sync 1 DAGs
[2026-09-18T10:31:12.211+0000] {logging_mixin.py:188} INFO - [2026-09-18T10:31:12.211+0000] {dag.py:3954} INFO - Setting next_dagrun for weather_pipeline to 2026-09-18 00:00:00+00:00, run_after=2026-09-19 00:00:00+00:00
[2026-09-18T10:31:12.241+0000] {processor.py:183} INFO - Processing /opt/airflow/dags/weather_pipeline.py took 0.654 seconds
[2026-09-18T10:31:42.440+0000] {processor.py:161} INFO - Started process (PID=73) to work on /opt/airflow/dags/weather_pipeline.py
[2026-09-18T10:31:42.443+0000] {processor.py:830} INFO - Processing file /opt/airflow/dags/weather_pipeline.py for tasks to queue
[2026-09-18T10:31:42.450+0000] {logging_mixin.py:188} INFO - [2026-09-18T10:31:42.449+0000] {dagbag.py:545} INFO - Filling up the DagBag from /opt/airflow/dags/weather_pipeline.py
[2026-09-18T10:31:43.178+0000] {processor.py:840} INFO - DAG(s) 'weather_pipeline' retrieved from /opt/airflow/dags/weather_pipeline.py
[2026-09-18T10:31:43.356+0000] {logging_mixin.py:188} INFO - [2026-09-18T10:31:43.356+0000] {dag.py:3096} INFO - Sync 1 DAGs
[2026-09-18T10:31:43.389+0000] {logging_mixin.py:188} INFO - [2026-09-18T10:31:43.388+0000] {dag.py:3954} INFO - Setting next_dagrun for weather_pipeline to 2026-09-18 00:00:00+00:00, run_after=2026-09-19 00:00:00+00:00
[2026-09-18T10:31:43.421+0000] {processor.py:183} INFO - Processing /opt/airflow/dags/weather_pipeline.py took 1.012 seconds
[2026-09-18T10:32:13.635+0000] {processor.py:161} INFO - Started process (PID=75) to work on /opt/airflow/dags/weather_pipeline.py
[2026-09-18T10:32:13.637+0000] {processor.py:830} INFO - Processing file /opt/airflow/dags/weather_pipeline.py for tasks to queue
[2026-09-18T10:32:13.639+0000] {logging_mixin.py:188} INFO - [2026-09-18T10:32:13.639+0000] {dagbag.py:545} INFO - Filling up the DagBag from /opt/airflow/dags/weather_pipeline.py
[2026-09-18T10:32:14.148+0000] {processor.py:840} INFO - DAG(s) 'weather_pipeline' retrieved from /opt/airflow/dags/weather_pipeline.py
[2026-09-18T10:32:14.192+0000] {logging_mixin.py:188} INFO - [2026-09-18T10:32:14.191+0000] {dag.py:3096} INFO - Sync 1 DAGs
[2026-09-18T10:32:14.226+0000] {logging_mixin.py:188} INFO - [2026-09-18T10:32:14.225+0000] {dag.py:3954} INFO - Setting next_dagrun for weather_pipeline to 2026-09-18 00:00:00+00:00, run_after=2026-09-19 00:00:00+00:00
[2026-09-18T10:32:14.260+0000] {processor.py:183} INFO - Processing /opt/airflow/dags/weather_pipeline.py took 0.632 seconds
[2026-09-18T10:32:44.508+0000] {processor.py:161} INFO - Started process (PID=77) to work on /opt/airflow/dags/weather_pipeline.py
[2026-09-18T10:32:44.510+0000] {processor.py:830} INFO - Processing file /opt/airflow/dags/weather_pipeline.py for tasks to queue
[2026-09-18T10:32:44.513+0000] {logging_mixin.py:188} INFO - [2026-09-18T10:32:44.512+0000] {dagbag.py:545} INFO - Filling up the DagBag from /opt/airflow/dags/weather_pipeline.py
[2026-09-18T10:32:45.070+0000] {processor.py:840} INFO - DAG(s) 'weather_pipeline' retrieved from /opt/airflow/dags/weather_pipeline.py
[2026-09-18T10:32:45.113+0000] {logging_mixin.py:188} INFO - [2026-09-18T10:32:45.112+0000] {dag.py:3096} INFO - Sync 1 DAGs
[2026-09-18T10:32:45.144+0000] {logging_mixin.py:188} INFO - [2026-09-18T10:32:45.144+0000] {dag.py:3954} INFO - Setting next_dagrun for weather_pipeline to 2026-09-18 00:00:00+00:00, run_after=2026-09-19 00:00:00+00:00
[2026-09-18T10:32:45.172+0000] {processor.py:183} INFO - Processing /opt/airflow/dags/weather_pipeline.py took 0.677 seconds
[2026-09-18T10:33:15.430+0000] {processor.py:161} INFO - Started process (PID=79) to work on /opt/airflow/dags/weather_pipeline.py
[2026-09-18T10:33:15.433+0000] {processor.py:830} INFO - Processing file /opt/airflow/dags/weather_pipeline.py for tasks to queue
[2026-09-18T10:33:15.440+0000] {logging_mixin.py:188} INFO - [2026-09-18T10:33:15.439+0000] {dagbag.py:545} INFO - Filling up the DagBag from /opt/airflow/dags/weather_pipeline.py
[2026-09-18T10:33:16.005+0000] {processor.py:840} INFO - DAG(s) 'weather_pipeline' retrieved from /opt/airflow/dags/weather_pipeline.py
[2026-09-18T10:33:16.051+0000] {logging_mixin.py:188} INFO - [2026-09-18T10:33:16.050+0000] {dag.py:3096} INFO - Sync 1 DAGs
[2026-09-18T10:33:16.083+0000] {logging_mixin.py:188} INFO - [2026-09-18T10:33:16.083+0000] {dag.py:3954} INFO - Setting next_dagrun for weather_pipeline to 2026-09-18 00:00:00+00:00, run_after=2026-09-19 00:00:00+00:00
[2026-09-18T10:33:16.115+0000] {processor.py:183} INFO - Processing /opt/airflow/dags/weather_pipeline.py took 0.705 seconds
[2026-09-18T10:33:46.309+0000] {processor.py:161} INFO - Started process (PID=81) to work on /opt/airflow/dags/weather_pipeline.py
[2026-09-18T10:33:46.311+0000] {processor.py:830} INFO - Processing file /opt/airflow/dags/weather_pipeline.py for tasks to queue
[2026-09-18T10:33:46.315+0000] {logging_mixin.py:188} INFO - [2026-09-18T10:33:46.314+0000] {dagbag.py:545} INFO - Filling up the DagBag from /opt/airflow/dags/weather_pipeline.py
[2026-09-18T10:33:46.859+0000] {processor.py:840} INFO - DAG(s) 'weather_pipeline' retrieved from /opt/airflow/dags/weather_pipeline.py
[2026-09-18T10:33:46.902+0000] {logging_mixin.py:188} INFO - [2026-09-18T10:33:46.901+0000] {dag.py:3096} INFO - Sync 1 DAGs
[2026-09-18T10:33:46.933+0000] {logging_mixin.py:188} INFO - [2026-09-18T10:33:46.933+0000] {dag.py:3954} INFO - Setting next_dagrun for weather_pipeline to 2026-09-18 00:00:00+00:00, run_after=2026-09-19 00:00:00+00:00
[2026-09-18T10:33:46.963+0000] {processor.py:183} INFO - Processing /opt/airflow/dags/weather_pipeline.py took 0.674 seconds
[2026-09-18T10:34:17.252+0000] {processor.py:161} INFO - Started process (PID=83) to work on /opt/airflow/dags/weather_pipeline.py
[2026-09-18T10:34:17.255+0000] {processor.py:830} INFO - Processing file /opt/airflow/dags/weather_pipeline.py for tasks to queue
[2026-09-18T10:34:17.260+0000] {logging_mixin.py:188} INFO - [2026-09-18T10:34:17.259+0000] {dagbag.py:545} INFO - Filling up the DagBag from /opt/airflow/dags/weather_pipeline.py
[2026-09-18T10:34:17.796+0000] {processor.py:840} INFO - DAG(s) 'weather_pipeline' retrieved from /opt/airflow/dags/weather_pipeline.py
[2026-09-18T10:34:17.845+0000] {logging_mixin.py:188} INFO - [2026-09-18T10:34:17.844+0000] {dag.py:3096} INFO - Sync 1 DAGs
[2026-09-18T10:34:17.884+0000] {logging_mixin.py:188} INFO - [2026-09-18T10:34:17.883+0000] {dag.py:3954} INFO - Setting next_dagrun for weather_pipeline to 2026-09-18 00:00:00+00:00, run_after=2026-09-19 00:00:00+00:00
[2026-09-18T10:34:17.910+0000] {processor.py:183} INFO - Processing /opt/airflow/dags/weather_pipeline.py took 0.679 seconds
[2026-09-18T10:34:48.136+0000] {processor.py:161} INFO - Started process (PID=85) to work on /opt/airflow/dags/weather_pipeline.py
[2026-09-18T10:34:48.138+0000] {processor.py:830} INFO - Processing file /opt/airflow/dags/weather_pipeline.py for tasks to queue
[2026-09-18T10:34:48.144+0000] {logging_mixin.py:188} INFO - [2026-09-18T10:34:48.144+0000] {dagbag.py:545} INFO - Filling up the DagBag from /opt/airflow/dags/weather_pipeline.py
[2026-09-18T10:34:48.641+0000] {processor.py:840} INFO - DAG(s) 'weather_pipeline' retrieved from /opt/airflow/dags/weather_pipeline.py
[2026-09-18T10:34:48.685+0000] {logging_mixin.py:188} INFO - [2026-09-18T10:34:48.684+0000] {dag.py:3096} INFO - Sync 1 DAGs
[2026-09-18T10:34:48.719+0000] {logging_mixin.py:188} INFO - [2026-09-18T10:34:48.718+0000] {dag.py:3954} INFO - Setting next_dagrun for weather_pipeline to 2026-09-18 00:00:00+00:00, run_after=2026-09-19 00:00:00+00:00
[2026-09-18T10:34:48.748+0000] {processor.py:183} INFO - Processing /opt/airflow/dags/weather_pipeline.py took 0.632 seconds
[2026-09-18T10:35:18.963+0000] {processor.py:161} INFO - Started process (PID=87) to work on /opt/airflow/dags/weather_pipeline.py
[2026-09-18T10:35:18.966+0000] {processor.py:830} INFO - Processing file /opt/airflow/dags/weather_pipeline.py for tasks to queue
[2026-09-18T10:35:18.973+0000] {logging_mixin.py:188} INFO - [2026-09-18T10:35:18.972+0000] {dagbag.py:545} INFO - Filling up the DagBag from /opt/airflow/dags/weather_pipeline.py
[2026-09-18T10:35:19.560+0000] {processor.py:840} INFO - DAG(s) 'weather_pipeline' retrieved from /opt/airflow/dags/weather_pipeline.py
[2026-09-18T10:35:19.603+0000] {logging_mixin.py:188} INFO - [2026-09-18T10:35:19.602+0000] {dag.py:3096} INFO - Sync 1 DAGs
[2026-09-18T10:35:19.636+0000] {logging_mixin.py:188} INFO - [2026-09-18T10:35:19.635+0000] {dag.py:3954} INFO - Setting next_dagrun for weather_pipeline to 2026-09-18 00:00:00+00:00, run_after=2026-09-19 00:00:00+00:00
[2026-09-18T10:35:19.663+0000] {processor.py:183} INFO - Processing /opt/airflow/dags/weather_pipeline.py took 0.722 seconds
[2026-09-18T10:36:19.026+0000] {processor.py:161} INFO - Started process (PID=52) to work on /opt/airflow/dags/weather_pipeline.py
[2026-09-18T10:36:19.028+0000] {processor.py:830} INFO - Processing file /opt/airflow/dags/weather_pipeline.py for tasks to queue
[2026-09-18T10:36:19.030+0000] {logging_mixin.py:188} INFO - [2026-09-18T10:36:19.030+0000] {dagbag.py:545} INFO - Filling up the DagBag from /opt/airflow/dags/weather_pipeline.py
[2026-09-18T10:36:19.711+0000] {processor.py:840} INFO - DAG(s) 'weather_pipeline' retrieved from /opt/airflow/dags/weather_pipeline.py
[2026-09-18T10:36:19.755+0000] {logging_mixin.py:188} INFO - [2026-09-18T10:36:19.754+0000] {dag.py:3096} INFO - Sync 1 DAGs
[2026-09-18T10:36:19.790+0000] {logging_mixin.py:188} INFO - [2026-09-18T10:36:19.790+0000] {dag.py:3954} INFO - Setting next_dagrun for weather_pipeline to 2026-09-18 00:00:00+00:00, run_after=2026-09-19 00:00:00+00:00
[2026-09-18T10:36:19.823+0000] {processor.py:183} INFO - Processing /opt/airflow/dags/weather_pipeline.py took 0.808 seconds
[2026-09-18T10:36:50.019+0000] {processor.py:161} INFO - Started process (PID=73) to work on /opt/airflow/dags/weather_pipeline.py
[2026-09-18T10:36:50.021+0000] {processor.py:830} INFO - Processing file /opt/airflow/dags/weather_pipeline.py for tasks to queue
[2026-09-18T10:36:50.024+0000] {logging_mixin.py:188} INFO - [2026-09-18T10:36:50.023+0000] {dagbag.py:545} INFO - Filling up the DagBag from /opt/airflow/dags/weather_pipeline.py
[2026-09-18T10:36:50.879+0000] {processor.py:840} INFO - DAG(s) 'weather_pipeline' retrieved from /opt/airflow/dags/weather_pipeline.py
[2026-09-18T10:36:51.060+0000] {logging_mixin.py:188} INFO - [2026-09-18T10:36:51.060+0000] {dag.py:3096} INFO - Sync 1 DAGs
[2026-09-18T10:36:51.092+0000] {logging_mixin.py:188} INFO - [2026-09-18T10:36:51.091+0000] {dag.py:3954} INFO - Setting next_dagrun for weather_pipeline to 2026-09-18 00:00:00+00:00, run_after=2026-09-19 00:00:00+00:00
[2026-09-18T10:36:51.122+0000] {processor.py:183} INFO - Processing /opt/airflow/dags/weather_pipeline.py took 1.122 seconds
[2026-09-18T10:37:21.253+0000] {processor.py:161} INFO - Started process (PID=75) to work on /opt/airflow/dags/weather_pipeline.py
[2026-09-18T10:37:21.254+0000] {processor.py:830} INFO - Processing file /opt/airflow/dags/weather_pipeline.py for tasks to queue
[2026-09-18T10:37:21.256+0000] {logging_mixin.py:188} INFO - [2026-09-18T10:37:21.255+0000] {dagbag.py:545} INFO - Filling up the DagBag from /opt/airflow/dags/weather_pipeline.py
[2026-09-18T10:37:21.855+0000] {processor.py:840} INFO - DAG(s) 'weather_pipeline' retrieved from /opt/airflow/dags/weather_pipeline.py
[2026-09-18T10:37:21.900+0000] {logging_mixin.py:188} INFO - [2026-09-18T10:37:21.899+0000] {dag.py:3096} INFO - Sync 1 DAGs
[2026-09-18T10:37:21.934+0000] {logging_mixin.py:188} INFO - [2026-09-18T10:37:21.934+0000] {dag.py:3954} INFO - Setting next_dagrun for weather_pipeline to 2026-09-18 00:00:00+00:00, run_after=2026-09-19 00:00:00+00:00
[2026-09-18T10:37:21.965+0000] {processor.py:183} INFO - Processing /opt/airflow/dags/weather_pipeline.py took 0.721 seconds
[2026-09-18T10:37:52.219+0000] {processor.py:161} INFO - Started process (PID=77) to work on /opt/airflow/dags/weather_pipeline.py
[2026-09-18T10:37:52.223+0000] {processor.py:830} INFO - Processing file /opt/airflow/dags/weather_pipeline.py for tasks to queue
[2026-09-18T10:37:52.227+0000] {logging_mixin.py:188} INFO - [2026-09-18T10:37:52.226+0000] {dagbag.py:545} INFO - Filling up the DagBag from /opt/airflow/dags/weather_pipeline.py
[2026-09-18T10:37:52.707+0000] {processor.py:840} INFO - DAG(s) 'weather_pipeline' retrieved from /opt/airflow/dags/weather_pipeline.py
[2026-09-18T10:37:52.750+0000] {logging_mixin.py:188} INFO - [2026-09-18T10:37:52.750+0000] {dag.py:3096} INFO - Sync 1 DAGs
[2026-09-18T10:37:52.783+0000] {logging_mixin.py:188} INFO - [2026-09-18T10:37:52.783+0000] {dag.py:3954} INFO - Setting next_dagrun for weather_pipeline to 2026-09-18 00:00:00+00:00, run_after=2026-09-19 00:00:00+00:00
[2026-09-18T10:37:52.811+0000] {processor.py:183} INFO - Processing /opt/airflow/dags/weather_pipeline.py took 0.611 seconds
[2026-09-18T10:38:23.087+0000] {processor.py:161} INFO - Started process (PID=79) to work on /opt/airflow/dags/weather_pipeline.py
[2026-09-18T10:38:23.090+0000] {processor.py:830} INFO - Processing file /opt/airflow/dags/weather_pipeline.py for tasks to queue
[2026-09-18T10:38:23.095+0000] {logging_mixin.py:188} INFO - [2026-09-18T10:38:23.094+0000] {dagbag.py:545} INFO - Filling up the DagBag from /opt/airflow/dags/weather_pipeline.py
[2026-09-18T10:38:23.649+0000] {processor.py:840} INFO - DAG(s) 'weather_pipeline' retrieved from /opt/airflow/dags/weather_pipeline.py
[2026-09-18T10:38:23.711+0000] {logging_mixin.py:188} INFO - [2026-09-18T10:38:23.709+0000] {dag.py:3096} INFO - Sync 1 DAGs
[2026-09-18T10:38:23.750+0000] {logging_mixin.py:188} INFO - [2026-09-18T10:38:23.750+0000] {dag.py:3954} INFO - Setting next_dagrun for weather_pipeline to 2026-09-18 00:00:00+00:00, run_after=2026-09-19 00:00:00+00:00
[2026-09-18T10:38:23.787+0000] {processor.py:183} INFO - Processing /opt/airflow/dags/weather_pipeline.py took 0.720 seconds
[2026-09-18T10:38:54.017+0000] {processor.py:161} INFO - Started process (PID=81) to work on /opt/airflow/dags/weather_pipeline.py
[2026-09-18T10:38:54.020+0000] {processor.py:830} INFO - Processing file /opt/airflow/dags/weather_pipeline.py for tasks to queue
[2026-09-18T10:38:54.023+0000] {logging_mixin.py:188} INFO - [2026-09-18T10:38:54.022+0000] {dagbag.py:545} INFO - Filling up the DagBag from /opt/airflow/dags/weather_pipeline.py
[2026-09-18T10:38:54.560+0000] {processor.py:840} INFO - DAG(s) 'weather_pipeline' retrieved from /opt/airflow/dags/weather_pipeline.py
[2026-09-18T10:38:54.610+0000] {logging_mixin.py:188} INFO - [2026-09-18T10:38:54.610+0000] {dag.py:3096} INFO - Sync 1 DAGs
[2026-09-18T10:38:54.648+0000] {logging_mixin.py:188} INFO - [2026-09-18T10:38:54.648+0000] {dag.py:3954} INFO - Setting next_dagrun for weather_pipeline to 2026-09-18 00:00:00+00:00, run_after=2026-09-19 00:00:00+00:00
[2026-09-18T10:38:54.684+0000] {processor.py:183} INFO - Processing /opt/airflow/dags/weather_pipeline.py took 0.690 seconds
[2026-09-18T10:39:24.903+0000] {processor.py:161} INFO - Started process (PID=83) to work on /opt/airflow/dags/weather_pipeline.py
[2026-09-18T10:39:24.905+0000] {processor.py:830} INFO - Processing file /opt/airflow/dags/weather_pipeline.py for tasks to queue
[2026-09-18T10:39:24.907+0000] {logging_mixin.py:188} INFO - [2026-09-18T10:39:24.907+0000] {dagbag.py:545} INFO - Filling up the DagBag from /opt/airflow/dags/weather_pipeline.py
[2026-09-18T10:39:25.395+0000] {processor.py:840} INFO - DAG(s) 'weather_pipeline' retrieved from /opt/airflow/dags/weather_pipeline.py
[2026-09-18T10:39:25.445+0000] {logging_mixin.py:188} INFO - [2026-09-18T10:39:25.444+0000] {dag.py:3096} INFO - Sync 1 DAGs
[2026-09-18T10:39:25.484+0000] {logging_mixin.py:188} INFO - [2026-09-18T10:39:25.484+0000] {dag.py:3954} INFO - Setting next_dagrun for weather_pipeline to 2026-09-18 00:00:00+00:00, run_after=2026-09-19 00:00:00+00:00
[2026-09-18T10:39:25.517+0000] {processor.py:183} INFO - Processing /opt/airflow/dags/weather_pipeline.py took 0.622 seconds
[2026-09-18T10:39:55.769+0000] {processor.py:161} INFO - Started process (PID=85) to work on /opt/airflow/dags/weather_pipeline.py
[2026-09-18T10:39:55.772+0000] {processor.py:830} INFO - Processing file /opt/airflow/dags/weather_pipeline.py for tasks to queue
[2026-09-18T10:39:55.778+0000] {logging_mixin.py:188} INFO - [2026-09-18T10:39:55.777+0000] {dagbag.py:545} INFO - Filling up the DagBag from /opt/airflow/dags/weather_pipeline.py
[2026-09-18T10:39:56.337+0000] {processor.py:840} INFO - DAG(s) 'weather_pipeline' retrieved from /opt/airflow/dags/weather_pipeline.py
[2026-09-18T10:39:56.383+0000] {logging_mixin.py:188} INFO - [2026-09-18T10:39:56.383+0000] {dag.py:3096} INFO - Sync 1 DAGs
[2026-09-18T10:39:56.420+0000] {logging_mixin.py:188} INFO - [2026-09-18T10:39:56.420+0000] {dag.py:3954} INFO - Setting next_dagrun for weather_pipeline to 2026-09-18 00:00:00+00:00, run_after=2026-09-19 00:00:00+00:00
[2026-09-18T10:39:56.450+0000] {processor.py:183} INFO - Processing /opt/airflow/dags/weather_pipeline.py took 0.703 seconds
[2026-09-18T10:40:26.628+0000] {processor.py:161} INFO - Started process (PID=87) to work on /opt/airflow/dags/weather_pipeline.py
[2026-09-18T10:40:26.630+0000] {processor.py:830} INFO - Processing file /opt/airflow/dags/weather_pipeline.py for tasks to queue
[2026-09-18T10:40:26.632+0000] {logging_mixin.py:188} INFO - [2026-09-18T10:40:26.632+0000] {dagbag.py:545} INFO - Filling up the DagBag from /opt/airflow/dags/weather_pipeline.py
[2026-09-18T10:40:27.239+0000] {processor.py:840} INFO - DAG(s) 'weather_pipeline' retrieved from /opt/airflow/dags/weather_pipeline.py
[2026-09-18T10:40:27.311+0000] {logging_mixin.py:188} INFO - [2026-09-18T10:40:27.310+0000] {dag.py:3096} INFO - Sync 1 DAGs
[2026-09-18T10:40:27.399+0000] {logging_mixin.py:188} INFO - [2026-09-18T10:40:27.398+0000] {dag.py:3954} INFO - Setting next_dagrun for weather_pipeline to 2026-09-18 00:00:00+00:00, run_after=2026-09-19 00:00:00+00:00
[2026-09-18T10:40:27.479+0000] {processor.py:183} INFO - Processing /opt/airflow/dags/weather_pipeline.py took 0.860 seconds
[2026-09-18T10:40:57.728+0000] {processor.py:161} INFO - Started process (PID=89) to work on /opt/airflow/dags/weather_pipeline.py
[2026-09-18T10:40:57.729+0000] {processor.py:830} INFO - Processing file /opt/airflow/dags/weather_pipeline.py for tasks to queue
[2026-09-18T10:40:57.731+0000] {logging_mixin.py:188} INFO - [2026-09-18T10:40:57.731+0000] {dagbag.py:545} INFO - Filling up the DagBag from /opt/airflow/dags/weather_pipeline.py
[2026-09-18T10:40:58.231+0000] {processor.py:840} INFO - DAG(s) 'weather_pipeline' retrieved from /opt/airflow/dags/weather_pipeline.py
[2026-09-18T10:40:58.275+0000] {logging_mixin.py:188} INFO - [2026-09-18T10:40:58.274+0000] {dag.py:3096} INFO - Sync 1 DAGs
[2026-09-18T10:40:58.308+0000] {logging_mixin.py:188} INFO - [2026-09-18T10:40:58.308+0000] {dag.py:3954} INFO - Setting next_dagrun for weather_pipeline to 2026-09-18 00:00:00+00:00, run_after=2026-09-19 00:00:00+00:00
[2026-09-18T10:40:58.339+0000] {processor.py:183} INFO - Processing /opt/airflow/dags/weather_pipeline.py took 0.619 seconds
[2026-09-18T10:41:28.531+0000] {processor.py:161} INFO - Started process (PID=91) to work on /opt/airflow/dags/weather_pipeline.py
[2026-09-18T10:41:28.540+0000] {processor.py:830} INFO - Processing file /opt/airflow/dags/weather_pipeline.py for tasks to queue
[2026-09-18T10:41:28.543+0000] {logging_mixin.py:188} INFO - [2026-09-18T10:41:28.542+0000] {dagbag.py:545} INFO - Filling up the DagBag from /opt/airflow/dags/weather_pipeline.py
[2026-09-18T10:41:29.010+0000] {processor.py:840} INFO - DAG(s) 'weather_pipeline' retrieved from /opt/airflow/dags/weather_pipeline.py
[2026-09-18T10:41:29.060+0000] {logging_mixin.py:188} INFO - [2026-09-18T10:41:29.059+0000] {dag.py:3096} INFO - Sync 1 DAGs
[2026-09-18T10:41:29.101+0000] {logging_mixin.py:188} INFO - [2026-09-18T10:41:29.101+0000] {dag.py:3954} INFO - Setting next_dagrun for weather_pipeline to 2026-09-18 00:00:00+00:00, run_after=2026-09-19 00:00:00+00:00
[2026-09-18T10:41:29.141+0000] {processor.py:183} INFO - Processing /opt/airflow/dags/weather_pipeline.py took 0.629 seconds
[2026-09-18T10:41:59.369+0000] {processor.py:161} INFO - Started process (PID=93) to work on /opt/airflow/dags/weather_pipeline.py
[2026-09-18T10:41:59.370+0000] {processor.py:830} INFO - Processing file /opt/airflow/dags/weather_pipeline.py for tasks to queue
[2026-09-18T10:41:59.373+0000] {logging_mixin.py:188} INFO - [2026-09-18T10:41:59.372+0000] {dagbag.py:545} INFO - Filling up the DagBag from /opt/airflow/dags/weather_pipeline.py
[2026-09-18T10:42:00.009+0000] {processor.py:840} INFO - DAG(s) 'weather_pipeline' retrieved from /opt/airflow/dags/weather_pipeline.py
[2026-09-18T10:42:00.056+0000] {logging_mixin.py:188} INFO - [2026-09-18T10:42:00.055+0000] {dag.py:3096} INFO - Sync 1 DAGs
[2026-09-18T10:42:00.089+0000] {logging_mixin.py:188} INFO - [2026-09-18T10:42:00.089+0000] {dag.py:3954} INFO - Setting next_dagrun for weather_pipeline to 2026-09-18 00:00:00+00:00, run_after=2026-09-19 00:00:00+00:00
[2026-09-18T10:42:00.118+0000] {processor.py:183} INFO - Processing /opt/airflow/dags/weather_pipeline.py took 0.762 seconds
[2026-09-18T10:42:30.361+0000] {processor.py:161} INFO - Started process (PID=95) to work on /opt/airflow/dags/weather_pipeline.py
[2026-09-18T10:42:30.364+0000] {processor.py:830} INFO - Processing file /opt/airflow/dags/weather_pipeline.py for tasks to queue
[2026-09-18T10:42:30.367+0000] {logging_mixin.py:188} INFO - [2026-09-18T10:42:30.366+0000] {dagbag.py:545} INFO - Filling up the DagBag from /opt/airflow/dags/weather_pipeline.py
[2026-09-18T10:42:30.871+0000] {processor.py:840} INFO - DAG(s) 'weather_pipeline' retrieved from /opt/airflow/dags/weather_pipeline.py
[2026-09-18T10:42:30.916+0000] {logging_mixin.py:188} INFO - [2026-09-18T10:42:30.916+0000] {dag.py:3096} INFO - Sync 1 DAGs
[2026-09-18T10:42:30.953+0000] {logging_mixin.py:188} INFO - [2026-09-18T10:42:30.953+0000] {dag.py:3954} INFO - Setting next_dagrun for weather_pipeline to 2026-09-18 00:00:00+00:00, run_after=2026-09-19 00:00:00+00:00
[2026-09-18T10:42:30.986+0000] {processor.py:183} INFO - Processing /opt/airflow/dags/weather_pipeline.py took 0.637 seconds
[2026-09-18T10:43:01.258+0000] {processor.py:161} INFO - Started process (PID=97) to work on /opt/airflow/dags/weather_pipeline.py
[2026-09-18T10:43:01.260+0000] {processor.py:830} INFO - Processing file /opt/airflow/dags/weather_pipeline.py for tasks to queue
[2026-09-18T10:43:01.267+0000] {logging_mixin.py:188} INFO - [2026-09-18T10:43:01.266+0000] {dagbag.py:545} INFO - Filling up the DagBag from /opt/airflow/dags/weather_pipeline.py
[2026-09-18T10:43:01.797+0000] {processor.py:840} INFO - DAG(s) 'weather_pipeline' retrieved from /opt/airflow/dags/weather_pipeline.py
[2026-09-18T10:43:01.855+0000] {logging_mixin.py:188} INFO - [2026-09-18T10:43:01.855+0000] {dag.py:3096} INFO - Sync 1 DAGs
[2026-09-18T10:43:01.902+0000] {logging_mixin.py:188} INFO - [2026-09-18T10:43:01.901+0000] {dag.py:3954} INFO - Setting next_dagrun for weather_pipeline to 2026-09-18 00:00:00+00:00, run_after=2026-09-19 00:00:00+00:00
[2026-09-18T10:43:01.934+0000] {processor.py:183} INFO - Processing /opt/airflow/dags/weather_pipeline.py took 0.696 seconds
[2026-09-18T10:43:32.038+0000] {processor.py:161} INFO - Started process (PID=99) to work on /opt/airflow/dags/weather_pipeline.py
[2026-09-18T10:43:32.040+0000] {processor.py:830} INFO - Processing file /opt/airflow/dags/weather_pipeline.py for tasks to queue
[2026-09-18T10:43:32.044+0000] {logging_mixin.py:188} INFO - [2026-09-18T10:43:32.043+0000] {dagbag.py:545} INFO - Filling up the DagBag from /opt/airflow/dags/weather_pipeline.py
[2026-09-18T10:43:32.614+0000] {processor.py:840} INFO - DAG(s) 'weather_pipeline' retrieved from /opt/airflow/dags/weather_pipeline.py
[2026-09-18T10:43:32.658+0000] {logging_mixin.py:188} INFO - [2026-09-18T10:43:32.658+0000] {dag.py:3096} INFO - Sync 1 DAGs
[2026-09-18T10:43:32.691+0000] {logging_mixin.py:188} INFO - [2026-09-18T10:43:32.691+0000] {dag.py:3954} INFO - Setting next_dagrun for weather_pipeline to 2026-09-18 00:00:00+00:00, run_after=2026-09-19 00:00:00+00:00
[2026-09-18T10:43:32.720+0000] {processor.py:183} INFO - Processing /opt/airflow/dags/weather_pipeline.py took 0.699 seconds
[2026-09-18T10:44:02.987+0000] {processor.py:161} INFO - Started process (PID=101) to work on /opt/airflow/dags/weather_pipeline.py
[2026-09-18T10:44:02.991+0000] {processor.py:830} INFO - Processing file /opt/airflow/dags/weather_pipeline.py for tasks to queue
[2026-09-18T10:44:02.995+0000] {logging_mixin.py:188} INFO - [2026-09-18T10:44:02.994+0000] {dagbag.py:545} INFO - Filling up the DagBag from /opt/airflow/dags/weather_pipeline.py
[2026-09-18T10:44:03.512+0000] {processor.py:840} INFO - DAG(s) 'weather_pipeline' retrieved from /opt/airflow/dags/weather_pipeline.py
[2026-09-18T10:44:03.558+0000] {logging_mixin.py:188} INFO - [2026-09-18T10:44:03.558+0000] {dag.py:3096} INFO - Sync 1 DAGs
[2026-09-18T10:44:03.592+0000] {logging_mixin.py:188} INFO - [2026-09-18T10:44:03.591+0000] {dag.py:3954} INFO - Setting next_dagrun for weather_pipeline to 2026-09-18 00:00:00+00:00, run_after=2026-09-19 00:00:00+00:00
[2026-09-18T10:44:03.621+0000] {processor.py:183} INFO - Processing /opt/airflow/dags/weather_pipeline.py took 0.653 seconds
[2026-09-18T10:44:33.885+0000] {processor.py:161} INFO - Started process (PID=103) to work on /opt/airflow/dags/weather_pipeline.py
[2026-09-18T10:44:33.887+0000] {processor.py:830} INFO - Processing file /opt/airflow/dags/weather_pipeline.py for tasks to queue
[2026-09-18T10:44:33.891+0000] {logging_mixin.py:188} INFO - [2026-09-18T10:44:33.891+0000] {dagbag.py:545} INFO - Filling up the DagBag from /opt/airflow/dags/weather_pipeline.py
[2026-09-18T10:44:34.400+0000] {processor.py:840} INFO - DAG(s) 'weather_pipeline' retrieved from /opt/airflow/dags/weather_pipeline.py
[2026-09-18T10:44:34.445+0000] {logging_mixin.py:188} INFO - [2026-09-18T10:44:34.444+0000] {dag.py:3096} INFO - Sync 1 DAGs
[2026-09-18T10:44:34.476+0000] {logging_mixin.py:188} INFO - [2026-09-18T10:44:34.476+0000] {dag.py:3954} INFO - Setting next_dagrun for weather_pipeline to 2026-09-18 00:00:00+00:00, run_after=2026-09-19 00:00:00+00:00
[2026-09-18T10:44:34.504+0000] {processor.py:183} INFO - Processing /opt/airflow/dags/weather_pipeline.py took 0.637 seconds
[2026-09-18T10:45:04.771+0000] {processor.py:161} INFO - Started process (PID=105) to work on /opt/airflow/dags/weather_pipeline.py
[2026-09-18T10:45:04.774+0000] {processor.py:830} INFO - Processing file /opt/airflow/dags/weather_pipeline.py for tasks to queue
[2026-09-18T10:45:04.779+0000] {logging_mixin.py:188} INFO - [2026-09-18T10:45:04.778+0000] {dagbag.py:545} INFO - Filling up the DagBag from /opt/airflow/dags/weather_pipeline.py
[2026-09-18T10:45:05.304+0000] {processor.py:840} INFO - DAG(s) 'weather_pipeline' retrieved from /opt/airflow/dags/weather_pipeline.py
[2026-09-18T10:45:05.346+0000] {logging_mixin.py:188} INFO - [2026-09-18T10:45:05.345+0000] {dag.py:3096} INFO - Sync 1 DAGs
[2026-09-18T10:45:05.378+0000] {logging_mixin.py:188} INFO - [2026-09-18T10:45:05.378+0000] {dag.py:3954} INFO - Setting next_dagrun for weather_pipeline to 2026-09-18 00:00:00+00:00, run_after=2026-09-19 00:00:00+00:00
[2026-09-18T10:45:05.408+0000] {processor.py:183} INFO - Processing /opt/airflow/dags/weather_pipeline.py took 0.654 seconds
[2026-09-18T10:45:35.684+0000] {processor.py:161} INFO - Started process (PID=107) to work on /opt/airflow/dags/weather_pipeline.py
[2026-09-18T10:45:35.688+0000] {processor.py:830} INFO - Processing file /opt/airflow/dags/weather_pipeline.py for tasks to queue
[2026-09-18T10:45:35.692+0000] {logging_mixin.py:188} INFO - [2026-09-18T10:45:35.691+0000] {dagbag.py:545} INFO - Filling up the DagBag from /opt/airflow/dags/weather_pipeline.py
[2026-09-18T10:45:36.197+0000] {processor.py:840} INFO - DAG(s) 'weather_pipeline' retrieved from /opt/airflow/dags/weather_pipeline.py
[2026-09-18T10:45:36.241+0000] {logging_mixin.py:188} INFO - [2026-09-18T10:45:36.240+0000] {dag.py:3096} INFO - Sync 1 DAGs
[2026-09-18T10:45:36.277+0000] {logging_mixin.py:188} INFO - [2026-09-18T10:45:36.276+0000] {dag.py:3954} INFO - Setting next_dagrun for weather_pipeline to 2026-09-18 00:00:00+00:00, run_after=2026-09-19 00:00:00+00:00
[2026-09-18T10:45:36.305+0000] {processor.py:183} INFO - Processing /opt/airflow/dags/weather_pipeline.py took 0.639 seconds
[2026-09-18T10:46:06.553+0000] {processor.py:161} INFO - Started process (PID=109) to work on /opt/airflow/dags/weather_pipeline.py
[2026-09-18T10:46:06.556+0000] {processor.py:830} INFO - Processing file /opt/airflow/dags/weather_pipeline.py for tasks to queue
[2026-09-18T10:46:06.561+0000] {logging_mixin.py:188} INFO - [2026-09-18T10:46:06.560+0000] {dagbag.py:545} INFO - Filling up the DagBag from /opt/airflow/dags/weather_pipeline.py
[2026-09-18T10:46:07.068+0000] {processor.py:840} INFO - DAG(s) 'weather_pipeline' retrieved from /opt/airflow/dags/weather_pipeline.py
[2026-09-18T10:46:07.109+0000] {logging_mixin.py:188} INFO - [2026-09-18T10:46:07.109+0000] {dag.py:3096} INFO - Sync 1 DAGs
[2026-09-18T10:46:07.145+0000] {logging_mixin.py:188} INFO - [2026-09-18T10:46:07.144+0000] {dag.py:3954} INFO - Setting next_dagrun for weather_pipeline to 2026-09-18 00:00:00+00:00, run_after=2026-09-19 00:00:00+00:00
[2026-09-18T10:46:07.171+0000] {processor.py:183} INFO - Processing /opt/airflow/dags/weather_pipeline.py took 0.637 seconds
[2026-09-18T10:46:37.427+0000] {processor.py:161} INFO - Started process (PID=111) to work on /opt/airflow/dags/weather_pipeline.py
[2026-09-18T10:46:37.429+0000] {processor.py:830} INFO - Processing file /opt/airflow/dags/weather_pipeline.py for tasks to queue
[2026-09-18T10:46:37.433+0000] {logging_mixin.py:188} INFO - [2026-09-18T10:46:37.432+0000] {dagbag.py:545} INFO - Filling up the DagBag from /opt/airflow/dags/weather_pipeline.py
[2026-09-18T10:46:37.933+0000] {processor.py:840} INFO - DAG(s) 'weather_pipeline' retrieved from /opt/airflow/dags/weather_pipeline.py
[2026-09-18T10:46:37.978+0000] {logging_mixin.py:188} INFO - [2026-09-18T10:46:37.977+0000] {dag.py:3096} INFO - Sync 1 DAGs
[2026-09-18T10:46:38.013+0000] {logging_mixin.py:188} INFO - [2026-09-18T10:46:38.013+0000] {dag.py:3954} INFO - Setting next_dagrun for weather_pipeline to 2026-09-18 00:00:00+00:00, run_after=2026-09-19 00:00:00+00:00
[2026-09-18T10:46:38.039+0000] {processor.py:183} INFO - Processing /opt/airflow/dags/weather_pipeline.py took 0.632 seconds
[2026-09-18T10:47:08.295+0000] {processor.py:161} INFO - Started process (PID=113) to work on /opt/airflow/dags/weather_pipeline.py
[2026-09-18T10:47:08.307+0000] {processor.py:830} INFO - Processing file /opt/airflow/dags/weather_pipeline.py for tasks to queue
[2026-09-18T10:47:08.312+0000] {logging_mixin.py:188} INFO - [2026-09-18T10:47:08.311+0000] {dagbag.py:545} INFO - Filling up the DagBag from /opt/airflow/dags/weather_pipeline.py
[2026-09-18T10:47:08.822+0000] {processor.py:840} INFO - DAG(s) 'weather_pipeline' retrieved from /opt/airflow/dags/weather_pipeline.py
[2026-09-18T10:47:08.866+0000] {logging_mixin.py:188} INFO - [2026-09-18T10:47:08.865+0000] {dag.py:3096} INFO - Sync 1 DAGs
[2026-09-18T10:47:08.898+0000] {logging_mixin.py:188} INFO - [2026-09-18T10:47:08.898+0000] {dag.py:3954} INFO - Setting next_dagrun for weather_pipeline to 2026-09-18 00:00:00+00:00, run_after=2026-09-19 00:00:00+00:00
[2026-09-18T10:47:08.927+0000] {processor.py:183} INFO - Processing /opt/airflow/dags/weather_pipeline.py took 0.651 seconds
[2026-09-18T10:47:39.202+0000] {processor.py:161} INFO - Started process (PID=115) to work on /opt/airflow/dags/weather_pipeline.py
[2026-09-18T10:47:39.206+0000] {processor.py:830} INFO - Processing file /opt/airflow/dags/weather_pipeline.py for tasks to queue
[2026-09-18T10:47:39.211+0000] {logging_mixin.py:188} INFO - [2026-09-18T10:47:39.210+0000] {dagbag.py:545} INFO - Filling up the DagBag from /opt/airflow/dags/weather_pipeline.py
[2026-09-18T10:47:39.725+0000] {processor.py:840} INFO - DAG(s) 'weather_pipeline' retrieved from /opt/airflow/dags/weather_pipeline.py
[2026-09-18T10:47:39.767+0000] {logging_mixin.py:188} INFO - [2026-09-18T10:47:39.767+0000] {dag.py:3096} INFO - Sync 1 DAGs
[2026-09-18T10:47:39.804+0000] {logging_mixin.py:188} INFO - [2026-09-18T10:47:39.804+0000] {dag.py:3954} INFO - Setting next_dagrun for weather_pipeline to 2026-09-18 00:00:00+00:00, run_after=2026-09-19 00:00:00+00:00
[2026-09-18T10:47:39.838+0000] {processor.py:183} INFO - Processing /opt/airflow/dags/weather_pipeline.py took 0.654 seconds
[2026-09-18T10:48:10.117+0000] {processor.py:161} INFO - Started process (PID=117) to work on /opt/airflow/dags/weather_pipeline.py
[2026-09-18T10:48:10.120+0000] {processor.py:830} INFO - Processing file /opt/airflow/dags/weather_pipeline.py for tasks to queue
[2026-09-18T10:48:10.125+0000] {logging_mixin.py:188} INFO - [2026-09-18T10:48:10.124+0000] {dagbag.py:545} INFO - Filling up the DagBag from /opt/airflow/dags/weather_pipeline.py
[2026-09-18T10:48:10.635+0000] {processor.py:840} INFO - DAG(s) 'weather_pipeline' retrieved from /opt/airflow/dags/weather_pipeline.py
[2026-09-18T10:48:10.677+0000] {logging_mixin.py:188} INFO - [2026-09-18T10:48:10.676+0000] {dag.py:3096} INFO - Sync 1 DAGs
[2026-09-18T10:48:10.709+0000] {logging_mixin.py:188} INFO - [2026-09-18T10:48:10.709+0000] {dag.py:3954} INFO - Setting next_dagrun for weather_pipeline to 2026-09-18 00:00:00+00:00, run_after=2026-09-19 00:00:00+00:00
[2026-09-18T10:48:10.738+0000] {processor.py:183} INFO - Processing /opt/airflow/dags/weather_pipeline.py took 0.642 seconds
[2026-09-18T10:48:40.952+0000] {processor.py:161} INFO - Started process (PID=119) to work on /opt/airflow/dags/weather_pipeline.py
[2026-09-18T10:48:40.956+0000] {processor.py:830} INFO - Processing file /opt/airflow/dags/weather_pipeline.py for tasks to queue
[2026-09-18T10:48:40.960+0000] {logging_mixin.py:188} INFO - [2026-09-18T10:48:40.959+0000] {dagbag.py:545} INFO - Filling up the DagBag from /opt/airflow/dags/weather_pipeline.py
[2026-09-18T10:48:41.481+0000] {processor.py:840} INFO - DAG(s) 'weather_pipeline' retrieved from /opt/airflow/dags/weather_pipeline.py
[2026-09-18T10:48:41.523+0000] {logging_mixin.py:188} INFO - [2026-09-18T10:48:41.522+0000] {dag.py:3096} INFO - Sync 1 DAGs
[2026-09-18T10:48:41.560+0000] {logging_mixin.py:188} INFO - [2026-09-18T10:48:41.560+0000] {dag.py:3954} INFO - Setting next_dagrun for weather_pipeline to 2026-09-18 00:00:00+00:00, run_after=2026-09-19 00:00:00+00:00
[2026-09-18T10:48:41.593+0000] {processor.py:183} INFO - Processing /opt/airflow/dags/weather_pipeline.py took 0.660 seconds
[2026-09-18T10:49:11.860+0000] {processor.py:161} INFO - Started process (PID=121) to work on /opt/airflow/dags/weather_pipeline.py
[2026-09-18T10:49:11.862+0000] {processor.py:830} INFO - Processing file /opt/airflow/dags/weather_pipeline.py for tasks to queue
[2026-09-18T10:49:11.867+0000] {logging_mixin.py:188} INFO - [2026-09-18T10:49:11.866+0000] {dagbag.py:545} INFO - Filling up the DagBag from /opt/airflow/dags/weather_pipeline.py
[2026-09-18T10:49:12.371+0000] {processor.py:840} INFO - DAG(s) 'weather_pipeline' retrieved from /opt/airflow/dags/weather_pipeline.py
[2026-09-18T10:49:12.415+0000] {logging_mixin.py:188} INFO - [2026-09-18T10:49:12.414+0000] {dag.py:3096} INFO - Sync 1 DAGs
[2026-09-18T10:49:12.468+0000] {logging_mixin.py:188} INFO - [2026-09-18T10:49:12.467+0000] {dag.py:3954} INFO - Setting next_dagrun for weather_pipeline to 2026-09-18 00:00:00+00:00, run_after=2026-09-19 00:00:00+00:00
[2026-09-18T10:49:12.496+0000] {processor.py:183} INFO - Processing /opt/airflow/dags/weather_pipeline.py took 0.655 seconds
[2026-09-18T10:49:42.750+0000] {processor.py:161} INFO - Started process (PID=123) to work on /opt/airflow/dags/weather_pipeline.py
[2026-09-18T10:49:42.752+0000] {processor.py:830} INFO - Processing file /opt/airflow/dags/weather_pipeline.py for tasks to queue
[2026-09-18T10:49:42.757+0000] {logging_mixin.py:188} INFO - [2026-09-18T10:49:42.756+0000] {dagbag.py:545} INFO - Filling up the DagBag from /opt/airflow/dags/weather_pipeline.py
[2026-09-18T10:49:43.263+0000] {processor.py:840} INFO - DAG(s) 'weather_pipeline' retrieved from /opt/airflow/dags/weather_pipeline.py
[2026-09-18T10:49:43.306+0000] {logging_mixin.py:188} INFO - [2026-09-18T10:49:43.305+0000] {dag.py:3096} INFO - Sync 1 DAGs
[2026-09-18T10:49:43.337+0000] {logging_mixin.py:188} INFO - [2026-09-18T10:49:43.337+0000] {dag.py:3954} INFO - Setting next_dagrun for weather_pipeline to 2026-09-18 00:00:00+00:00, run_after=2026-09-19 00:00:00+00:00
[2026-09-18T10:49:43.362+0000] {processor.py:183} INFO - Processing /opt/airflow/dags/weather_pipeline.py took 0.630 seconds
[2026-09-18T10:50:13.638+0000] {processor.py:161} INFO - Started process (PID=125) to work on /opt/airflow/dags/weather_pipeline.py
[2026-09-18T10:50:13.642+0000] {processor.py:830} INFO - Processing file /opt/airflow/dags/weather_pipeline.py for tasks to queue
[2026-09-18T10:50:13.648+0000] {logging_mixin.py:188} INFO - [2026-09-18T10:50:13.647+0000] {dagbag.py:545} INFO - Filling up the DagBag from /opt/airflow/dags/weather_pipeline.py
[2026-09-18T10:50:14.155+0000] {processor.py:840} INFO - DAG(s) 'weather_pipeline' retrieved from /opt/airflow/dags/weather_pipeline.py
[2026-09-18T10:50:14.200+0000] {logging_mixin.py:188} INFO - [2026-09-18T10:50:14.199+0000] {dag.py:3096} INFO - Sync 1 DAGs
[2026-09-18T10:50:14.232+0000] {logging_mixin.py:188} INFO - [2026-09-18T10:50:14.231+0000] {dag.py:3954} INFO - Setting next_dagrun for weather_pipeline to 2026-09-18 00:00:00+00:00, run_after=2026-09-19 00:00:00+00:00
[2026-09-18T10:50:14.259+0000] {processor.py:183} INFO - Processing /opt/airflow/dags/weather_pipeline.py took 0.641 seconds
[2026-09-18T10:50:44.534+0000] {processor.py:161} INFO - Started process (PID=127) to work on /opt/airflow/dags/weather_pipeline.py
[2026-09-18T10:50:44.538+0000] {processor.py:830} INFO - Processing file /opt/airflow/dags/weather_pipeline.py for tasks to queue
[2026-09-18T10:50:44.542+0000] {logging_mixin.py:188} INFO - [2026-09-18T10:50:44.541+0000] {dagbag.py:545} INFO - Filling up the DagBag from /opt/airflow/dags/weather_pipeline.py
[2026-09-18T10:50:45.050+0000] {processor.py:840} INFO - DAG(s) 'weather_pipeline' retrieved from /opt/airflow/dags/weather_pipeline.py
[2026-09-18T10:50:45.092+0000] {logging_mixin.py:188} INFO - [2026-09-18T10:50:45.092+0000] {dag.py:3096} INFO - Sync 1 DAGs
[2026-09-18T10:50:45.125+0000] {logging_mixin.py:188} INFO - [2026-09-18T10:50:45.125+0000] {dag.py:3954} INFO - Setting next_dagrun for weather_pipeline to 2026-09-18 00:00:00+00:00, run_after=2026-09-19 00:00:00+00:00
[2026-09-18T10:50:45.156+0000] {processor.py:183} INFO - Processing /opt/airflow/dags/weather_pipeline.py took 0.642 seconds
[2026-09-18T10:51:15.417+0000] {processor.py:161} INFO - Started process (PID=129) to work on /opt/airflow/dags/weather_pipeline.py
[2026-09-18T10:51:15.419+0000] {processor.py:830} INFO - Processing file /opt/airflow/dags/weather_pipeline.py for tasks to queue
[2026-09-18T10:51:15.424+0000] {logging_mixin.py:188} INFO - [2026-09-18T10:51:15.423+0000] {dagbag.py:545} INFO - Filling up the DagBag from /opt/airflow/dags/weather_pipeline.py
[2026-09-18T10:51:15.925+0000] {processor.py:840} INFO - DAG(s) 'weather_pipeline' retrieved from /opt/airflow/dags/weather_pipeline.py
[2026-09-18T10:51:15.967+0000] {logging_mixin.py:188} INFO - [2026-09-18T10:51:15.967+0000] {dag.py:3096} INFO - Sync 1 DAGs
[2026-09-18T10:51:15.999+0000] {logging_mixin.py:188} INFO - [2026-09-18T10:51:15.998+0000] {dag.py:3954} INFO - Setting next_dagrun for weather_pipeline to 2026-09-18 00:00:00+00:00, run_after=2026-09-19 00:00:00+00:00
[2026-09-18T10:51:16.033+0000] {processor.py:183} INFO - Processing /opt/airflow/dags/weather_pipeline.py took 0.635 seconds
[2026-09-18T10:51:46.329+0000] {processor.py:161} INFO - Started process (PID=131) to work on /opt/airflow/dags/weather_pipeline.py
[2026-09-18T10:51:46.333+0000] {processor.py:830} INFO - Processing file /opt/airflow/dags/weather_pipeline.py for tasks to queue
[2026-09-18T10:51:46.338+0000] {logging_mixin.py:188} INFO - [2026-09-18T10:51:46.337+0000] {dagbag.py:545} INFO - Filling up the DagBag from /opt/airflow/dags/weather_pipeline.py
[2026-09-18T10:51:46.861+0000] {processor.py:840} INFO - DAG(s) 'weather_pipeline' retrieved from /opt/airflow/dags/weather_pipeline.py
[2026-09-18T10:51:46.902+0000] {logging_mixin.py:188} INFO - [2026-09-18T10:51:46.902+0000] {dag.py:3096} INFO - Sync 1 DAGs
[2026-09-18T10:51:46.943+0000] {logging_mixin.py:188} INFO - [2026-09-18T10:51:46.942+0000] {dag.py:3954} INFO - Setting next_dagrun for weather_pipeline to 2026-09-18 00:00:00+00:00, run_after=2026-09-19 00:00:00+00:00
[2026-09-18T10:51:46.981+0000] {processor.py:183} INFO - Processing /opt/airflow/dags/weather_pipeline.py took 0.670 seconds
[2026-09-18T10:52:17.257+0000] {processor.py:161} INFO - Started process (PID=133) to work on /opt/airflow/dags/weather_pipeline.py
[2026-09-18T10:52:17.259+0000] {processor.py:830} INFO - Processing file /opt/airflow/dags/weather_pipeline.py for tasks to queue
[2026-09-18T10:52:17.264+0000] {logging_mixin.py:188} INFO - [2026-09-18T10:52:17.263+0000] {dagbag.py:545} INFO - Filling up the DagBag from /opt/airflow/dags/weather_pipeline.py
[2026-09-18T10:52:17.781+0000] {processor.py:840} INFO - DAG(s) 'weather_pipeline' retrieved from /opt/airflow/dags/weather_pipeline.py
[2026-09-18T10:52:17.824+0000] {logging_mixin.py:188} INFO - [2026-09-18T10:52:17.823+0000] {dag.py:3096} INFO - Sync 1 DAGs
[2026-09-18T10:52:17.863+0000] {logging_mixin.py:188} INFO - [2026-09-18T10:52:17.862+0000] {dag.py:3954} INFO - Setting next_dagrun for weather_pipeline to 2026-09-18 00:00:00+00:00, run_after=2026-09-19 00:00:00+00:00
[2026-09-18T10:52:17.896+0000] {processor.py:183} INFO - Processing /opt/airflow/dags/weather_pipeline.py took 0.659 seconds
[2026-09-18T10:52:48.120+0000] {processor.py:161} INFO - Started process (PID=135) to work on /opt/airflow/dags/weather_pipeline.py
[2026-09-18T10:52:48.122+0000] {processor.py:830} INFO - Processing file /opt/airflow/dags/weather_pipeline.py for tasks to queue
[2026-09-18T10:52:48.127+0000] {logging_mixin.py:188} INFO - [2026-09-18T10:52:48.126+0000] {dagbag.py:545} INFO - Filling up the DagBag from /opt/airflow/dags/weather_pipeline.py
[2026-09-18T10:52:48.640+0000] {processor.py:840} INFO - DAG(s) 'weather_pipeline' retrieved from /opt/airflow/dags/weather_pipeline.py
[2026-09-18T10:52:48.684+0000] {logging_mixin.py:188} INFO - [2026-09-18T10:52:48.684+0000] {dag.py:3096} INFO - Sync 1 DAGs
[2026-09-18T10:52:48.716+0000] {logging_mixin.py:188} INFO - [2026-09-18T10:52:48.716+0000] {dag.py:3954} INFO - Setting next_dagrun for weather_pipeline to 2026-09-18 00:00:00+00:00, run_after=2026-09-19 00:00:00+00:00
[2026-09-18T10:52:48.743+0000] {processor.py:183} INFO - Processing /opt/airflow/dags/weather_pipeline.py took 0.642 seconds
[2026-09-18T10:53:19.017+0000] {processor.py:161} INFO - Started process (PID=137) to work on /opt/airflow/dags/weather_pipeline.py
[2026-09-18T10:53:19.021+0000] {processor.py:830} INFO - Processing file /opt/airflow/dags/weather_pipeline.py for tasks to queue
[2026-09-18T10:53:19.026+0000] {logging_mixin.py:188} INFO - [2026-09-18T10:53:19.025+0000] {dagbag.py:545} INFO - Filling up the DagBag from /opt/airflow/dags/weather_pipeline.py
[2026-09-18T10:53:19.515+0000] {processor.py:840} INFO - DAG(s) 'weather_pipeline' retrieved from /opt/airflow/dags/weather_pipeline.py
[2026-09-18T10:53:19.557+0000] {logging_mixin.py:188} INFO - [2026-09-18T10:53:19.556+0000] {dag.py:3096} INFO - Sync 1 DAGs
[2026-09-18T10:53:19.588+0000] {logging_mixin.py:188} INFO - [2026-09-18T10:53:19.587+0000] {dag.py:3954} INFO - Setting next_dagrun for weather_pipeline to 2026-09-18 00:00:00+00:00, run_after=2026-09-19 00:00:00+00:00
[2026-09-18T10:53:19.615+0000] {processor.py:183} INFO - Processing /opt/airflow/dags/weather_pipeline.py took 0.624 seconds
[2026-09-18T10:53:49.872+0000] {processor.py:161} INFO - Started process (PID=139) to work on /opt/airflow/dags/weather_pipeline.py
[2026-09-18T10:53:49.875+0000] {processor.py:830} INFO - Processing file /opt/airflow/dags/weather_pipeline.py for tasks to queue
[2026-09-18T10:53:49.880+0000] {logging_mixin.py:188} INFO - [2026-09-18T10:53:49.879+0000] {dagbag.py:545} INFO - Filling up the DagBag from /opt/airflow/dags/weather_pipeline.py
[2026-09-18T10:53:50.389+0000] {processor.py:840} INFO - DAG(s) 'weather_pipeline' retrieved from /opt/airflow/dags/weather_pipeline.py
[2026-09-18T10:53:50.435+0000] {logging_mixin.py:188} INFO - [2026-09-18T10:53:50.435+0000] {dag.py:3096} INFO - Sync 1 DAGs
[2026-09-18T10:53:50.468+0000] {logging_mixin.py:188} INFO - [2026-09-18T10:53:50.467+0000] {dag.py:3954} INFO - Setting next_dagrun for weather_pipeline to 2026-09-18 00:00:00+00:00, run_after=2026-09-19 00:00:00+00:00
[2026-09-18T10:53:50.500+0000] {processor.py:183} INFO - Processing /opt/airflow/dags/weather_pipeline.py took 0.648 seconds
[2026-09-18T10:54:20.766+0000] {processor.py:161} INFO - Started process (PID=141) to work on /opt/airflow/dags/weather_pipeline.py
[2026-09-18T10:54:20.768+0000] {processor.py:830} INFO - Processing file /opt/airflow/dags/weather_pipeline.py for tasks to queue
[2026-09-18T10:54:20.773+0000] {logging_mixin.py:188} INFO - [2026-09-18T10:54:20.772+0000] {dagbag.py:545} INFO - Filling up the DagBag from /opt/airflow/dags/weather_pipeline.py
[2026-09-18T10:54:21.281+0000] {processor.py:840} INFO - DAG(s) 'weather_pipeline' retrieved from /opt/airflow/dags/weather_pipeline.py
[2026-09-18T10:54:21.324+0000] {logging_mixin.py:188} INFO - [2026-09-18T10:54:21.323+0000] {dag.py:3096} INFO - Sync 1 DAGs
[2026-09-18T10:54:21.357+0000] {logging_mixin.py:188} INFO - [2026-09-18T10:54:21.357+0000] {dag.py:3954} INFO - Setting next_dagrun for weather_pipeline to 2026-09-18 00:00:00+00:00, run_after=2026-09-19 00:00:00+00:00
[2026-09-18T10:54:21.387+0000] {processor.py:183} INFO - Processing /opt/airflow/dags/weather_pipeline.py took 0.639 seconds
[2026-09-18T10:54:51.659+0000] {processor.py:161} INFO - Started process (PID=143) to work on /opt/airflow/dags/weather_pipeline.py
[2026-09-18T10:54:51.663+0000] {processor.py:830} INFO - Processing file /opt/airflow/dags/weather_pipeline.py for tasks to queue
[2026-09-18T10:54:51.668+0000] {logging_mixin.py:188} INFO - [2026-09-18T10:54:51.667+0000] {dagbag.py:545} INFO - Filling up the DagBag from /opt/airflow/dags/weather_pipeline.py
[2026-09-18T10:54:52.172+0000] {processor.py:840} INFO - DAG(s) 'weather_pipeline' retrieved from /opt/airflow/dags/weather_pipeline.py
[2026-09-18T10:54:52.215+0000] {logging_mixin.py:188} INFO - [2026-09-18T10:54:52.215+0000] {dag.py:3096} INFO - Sync 1 DAGs
[2026-09-18T10:54:52.250+0000] {logging_mixin.py:188} INFO - [2026-09-18T10:54:52.249+0000] {dag.py:3954} INFO - Setting next_dagrun for weather_pipeline to 2026-09-18 00:00:00+00:00, run_after=2026-09-19 00:00:00+00:00
[2026-09-18T10:54:52.278+0000] {processor.py:183} INFO - Processing /opt/airflow/dags/weather_pipeline.py took 0.638 seconds
[2026-09-18T10:55:22.518+0000] {processor.py:161} INFO - Started process (PID=145) to work on /opt/airflow/dags/weather_pipeline.py
[2026-09-18T10:55:22.521+0000] {processor.py:830} INFO - Processing file /opt/airflow/dags/weather_pipeline.py for tasks to queue
[2026-09-18T10:55:22.527+0000] {logging_mixin.py:188} INFO - [2026-09-18T10:55:22.526+0000] {dagbag.py:545} INFO - Filling up the DagBag from /opt/airflow/dags/weather_pipeline.py
[2026-09-18T10:55:23.150+0000] {processor.py:840} INFO - DAG(s) 'weather_pipeline' retrieved from /opt/airflow/dags/weather_pipeline.py
[2026-09-18T10:55:23.203+0000] {logging_mixin.py:188} INFO - [2026-09-18T10:55:23.202+0000] {dag.py:3096} INFO - Sync 1 DAGs
[2026-09-18T10:55:23.254+0000] {logging_mixin.py:188} INFO - [2026-09-18T10:55:23.253+0000] {dag.py:3954} INFO - Setting next_dagrun for weather_pipeline to 2026-09-18 00:00:00+00:00, run_after=2026-09-19 00:00:00+00:00
[2026-09-18T10:55:23.287+0000] {processor.py:183} INFO - Processing /opt/airflow/dags/weather_pipeline.py took 0.792 seconds
[2026-09-18T10:55:53.563+0000] {processor.py:161} INFO - Started process (PID=147) to work on /opt/airflow/dags/weather_pipeline.py
[2026-09-18T10:55:53.566+0000] {processor.py:830} INFO - Processing file /opt/airflow/dags/weather_pipeline.py for tasks to queue
[2026-09-18T10:55:53.573+0000] {logging_mixin.py:188} INFO - [2026-09-18T10:55:53.571+0000] {dagbag.py:545} INFO - Filling up the DagBag from /opt/airflow/dags/weather_pipeline.py
[2026-09-18T10:55:54.395+0000] {processor.py:840} INFO - DAG(s) 'weather_pipeline' retrieved from /opt/airflow/dags/weather_pipeline.py
[2026-09-18T10:55:54.451+0000] {logging_mixin.py:188} INFO - [2026-09-18T10:55:54.451+0000] {dag.py:3096} INFO - Sync 1 DAGs
[2026-09-18T10:55:54.487+0000] {logging_mixin.py:188} INFO - [2026-09-18T10:55:54.487+0000] {dag.py:3954} INFO - Setting next_dagrun for weather_pipeline to 2026-09-18 00:00:00+00:00, run_after=2026-09-19 00:00:00+00:00
[2026-09-18T10:55:54.516+0000] {processor.py:183} INFO - Processing /opt/airflow/dags/weather_pipeline.py took 0.968 seconds
[2026-09-18T10:56:24.788+0000] {processor.py:161} INFO - Started process (PID=149) to work on /opt/airflow/dags/weather_pipeline.py
[2026-09-18T10:56:24.789+0000] {processor.py:830} INFO - Processing file /opt/airflow/dags/weather_pipeline.py for tasks to queue
[2026-09-18T10:56:24.791+0000] {logging_mixin.py:188} INFO - [2026-09-18T10:56:24.791+0000] {dagbag.py:545} INFO - Filling up the DagBag from /opt/airflow/dags/weather_pipeline.py
[2026-09-18T10:56:25.409+0000] {processor.py:840} INFO - DAG(s) 'weather_pipeline' retrieved from /opt/airflow/dags/weather_pipeline.py
[2026-09-18T10:56:25.459+0000] {logging_mixin.py:188} INFO - [2026-09-18T10:56:25.458+0000] {dag.py:3096} INFO - Sync 1 DAGs
[2026-09-18T10:56:25.497+0000] {logging_mixin.py:188} INFO - [2026-09-18T10:56:25.497+0000] {dag.py:3954} INFO - Setting next_dagrun for weather_pipeline to 2026-09-18 00:00:00+00:00, run_after=2026-09-19 00:00:00+00:00
[2026-09-18T10:56:25.529+0000] {processor.py:183} INFO - Processing /opt/airflow/dags/weather_pipeline.py took 0.752 seconds
[2026-09-18T10:56:55.746+0000] {processor.py:161} INFO - Started process (PID=151) to work on /opt/airflow/dags/weather_pipeline.py
[2026-09-18T10:56:55.749+0000] {processor.py:830} INFO - Processing file /opt/airflow/dags/weather_pipeline.py for tasks to queue
[2026-09-18T10:56:55.751+0000] {logging_mixin.py:188} INFO - [2026-09-18T10:56:55.750+0000] {dagbag.py:545} INFO - Filling up the DagBag from /opt/airflow/dags/weather_pipeline.py
[2026-09-18T10:56:56.339+0000] {processor.py:840} INFO - DAG(s) 'weather_pipeline' retrieved from /opt/airflow/dags/weather_pipeline.py
[2026-09-18T10:56:56.383+0000] {logging_mixin.py:188} INFO - [2026-09-18T10:56:56.383+0000] {dag.py:3096} INFO - Sync 1 DAGs
[2026-09-18T10:56:56.420+0000] {logging_mixin.py:188} INFO - [2026-09-18T10:56:56.420+0000] {dag.py:3954} INFO - Setting next_dagrun for weather_pipeline to 2026-09-18 00:00:00+00:00, run_after=2026-09-19 00:00:00+00:00
[2026-09-18T10:56:56.453+0000] {processor.py:183} INFO - Processing /opt/airflow/dags/weather_pipeline.py took 0.715 seconds
[2026-09-18T10:57:26.698+0000] {processor.py:161} INFO - Started process (PID=153) to work on /opt/airflow/dags/weather_pipeline.py
[2026-09-18T10:57:26.700+0000] {processor.py:830} INFO - Processing file /opt/airflow/dags/weather_pipeline.py for tasks to queue
[2026-09-18T10:57:26.702+0000] {logging_mixin.py:188} INFO - [2026-09-18T10:57:26.702+0000] {dagbag.py:545} INFO - Filling up the DagBag from /opt/airflow/dags/weather_pipeline.py
[2026-09-18T10:57:27.251+0000] {processor.py:840} INFO - DAG(s) 'weather_pipeline' retrieved from /opt/airflow/dags/weather_pipeline.py
[2026-09-18T10:57:27.301+0000] {logging_mixin.py:188} INFO - [2026-09-18T10:57:27.300+0000] {dag.py:3096} INFO - Sync 1 DAGs
[2026-09-18T10:57:27.344+0000] {logging_mixin.py:188} INFO - [2026-09-18T10:57:27.343+0000] {dag.py:3954} INFO - Setting next_dagrun for weather_pipeline to 2026-09-18 00:00:00+00:00, run_after=2026-09-19 00:00:00+00:00
[2026-09-18T10:57:27.380+0000] {processor.py:183} INFO - Processing /opt/airflow/dags/weather_pipeline.py took 0.697 seconds
[2026-09-18T10:57:57.545+0000] {processor.py:161} INFO - Started process (PID=155) to work on /opt/airflow/dags/weather_pipeline.py
[2026-09-18T10:57:57.549+0000] {processor.py:830} INFO - Processing file /opt/airflow/dags/weather_pipeline.py for tasks to queue
[2026-09-18T10:57:57.554+0000] {logging_mixin.py:188} INFO - [2026-09-18T10:57:57.553+0000] {dagbag.py:545} INFO - Filling up the DagBag from /opt/airflow/dags/weather_pipeline.py
[2026-09-18T10:57:58.057+0000] {processor.py:840} INFO - DAG(s) 'weather_pipeline' retrieved from /opt/airflow/dags/weather_pipeline.py
[2026-09-18T10:57:58.100+0000] {logging_mixin.py:188} INFO - [2026-09-18T10:57:58.099+0000] {dag.py:3096} INFO - Sync 1 DAGs
[2026-09-18T10:57:58.135+0000] {logging_mixin.py:188} INFO - [2026-09-18T10:57:58.134+0000] {dag.py:3954} INFO - Setting next_dagrun for weather_pipeline to 2026-09-18 00:00:00+00:00, run_after=2026-09-19 00:00:00+00:00
[2026-09-18T10:57:58.162+0000] {processor.py:183} INFO - Processing /opt/airflow/dags/weather_pipeline.py took 0.637 seconds
[2026-09-18T10:58:28.436+0000] {processor.py:161} INFO - Started process (PID=157) to work on /opt/airflow/dags/weather_pipeline.py
[2026-09-18T10:58:28.439+0000] {processor.py:830} INFO - Processing file /opt/airflow/dags/weather_pipeline.py for tasks to queue
[2026-09-18T10:58:28.446+0000] {logging_mixin.py:188} INFO - [2026-09-18T10:58:28.444+0000] {dagbag.py:545} INFO - Filling up the DagBag from /opt/airflow/dags/weather_pipeline.py
[2026-09-18T10:58:28.954+0000] {processor.py:840} INFO - DAG(s) 'weather_pipeline' retrieved from /opt/airflow/dags/weather_pipeline.py
[2026-09-18T10:58:29.000+0000] {logging_mixin.py:188} INFO - [2026-09-18T10:58:28.999+0000] {dag.py:3096} INFO - Sync 1 DAGs
[2026-09-18T10:58:29.036+0000] {logging_mixin.py:188} INFO - [2026-09-18T10:58:29.036+0000] {dag.py:3954} INFO - Setting next_dagrun for weather_pipeline to 2026-09-18 00:00:00+00:00, run_after=2026-09-19 00:00:00+00:00
[2026-09-18T10:58:29.064+0000] {processor.py:183} INFO - Processing /opt/airflow/dags/weather_pipeline.py took 0.649 seconds
[2026-09-18T10:58:59.318+0000] {processor.py:161} INFO - Started process (PID=159) to work on /opt/airflow/dags/weather_pipeline.py
[2026-09-18T10:58:59.322+0000] {processor.py:830} INFO - Processing file /opt/airflow/dags/weather_pipeline.py for tasks to queue
[2026-09-18T10:58:59.326+0000] {logging_mixin.py:188} INFO - [2026-09-18T10:58:59.325+0000] {dagbag.py:545} INFO - Filling up the DagBag from /opt/airflow/dags/weather_pipeline.py
[2026-09-18T10:58:59.845+0000] {processor.py:840} INFO - DAG(s) 'weather_pipeline' retrieved from /opt/airflow/dags/weather_pipeline.py
[2026-09-18T10:58:59.889+0000] {logging_mixin.py:188} INFO - [2026-09-18T10:58:59.888+0000] {dag.py:3096} INFO - Sync 1 DAGs
[2026-09-18T10:58:59.919+0000] {logging_mixin.py:188} INFO - [2026-09-18T10:58:59.919+0000] {dag.py:3954} INFO - Setting next_dagrun for weather_pipeline to 2026-09-18 00:00:00+00:00, run_after=2026-09-19 00:00:00+00:00
[2026-09-18T10:58:59.946+0000] {processor.py:183} INFO - Processing /opt/airflow/dags/weather_pipeline.py took 0.646 seconds
[2026-09-18T10:59:30.169+0000] {processor.py:161} INFO - Started process (PID=161) to work on /opt/airflow/dags/weather_pipeline.py
[2026-09-18T10:59:30.171+0000] {processor.py:830} INFO - Processing file /opt/airflow/dags/weather_pipeline.py for tasks to queue
[2026-09-18T10:59:30.173+0000] {logging_mixin.py:188} INFO - [2026-09-18T10:59:30.173+0000] {dagbag.py:545} INFO - Filling up the DagBag from /opt/airflow/dags/weather_pipeline.py
[2026-09-18T10:59:30.659+0000] {processor.py:840} INFO - DAG(s) 'weather_pipeline' retrieved from /opt/airflow/dags/weather_pipeline.py
[2026-09-18T10:59:30.707+0000] {logging_mixin.py:188} INFO - [2026-09-18T10:59:30.707+0000] {dag.py:3096} INFO - Sync 1 DAGs
[2026-09-18T10:59:30.745+0000] {logging_mixin.py:188} INFO - [2026-09-18T10:59:30.745+0000] {dag.py:3954} INFO - Setting next_dagrun for weather_pipeline to 2026-09-18 00:00:00+00:00, run_after=2026-09-19 00:00:00+00:00
[2026-09-18T10:59:30.779+0000] {processor.py:183} INFO - Processing /opt/airflow/dags/weather_pipeline.py took 0.618 seconds
[2026-09-18T11:00:01.059+0000] {processor.py:161} INFO - Started process (PID=163) to work on /opt/airflow/dags/weather_pipeline.py
[2026-09-18T11:00:01.061+0000] {processor.py:830} INFO - Processing file /opt/airflow/dags/weather_pipeline.py for tasks to queue
[2026-09-18T11:00:01.067+0000] {logging_mixin.py:188} INFO - [2026-09-18T11:00:01.066+0000] {dagbag.py:545} INFO - Filling up the DagBag from /opt/airflow/dags/weather_pipeline.py
[2026-09-18T11:00:01.605+0000] {processor.py:840} INFO - DAG(s) 'weather_pipeline' retrieved from /opt/airflow/dags/weather_pipeline.py
[2026-09-18T11:00:01.650+0000] {logging_mixin.py:188} INFO - [2026-09-18T11:00:01.650+0000] {dag.py:3096} INFO - Sync 1 DAGs
[2026-09-18T11:00:01.684+0000] {logging_mixin.py:188} INFO - [2026-09-18T11:00:01.684+0000] {dag.py:3954} INFO - Setting next_dagrun for weather_pipeline to 2026-09-18 00:00:00+00:00, run_after=2026-09-19 00:00:00+00:00
[2026-09-18T11:00:01.712+0000] {processor.py:183} INFO - Processing /opt/airflow/dags/weather_pipeline.py took 0.673 seconds
[2026-09-18T11:00:31.959+0000] {processor.py:161} INFO - Started process (PID=165) to work on /opt/airflow/dags/weather_pipeline.py
[2026-09-18T11:00:31.962+0000] {processor.py:830} INFO - Processing file /opt/airflow/dags/weather_pipeline.py for tasks to queue
[2026-09-18T11:00:31.966+0000] {logging_mixin.py:188} INFO - [2026-09-18T11:00:31.965+0000] {dagbag.py:545} INFO - Filling up the DagBag from /opt/airflow/dags/weather_pipeline.py
[2026-09-18T11:00:32.497+0000] {processor.py:840} INFO - DAG(s) 'weather_pipeline' retrieved from /opt/airflow/dags/weather_pipeline.py
[2026-09-18T11:00:32.542+0000] {logging_mixin.py:188} INFO - [2026-09-18T11:00:32.541+0000] {dag.py:3096} INFO - Sync 1 DAGs
[2026-09-18T11:00:32.578+0000] {logging_mixin.py:188} INFO - [2026-09-18T11:00:32.578+0000] {dag.py:3954} INFO - Setting next_dagrun for weather_pipeline to 2026-09-18 00:00:00+00:00, run_after=2026-09-19 00:00:00+00:00
[2026-09-18T11:00:32.610+0000] {processor.py:183} INFO - Processing /opt/airflow/dags/weather_pipeline.py took 0.669 seconds
[2026-09-18T11:01:02.881+0000] {processor.py:161} INFO - Started process (PID=167) to work on /opt/airflow/dags/weather_pipeline.py
[2026-09-18T11:01:02.883+0000] {processor.py:830} INFO - Processing file /opt/airflow/dags/weather_pipeline.py for tasks to queue
[2026-09-18T11:01:02.888+0000] {logging_mixin.py:188} INFO - [2026-09-18T11:01:02.887+0000] {dagbag.py:545} INFO - Filling up the DagBag from /opt/airflow/dags/weather_pipeline.py
[2026-09-18T11:01:03.390+0000] {processor.py:840} INFO - DAG(s) 'weather_pipeline' retrieved from /opt/airflow/dags/weather_pipeline.py
[2026-09-18T11:01:03.435+0000] {logging_mixin.py:188} INFO - [2026-09-18T11:01:03.434+0000] {dag.py:3096} INFO - Sync 1 DAGs
[2026-09-18T11:01:03.474+0000] {logging_mixin.py:188} INFO - [2026-09-18T11:01:03.474+0000] {dag.py:3954} INFO - Setting next_dagrun for weather_pipeline to 2026-09-18 00:00:00+00:00, run_after=2026-09-19 00:00:00+00:00
[2026-09-18T11:01:03.511+0000] {processor.py:183} INFO - Processing /opt/airflow/dags/weather_pipeline.py took 0.649 seconds
[2026-09-18T11:01:33.784+0000] {processor.py:161} INFO - Started process (PID=169) to work on /opt/airflow/dags/weather_pipeline.py
[2026-09-18T11:01:33.787+0000] {processor.py:830} INFO - Processing file /opt/airflow/dags/weather_pipeline.py for tasks to queue
[2026-09-18T11:01:33.791+0000] {logging_mixin.py:188} INFO - [2026-09-18T11:01:33.790+0000] {dagbag.py:545} INFO - Filling up the DagBag from /opt/airflow/dags/weather_pipeline.py
[2026-09-18T11:01:34.346+0000] {processor.py:840} INFO - DAG(s) 'weather_pipeline' retrieved from /opt/airflow/dags/weather_pipeline.py
[2026-09-18T11:01:34.392+0000] {logging_mixin.py:188} INFO - [2026-09-18T11:01:34.391+0000] {dag.py:3096} INFO - Sync 1 DAGs
[2026-09-18T11:01:34.427+0000] {logging_mixin.py:188} INFO - [2026-09-18T11:01:34.427+0000] {dag.py:3954} INFO - Setting next_dagrun for weather_pipeline to 2026-09-18 00:00:00+00:00, run_after=2026-09-19 00:00:00+00:00
[2026-09-18T11:01:34.457+0000] {processor.py:183} INFO - Processing /opt/airflow/dags/weather_pipeline.py took 0.692 seconds
[2026-09-18T11:02:04.675+0000] {processor.py:161} INFO - Started process (PID=171) to work on /opt/airflow/dags/weather_pipeline.py
[2026-09-18T11:02:04.677+0000] {processor.py:830} INFO - Processing file /opt/airflow/dags/weather_pipeline.py for tasks to queue
[2026-09-18T11:02:04.683+0000] {logging_mixin.py:188} INFO - [2026-09-18T11:02:04.682+0000] {dagbag.py:545} INFO - Filling up the DagBag from /opt/airflow/dags/weather_pipeline.py
[2026-09-18T11:02:05.215+0000] {processor.py:840} INFO - DAG(s) 'weather_pipeline' retrieved from /opt/airflow/dags/weather_pipeline.py
[2026-09-18T11:02:05.259+0000] {logging_mixin.py:188} INFO - [2026-09-18T11:02:05.259+0000] {dag.py:3096} INFO - Sync 1 DAGs
[2026-09-18T11:02:05.293+0000] {logging_mixin.py:188} INFO - [2026-09-18T11:02:05.293+0000] {dag.py:3954} INFO - Setting next_dagrun for weather_pipeline to 2026-09-18 00:00:00+00:00, run_after=2026-09-19 00:00:00+00:00
[2026-09-18T11:02:05.322+0000] {processor.py:183} INFO - Processing /opt/airflow/dags/weather_pipeline.py took 0.664 seconds
[2026-09-18T11:02:35.590+0000] {processor.py:161} INFO - Started process (PID=173) to work on /opt/airflow/dags/weather_pipeline.py
[2026-09-18T11:02:35.592+0000] {processor.py:830} INFO - Processing file /opt/airflow/dags/weather_pipeline.py for tasks to queue
[2026-09-18T11:02:35.600+0000] {logging_mixin.py:188} INFO - [2026-09-18T11:02:35.599+0000] {dagbag.py:545} INFO - Filling up the DagBag from /opt/airflow/dags/weather_pipeline.py
[2026-09-18T11:02:36.239+0000] {processor.py:840} INFO - DAG(s) 'weather_pipeline' retrieved from /opt/airflow/dags/weather_pipeline.py
[2026-09-18T11:02:36.293+0000] {logging_mixin.py:188} INFO - [2026-09-18T11:02:36.292+0000] {dag.py:3096} INFO - Sync 1 DAGs
[2026-09-18T11:02:36.328+0000] {logging_mixin.py:188} INFO - [2026-09-18T11:02:36.327+0000] {dag.py:3954} INFO - Setting next_dagrun for weather_pipeline to 2026-09-18 00:00:00+00:00, run_after=2026-09-19 00:00:00+00:00
[2026-09-18T11:02:36.362+0000] {processor.py:183} INFO - Processing /opt/airflow/dags/weather_pipeline.py took 0.792 seconds
[2026-09-18T11:03:06.606+0000] {processor.py:161} INFO - Started process (PID=175) to work on /opt/airflow/dags/weather_pipeline.py
[2026-09-18T11:03:06.607+0000] {processor.py:830} INFO - Processing file /opt/airflow/dags/weather_pipeline.py for tasks to queue
[2026-09-18T11:03:06.610+0000] {logging_mixin.py:188} INFO - [2026-09-18T11:03:06.610+0000] {dagbag.py:545} INFO - Filling up the DagBag from /opt/airflow/dags/weather_pipeline.py
[2026-09-18T11:03:07.218+0000] {processor.py:840} INFO - DAG(s) 'weather_pipeline' retrieved from /opt/airflow/dags/weather_pipeline.py
[2026-09-18T11:03:07.268+0000] {logging_mixin.py:188} INFO - [2026-09-18T11:03:07.267+0000] {dag.py:3096} INFO - Sync 1 DAGs
[2026-09-18T11:03:07.319+0000] {logging_mixin.py:188} INFO - [2026-09-18T11:03:07.318+0000] {dag.py:3954} INFO - Setting next_dagrun for weather_pipeline to 2026-09-18 00:00:00+00:00, run_after=2026-09-19 00:00:00+00:00
[2026-09-18T11:03:07.362+0000] {processor.py:183} INFO - Processing /opt/airflow/dags/weather_pipeline.py took 0.764 seconds
[2026-09-18T11:03:37.607+0000] {processor.py:161} INFO - Started process (PID=177) to work on /opt/airflow/dags/weather_pipeline.py
[2026-09-18T11:03:37.608+0000] {processor.py:830} INFO - Processing file /opt/airflow/dags/weather_pipeline.py for tasks to queue
[2026-09-18T11:03:37.612+0000] {logging_mixin.py:188} INFO - [2026-09-18T11:03:37.611+0000] {dagbag.py:545} INFO - Filling up the DagBag from /opt/airflow/dags/weather_pipeline.py
[2026-09-18T11:03:38.351+0000] {processor.py:840} INFO - DAG(s) 'weather_pipeline' retrieved from /opt/airflow/dags/weather_pipeline.py
[2026-09-18T11:03:38.418+0000] {logging_mixin.py:188} INFO - [2026-09-18T11:03:38.417+0000] {dag.py:3096} INFO - Sync 1 DAGs
[2026-09-18T11:03:38.476+0000] {logging_mixin.py:188} INFO - [2026-09-18T11:03:38.475+0000] {dag.py:3954} INFO - Setting next_dagrun for weather_pipeline to 2026-09-18 00:00:00+00:00, run_after=2026-09-19 00:00:00+00:00
[2026-09-18T11:03:38.522+0000] {processor.py:183} INFO - Processing /opt/airflow/dags/weather_pipeline.py took 0.929 seconds
[2026-09-18T11:04:08.717+0000] {processor.py:161} INFO - Started process (PID=179) to work on /opt/airflow/dags/weather_pipeline.py
[2026-09-18T11:04:08.720+0000] {processor.py:830} INFO - Processing file /opt/airflow/dags/weather_pipeline.py for tasks to queue
[2026-09-18T11:04:08.725+0000] {logging_mixin.py:188} INFO - [2026-09-18T11:04:08.724+0000] {dagbag.py:545} INFO - Filling up the DagBag from /opt/airflow/dags/weather_pipeline.py
[2026-09-18T11:04:09.738+0000] {processor.py:840} INFO - DAG(s) 'weather_pipeline' retrieved from /opt/airflow/dags/weather_pipeline.py
[2026-09-18T11:04:09.796+0000] {logging_mixin.py:188} INFO - [2026-09-18T11:04:09.795+0000] {dag.py:3096} INFO - Sync 1 DAGs
[2026-09-18T11:04:09.837+0000] {logging_mixin.py:188} INFO - [2026-09-18T11:04:09.836+0000] {dag.py:3954} INFO - Setting next_dagrun for weather_pipeline to 2026-09-18 00:00:00+00:00, run_after=2026-09-19 00:00:00+00:00
[2026-09-18T11:04:09.868+0000] {processor.py:183} INFO - Processing /opt/airflow/dags/weather_pipeline.py took 1.169 seconds
[2026-09-18T11:04:40.076+0000] {processor.py:161} INFO - Started process (PID=181) to work on /opt/airflow/dags/weather_pipeline.py
[2026-09-18T11:04:40.077+0000] {processor.py:830} INFO - Processing file /opt/airflow/dags/weather_pipeline.py for tasks to queue
[2026-09-18T11:04:40.079+0000] {logging_mixin.py:188} INFO - [2026-09-18T11:04:40.078+0000] {dagbag.py:545} INFO - Filling up the DagBag from /opt/airflow/dags/weather_pipeline.py
[2026-09-18T11:04:40.736+0000] {processor.py:840} INFO - DAG(s) 'weather_pipeline' retrieved from /opt/airflow/dags/weather_pipeline.py
[2026-09-18T11:04:40.803+0000] {logging_mixin.py:188} INFO - [2026-09-18T11:04:40.802+0000] {dag.py:3096} INFO - Sync 1 DAGs
[2026-09-18T11:04:40.839+0000] {logging_mixin.py:188} INFO - [2026-09-18T11:04:40.838+0000] {dag.py:3954} INFO - Setting next_dagrun for weather_pipeline to 2026-09-18 00:00:00+00:00, run_after=2026-09-19 00:00:00+00:00
[2026-09-18T11:04:40.874+0000] {processor.py:183} INFO - Processing /opt/airflow/dags/weather_pipeline.py took 0.811 seconds
[2026-09-18T11:05:11.146+0000] {processor.py:161} INFO - Started process (PID=183) to work on /opt/airflow/dags/weather_pipeline.py
[2026-09-18T11:05:11.149+0000] {processor.py:830} INFO - Processing file /opt/airflow/dags/weather_pipeline.py for tasks to queue
[2026-09-18T11:05:11.154+0000] {logging_mixin.py:188} INFO - [2026-09-18T11:05:11.153+0000] {dagbag.py:545} INFO - Filling up the DagBag from /opt/airflow/dags/weather_pipeline.py
[2026-09-18T11:05:11.653+0000] {processor.py:840} INFO - DAG(s) 'weather_pipeline' retrieved from /opt/airflow/dags/weather_pipeline.py
[2026-09-18T11:05:11.696+0000] {logging_mixin.py:188} INFO - [2026-09-18T11:05:11.695+0000] {dag.py:3096} INFO - Sync 1 DAGs
[2026-09-18T11:05:11.727+0000] {logging_mixin.py:188} INFO - [2026-09-18T11:05:11.727+0000] {dag.py:3954} INFO - Setting next_dagrun for weather_pipeline to 2026-09-18 00:00:00+00:00, run_after=2026-09-19 00:00:00+00:00
[2026-09-18T11:05:11.755+0000] {processor.py:183} INFO - Processing /opt/airflow/dags/weather_pipeline.py took 0.628 seconds
[2026-09-18T11:05:42.039+0000] {processor.py:161} INFO - Started process (PID=185) to work on /opt/airflow/dags/weather_pipeline.py
[2026-09-18T11:05:42.042+0000] {processor.py:830} INFO - Processing file /opt/airflow/dags/weather_pipeline.py for tasks to queue
[2026-09-18T11:05:42.048+0000] {logging_mixin.py:188} INFO - [2026-09-18T11:05:42.047+0000] {dagbag.py:545} INFO - Filling up the DagBag from /opt/airflow/dags/weather_pipeline.py
[2026-09-18T11:05:42.591+0000] {processor.py:840} INFO - DAG(s) 'weather_pipeline' retrieved from /opt/airflow/dags/weather_pipeline.py
[2026-09-18T11:05:42.635+0000] {logging_mixin.py:188} INFO - [2026-09-18T11:05:42.634+0000] {dag.py:3096} INFO - Sync 1 DAGs
[2026-09-18T11:05:42.667+0000] {logging_mixin.py:188} INFO - [2026-09-18T11:05:42.667+0000] {dag.py:3954} INFO - Setting next_dagrun for weather_pipeline to 2026-09-18 00:00:00+00:00, run_after=2026-09-19 00:00:00+00:00
[2026-09-18T11:05:42.698+0000] {processor.py:183} INFO - Processing /opt/airflow/dags/weather_pipeline.py took 0.679 seconds
[2026-09-18T11:06:12.961+0000] {processor.py:161} INFO - Started process (PID=187) to work on /opt/airflow/dags/weather_pipeline.py
[2026-09-18T11:06:12.964+0000] {processor.py:830} INFO - Processing file /opt/airflow/dags/weather_pipeline.py for tasks to queue
[2026-09-18T11:06:12.969+0000] {logging_mixin.py:188} INFO - [2026-09-18T11:06:12.968+0000] {dagbag.py:545} INFO - Filling up the DagBag from /opt/airflow/dags/weather_pipeline.py
[2026-09-18T11:06:13.481+0000] {processor.py:840} INFO - DAG(s) 'weather_pipeline' retrieved from /opt/airflow/dags/weather_pipeline.py
[2026-09-18T11:06:13.532+0000] {logging_mixin.py:188} INFO - [2026-09-18T11:06:13.532+0000] {dag.py:3096} INFO - Sync 1 DAGs
[2026-09-18T11:06:13.573+0000] {logging_mixin.py:188} INFO - [2026-09-18T11:06:13.573+0000] {dag.py:3954} INFO - Setting next_dagrun for weather_pipeline to 2026-09-18 00:00:00+00:00, run_after=2026-09-19 00:00:00+00:00
[2026-09-18T11:06:13.609+0000] {processor.py:183} INFO - Processing /opt/airflow/dags/weather_pipeline.py took 0.669 seconds
[2026-09-18T11:06:43.837+0000] {processor.py:161} INFO - Started process (PID=189) to work on /opt/airflow/dags/weather_pipeline.py
[2026-09-18T11:06:43.838+0000] {processor.py:830} INFO - Processing file /opt/airflow/dags/weather_pipeline.py for tasks to queue
[2026-09-18T11:06:43.840+0000] {logging_mixin.py:188} INFO - [2026-09-18T11:06:43.839+0000] {dagbag.py:545} INFO - Filling up the DagBag from /opt/airflow/dags/weather_pipeline.py
[2026-09-18T11:06:44.348+0000] {processor.py:840} INFO - DAG(s) 'weather_pipeline' retrieved from /opt/airflow/dags/weather_pipeline.py
[2026-09-18T11:06:44.393+0000] {logging_mixin.py:188} INFO - [2026-09-18T11:06:44.393+0000] {dag.py:3096} INFO - Sync 1 DAGs
[2026-09-18T11:06:44.432+0000] {logging_mixin.py:188} INFO - [2026-09-18T11:06:44.431+0000] {dag.py:3954} INFO - Setting next_dagrun for weather_pipeline to 2026-09-18 00:00:00+00:00, run_after=2026-09-19 00:00:00+00:00
[2026-09-18T11:06:44.462+0000] {processor.py:183} INFO - Processing /opt/airflow/dags/weather_pipeline.py took 0.634 seconds
[2026-09-18T11:07:14.690+0000] {processor.py:161} INFO - Started process (PID=191) to work on /opt/airflow/dags/weather_pipeline.py
[2026-09-18T11:07:14.693+0000] {processor.py:830} INFO - Processing file /opt/airflow/dags/weather_pipeline.py for tasks to queue
[2026-09-18T11:07:14.698+0000] {logging_mixin.py:188} INFO - [2026-09-18T11:07:14.697+0000] {dagbag.py:545} INFO - Filling up the DagBag from /opt/airflow/dags/weather_pipeline.py
[2026-09-18T11:07:15.216+0000] {processor.py:840} INFO - DAG(s) 'weather_pipeline' retrieved from /opt/airflow/dags/weather_pipeline.py
[2026-09-18T11:07:15.262+0000] {logging_mixin.py:188} INFO - [2026-09-18T11:07:15.262+0000] {dag.py:3096} INFO - Sync 1 DAGs
[2026-09-18T11:07:15.300+0000] {logging_mixin.py:188} INFO - [2026-09-18T11:07:15.300+0000] {dag.py:3954} INFO - Setting next_dagrun for weather_pipeline to 2026-09-18 00:00:00+00:00, run_after=2026-09-19 00:00:00+00:00
[2026-09-18T11:07:15.332+0000] {processor.py:183} INFO - Processing /opt/airflow/dags/weather_pipeline.py took 0.661 seconds
[2026-09-18T11:07:45.612+0000] {processor.py:161} INFO - Started process (PID=193) to work on /opt/airflow/dags/weather_pipeline.py
[2026-09-18T11:07:45.616+0000] {processor.py:830} INFO - Processing file /opt/airflow/dags/weather_pipeline.py for tasks to queue
[2026-09-18T11:07:45.623+0000] {logging_mixin.py:188} INFO - [2026-09-18T11:07:45.621+0000] {dagbag.py:545} INFO - Filling up the DagBag from /opt/airflow/dags/weather_pipeline.py
[2026-09-18T11:07:46.174+0000] {processor.py:840} INFO - DAG(s) 'weather_pipeline' retrieved from /opt/airflow/dags/weather_pipeline.py
[2026-09-18T11:07:46.221+0000] {logging_mixin.py:188} INFO - [2026-09-18T11:07:46.220+0000] {dag.py:3096} INFO - Sync 1 DAGs
[2026-09-18T11:07:46.256+0000] {logging_mixin.py:188} INFO - [2026-09-18T11:07:46.255+0000] {dag.py:3954} INFO - Setting next_dagrun for weather_pipeline to 2026-09-18 00:00:00+00:00, run_after=2026-09-19 00:00:00+00:00
[2026-09-18T11:07:46.284+0000] {processor.py:183} INFO - Processing /opt/airflow/dags/weather_pipeline.py took 0.696 seconds
[2026-09-18T11:08:16.492+0000] {processor.py:161} INFO - Started process (PID=195) to work on /opt/airflow/dags/weather_pipeline.py
[2026-09-18T11:08:16.496+0000] {processor.py:830} INFO - Processing file /opt/airflow/dags/weather_pipeline.py for tasks to queue
[2026-09-18T11:08:16.501+0000] {logging_mixin.py:188} INFO - [2026-09-18T11:08:16.500+0000] {dagbag.py:545} INFO - Filling up the DagBag from /opt/airflow/dags/weather_pipeline.py
[2026-09-18T11:08:17.021+0000] {processor.py:840} INFO - DAG(s) 'weather_pipeline' retrieved from /opt/airflow/dags/weather_pipeline.py
[2026-09-18T11:08:17.065+0000] {logging_mixin.py:188} INFO - [2026-09-18T11:08:17.064+0000] {dag.py:3096} INFO - Sync 1 DAGs
[2026-09-18T11:08:17.101+0000] {logging_mixin.py:188} INFO - [2026-09-18T11:08:17.101+0000] {dag.py:3954} INFO - Setting next_dagrun for weather_pipeline to 2026-09-18 00:00:00+00:00, run_after=2026-09-19 00:00:00+00:00
[2026-09-18T11:08:17.132+0000] {processor.py:183} INFO - Processing /opt/airflow/dags/weather_pipeline.py took 0.661 seconds
[2026-09-18T11:08:47.366+0000] {processor.py:161} INFO - Started process (PID=197) to work on /opt/airflow/dags/weather_pipeline.py
[2026-09-18T11:08:47.367+0000] {processor.py:830} INFO - Processing file /opt/airflow/dags/weather_pipeline.py for tasks to queue
[2026-09-18T11:08:47.369+0000] {logging_mixin.py:188} INFO - [2026-09-18T11:08:47.369+0000] {dagbag.py:545} INFO - Filling up the DagBag from /opt/airflow/dags/weather_pipeline.py
[2026-09-18T11:08:48.180+0000] {processor.py:840} INFO - DAG(s) 'weather_pipeline' retrieved from /opt/airflow/dags/weather_pipeline.py
[2026-09-18T11:08:48.258+0000] {logging_mixin.py:188} INFO - [2026-09-18T11:08:48.257+0000] {dag.py:3096} INFO - Sync 1 DAGs
[2026-09-18T11:08:48.317+0000] {logging_mixin.py:188} INFO - [2026-09-18T11:08:48.316+0000] {dag.py:3954} INFO - Setting next_dagrun for weather_pipeline to 2026-09-18 00:00:00+00:00, run_after=2026-09-19 00:00:00+00:00
[2026-09-18T11:08:48.367+0000] {processor.py:183} INFO - Processing /opt/airflow/dags/weather_pipeline.py took 1.009 seconds
[2026-09-18T11:09:18.580+0000] {processor.py:161} INFO - Started process (PID=199) to work on /opt/airflow/dags/weather_pipeline.py
[2026-09-18T11:09:18.582+0000] {processor.py:830} INFO - Processing file /opt/airflow/dags/weather_pipeline.py for tasks to queue
[2026-09-18T11:09:18.585+0000] {logging_mixin.py:188} INFO - [2026-09-18T11:09:18.584+0000] {dagbag.py:545} INFO - Filling up the DagBag from /opt/airflow/dags/weather_pipeline.py
[2026-09-18T11:09:19.499+0000] {processor.py:840} INFO - DAG(s) 'weather_pipeline' retrieved from /opt/airflow/dags/weather_pipeline.py
[2026-09-18T11:09:19.548+0000] {logging_mixin.py:188} INFO - [2026-09-18T11:09:19.547+0000] {dag.py:3096} INFO - Sync 1 DAGs
[2026-09-18T11:09:19.581+0000] {logging_mixin.py:188} INFO - [2026-09-18T11:09:19.581+0000] {dag.py:3954} INFO - Setting next_dagrun for weather_pipeline to 2026-09-18 00:00:00+00:00, run_after=2026-09-19 00:00:00+00:00
[2026-09-18T11:09:19.608+0000] {processor.py:183} INFO - Processing /opt/airflow/dags/weather_pipeline.py took 1.042 seconds
[2026-09-18T11:09:49.758+0000] {processor.py:161} INFO - Started process (PID=201) to work on /opt/airflow/dags/weather_pipeline.py
[2026-09-18T11:09:49.760+0000] {processor.py:830} INFO - Processing file /opt/airflow/dags/weather_pipeline.py for tasks to queue
[2026-09-18T11:09:49.764+0000] {logging_mixin.py:188} INFO - [2026-09-18T11:09:49.762+0000] {dagbag.py:545} INFO - Filling up the DagBag from /opt/airflow/dags/weather_pipeline.py
[2026-09-18T11:09:50.774+0000] {processor.py:840} INFO - DAG(s) 'weather_pipeline' retrieved from /opt/airflow/dags/weather_pipeline.py
[2026-09-18T11:09:50.834+0000] {logging_mixin.py:188} INFO - [2026-09-18T11:09:50.834+0000] {dag.py:3096} INFO - Sync 1 DAGs
[2026-09-18T11:09:50.868+0000] {logging_mixin.py:188} INFO - [2026-09-18T11:09:50.868+0000] {dag.py:3954} INFO - Setting next_dagrun for weather_pipeline to 2026-09-18 00:00:00+00:00, run_after=2026-09-19 00:00:00+00:00
[2026-09-18T11:09:50.897+0000] {processor.py:183} INFO - Processing /opt/airflow/dags/weather_pipeline.py took 1.156 seconds
[2026-09-18T11:10:21.033+0000] {processor.py:161} INFO - Started process (PID=203) to work on /opt/airflow/dags/weather_pipeline.py
[2026-09-18T11:10:21.037+0000] {processor.py:830} INFO - Processing file /opt/airflow/dags/weather_pipeline.py for tasks to queue
[2026-09-18T11:10:21.043+0000] {logging_mixin.py:188} INFO - [2026-09-18T11:10:21.042+0000] {dagbag.py:545} INFO - Filling up the DagBag from /opt/airflow/dags/weather_pipeline.py
[2026-09-18T11:10:21.748+0000] {processor.py:840} INFO - DAG(s) 'weather_pipeline' retrieved from /opt/airflow/dags/weather_pipeline.py
[2026-09-18T11:10:21.794+0000] {logging_mixin.py:188} INFO - [2026-09-18T11:10:21.793+0000] {dag.py:3096} INFO - Sync 1 DAGs
[2026-09-18T11:10:21.827+0000] {logging_mixin.py:188} INFO - [2026-09-18T11:10:21.827+0000] {dag.py:3954} INFO - Setting next_dagrun for weather_pipeline to 2026-09-18 00:00:00+00:00, run_after=2026-09-19 00:00:00+00:00
[2026-09-18T11:10:21.854+0000] {processor.py:183} INFO - Processing /opt/airflow/dags/weather_pipeline.py took 0.843 seconds
