[2026-09-17T21:10:34.231+0000] {processor.py:161} INFO - Started process (PID=107) to work on /opt/airflow/dags/weather_pipeline.py
[2026-09-17T21:10:34.233+0000] {processor.py:830} INFO - Processing file /opt/airflow/dags/weather_pipeline.py for tasks to queue
[2026-09-17T21:10:34.240+0000] {logging_mixin.py:188} INFO - [2026-09-17T21:10:34.239+0000] {dagbag.py:545} INFO - Filling up the DagBag from /opt/airflow/dags/weather_pipeline.py
[2026-09-17T21:10:34.250+0000] {logging_mixin.py:188} INFO - [2026-09-17T21:10:34.246+0000] {dagbag.py:355} ERROR - Failed to import: /opt/airflow/dags/weather_pipeline.py
Traceback (most recent call last):
  File "/home/airflow/.local/lib/python3.10/site-packages/airflow/models/dagbag.py", line 351, in parse
    loader.exec_module(new_module)
  File "<frozen importlib._bootstrap_external>", line 879, in exec_module
  File "<frozen importlib._bootstrap_external>", line 1017, in get_code
  File "<frozen importlib._bootstrap_external>", line 947, in source_to_code
  File "<frozen importlib._bootstrap>", line 241, in _call_with_frames_removed
  File "/opt/airflow/dags/weather_pipeline.py", line 15
    task_id="extract_weather",
    ^^^^^^^^^^^^^^^^^^^^^^^^^
SyntaxError: invalid syntax. Maybe you meant '==' or ':=' instead of '='?
[2026-09-17T21:10:34.252+0000] {processor.py:842} WARNING - No viable dags retrieved from /opt/airflow/dags/weather_pipeline.py
[2026-09-17T21:10:34.329+0000] {processor.py:183} INFO - Processing /opt/airflow/dags/weather_pipeline.py took 0.123 seconds
[2026-09-17T21:10:36.416+0000] {processor.py:161} INFO - Started process (PID=108) to work on /opt/airflow/dags/weather_pipeline.py
[2026-09-17T21:10:36.419+0000] {processor.py:830} INFO - Processing file /opt/airflow/dags/weather_pipeline.py for tasks to queue
[2026-09-17T21:10:36.424+0000] {logging_mixin.py:188} INFO - [2026-09-17T21:10:36.423+0000] {dagbag.py:545} INFO - Filling up the DagBag from /opt/airflow/dags/weather_pipeline.py
[2026-09-17T21:10:36.433+0000] {logging_mixin.py:188} INFO - [2026-09-17T21:10:36.431+0000] {dagbag.py:355} ERROR - Failed to import: /opt/airflow/dags/weather_pipeline.py
Traceback (most recent call last):
  File "/home/airflow/.local/lib/python3.10/site-packages/airflow/models/dagbag.py", line 351, in parse
    loader.exec_module(new_module)
  File "<frozen importlib._bootstrap_external>", line 879, in exec_module
  File "<frozen importlib._bootstrap_external>", line 1017, in get_code
  File "<frozen importlib._bootstrap_external>", line 947, in source_to_code
  File "<frozen importlib._bootstrap>", line 241, in _call_with_frames_removed
  File "/opt/airflow/dags/weather_pipeline.py", line 15
    task_id="extract_weather",
    ^^^^^^^^^^^^^^^^^^^^^^^^^
SyntaxError: invalid syntax. Maybe you meant '==' or ':=' instead of '='?
[2026-09-17T21:10:36.435+0000] {processor.py:842} WARNING - No viable dags retrieved from /opt/airflow/dags/weather_pipeline.py
[2026-09-17T21:10:36.521+0000] {processor.py:183} INFO - Processing /opt/airflow/dags/weather_pipeline.py took 0.130 seconds
[2026-09-17T21:10:42.472+0000] {processor.py:161} INFO - Started process (PID=109) to work on /opt/airflow/dags/weather_pipeline.py
[2026-09-17T21:10:42.474+0000] {processor.py:830} INFO - Processing file /opt/airflow/dags/weather_pipeline.py for tasks to queue
[2026-09-17T21:10:42.479+0000] {logging_mixin.py:188} INFO - [2026-09-17T21:10:42.478+0000] {dagbag.py:545} INFO - Filling up the DagBag from /opt/airflow/dags/weather_pipeline.py
[2026-09-17T21:10:42.487+0000] {logging_mixin.py:188} INFO - [2026-09-17T21:10:42.485+0000] {dagbag.py:355} ERROR - Failed to import: /opt/airflow/dags/weather_pipeline.py
Traceback (most recent call last):
  File "/home/airflow/.local/lib/python3.10/site-packages/airflow/models/dagbag.py", line 351, in parse
    loader.exec_module(new_module)
  File "<frozen importlib._bootstrap_external>", line 879, in exec_module
  File "<frozen importlib._bootstrap_external>", line 1017, in get_code
  File "<frozen importlib._bootstrap_external>", line 947, in source_to_code
  File "<frozen importlib._bootstrap>", line 241, in _call_with_frames_removed
  File "/opt/airflow/dags/weather_pipeline.py", line 15
    task_id="extract_weather",
    ^^^^^^^^^^^^^^^^^^^^^^^^^
SyntaxError: invalid syntax. Maybe you meant '==' or ':=' instead of '='?
[2026-09-17T21:10:42.489+0000] {processor.py:842} WARNING - No viable dags retrieved from /opt/airflow/dags/weather_pipeline.py
[2026-09-17T21:10:42.567+0000] {processor.py:183} INFO - Processing /opt/airflow/dags/weather_pipeline.py took 0.115 seconds
[2026-09-17T21:10:44.501+0000] {processor.py:161} INFO - Started process (PID=110) to work on /opt/airflow/dags/weather_pipeline.py
[2026-09-17T21:10:44.504+0000] {processor.py:830} INFO - Processing file /opt/airflow/dags/weather_pipeline.py for tasks to queue
[2026-09-17T21:10:44.509+0000] {logging_mixin.py:188} INFO - [2026-09-17T21:10:44.508+0000] {dagbag.py:545} INFO - Filling up the DagBag from /opt/airflow/dags/weather_pipeline.py
[2026-09-17T21:10:44.519+0000] {logging_mixin.py:188} INFO - [2026-09-17T21:10:44.516+0000] {dagbag.py:355} ERROR - Failed to import: /opt/airflow/dags/weather_pipeline.py
Traceback (most recent call last):
  File "/home/airflow/.local/lib/python3.10/site-packages/airflow/models/dagbag.py", line 351, in parse
    loader.exec_module(new_module)
  File "<frozen importlib._bootstrap_external>", line 879, in exec_module
  File "<frozen importlib._bootstrap_external>", line 1017, in get_code
  File "<frozen importlib._bootstrap_external>", line 947, in source_to_code
  File "<frozen importlib._bootstrap>", line 241, in _call_with_frames_removed
  File "/opt/airflow/dags/weather_pipeline.py", line 15
    task_id="extract_weather",
    ^^^^^^^^^^^^^^^^^^^^^^^^^
SyntaxError: invalid syntax. Maybe you meant '==' or ':=' instead of '='?
[2026-09-17T21:10:44.520+0000] {processor.py:842} WARNING - No viable dags retrieved from /opt/airflow/dags/weather_pipeline.py
[2026-09-17T21:10:44.595+0000] {processor.py:183} INFO - Processing /opt/airflow/dags/weather_pipeline.py took 0.115 seconds
[2026-09-17T21:11:04.780+0000] {processor.py:161} INFO - Started process (PID=111) to work on /opt/airflow/dags/weather_pipeline.py
[2026-09-17T21:11:04.781+0000] {processor.py:830} INFO - Processing file /opt/airflow/dags/weather_pipeline.py for tasks to queue
[2026-09-17T21:11:04.784+0000] {logging_mixin.py:188} INFO - [2026-09-17T21:11:04.783+0000] {dagbag.py:545} INFO - Filling up the DagBag from /opt/airflow/dags/weather_pipeline.py
[2026-09-17T21:11:04.806+0000] {processor.py:840} INFO - DAG(s) 'weather_pipeline' retrieved from /opt/airflow/dags/weather_pipeline.py
[2026-09-17T21:11:05.055+0000] {logging_mixin.py:188} INFO - [2026-09-17T21:11:05.054+0000] {override.py:1829} INFO - Created Permission View: can read on DAG:weather_pipeline
[2026-09-17T21:11:05.074+0000] {logging_mixin.py:188} INFO - [2026-09-17T21:11:05.073+0000] {override.py:1829} INFO - Created Permission View: can delete on DAG:weather_pipeline
[2026-09-17T21:11:05.086+0000] {logging_mixin.py:188} INFO - [2026-09-17T21:11:05.085+0000] {override.py:1829} INFO - Created Permission View: can edit on DAG:weather_pipeline
[2026-09-17T21:11:05.087+0000] {logging_mixin.py:188} INFO - [2026-09-17T21:11:05.087+0000] {dag.py:3096} INFO - Sync 1 DAGs
[2026-09-17T21:11:05.107+0000] {logging_mixin.py:188} INFO - [2026-09-17T21:11:05.107+0000] {dag.py:3118} INFO - Creating ORM DAG for weather_pipeline
[2026-09-17T21:11:05.125+0000] {logging_mixin.py:188} INFO - [2026-09-17T21:11:05.125+0000] {dag.py:3954} INFO - Setting next_dagrun for weather_pipeline to 2026-09-16 00:00:00+00:00, run_after=2026-09-17 00:00:00+00:00
[2026-09-17T21:11:05.158+0000] {processor.py:183} INFO - Processing /opt/airflow/dags/weather_pipeline.py took 0.387 seconds
[2026-09-17T21:11:07.838+0000] {processor.py:161} INFO - Started process (PID=112) to work on /opt/airflow/dags/weather_pipeline.py
[2026-09-17T21:11:07.841+0000] {processor.py:830} INFO - Processing file /opt/airflow/dags/weather_pipeline.py for tasks to queue
[2026-09-17T21:11:07.848+0000] {logging_mixin.py:188} INFO - [2026-09-17T21:11:07.847+0000] {dagbag.py:545} INFO - Filling up the DagBag from /opt/airflow/dags/weather_pipeline.py
[2026-09-17T21:11:07.905+0000] {processor.py:840} INFO - DAG(s) 'weather_pipeline' retrieved from /opt/airflow/dags/weather_pipeline.py
[2026-09-17T21:11:07.968+0000] {logging_mixin.py:188} INFO - [2026-09-17T21:11:07.967+0000] {dag.py:3096} INFO - Sync 1 DAGs
[2026-09-17T21:11:08.077+0000] {logging_mixin.py:188} INFO - [2026-09-17T21:11:08.076+0000] {dag.py:3954} INFO - Setting next_dagrun for weather_pipeline to 2026-09-16 00:00:00+00:00, run_after=2026-09-17 00:00:00+00:00
[2026-09-17T21:11:08.161+0000] {processor.py:183} INFO - Processing /opt/airflow/dags/weather_pipeline.py took 0.349 seconds
[2026-09-17T21:11:38.456+0000] {processor.py:161} INFO - Started process (PID=125) to work on /opt/airflow/dags/weather_pipeline.py
[2026-09-17T21:11:38.460+0000] {processor.py:830} INFO - Processing file /opt/airflow/dags/weather_pipeline.py for tasks to queue
[2026-09-17T21:11:38.464+0000] {logging_mixin.py:188} INFO - [2026-09-17T21:11:38.463+0000] {dagbag.py:545} INFO - Filling up the DagBag from /opt/airflow/dags/weather_pipeline.py
[2026-09-17T21:11:38.502+0000] {processor.py:840} INFO - DAG(s) 'weather_pipeline' retrieved from /opt/airflow/dags/weather_pipeline.py
[2026-09-17T21:11:38.611+0000] {logging_mixin.py:188} INFO - [2026-09-17T21:11:38.610+0000] {dag.py:3096} INFO - Sync 1 DAGs
[2026-09-17T21:11:38.647+0000] {logging_mixin.py:188} INFO - [2026-09-17T21:11:38.646+0000] {dag.py:3954} INFO - Setting next_dagrun for weather_pipeline to 2026-09-16 00:00:00+00:00, run_after=2026-09-17 00:00:00+00:00
[2026-09-17T21:11:38.676+0000] {processor.py:183} INFO - Processing /opt/airflow/dags/weather_pipeline.py took 0.240 seconds
[2026-09-17T21:12:34.685+0000] {processor.py:161} INFO - Started process (PID=51) to work on /opt/airflow/dags/weather_pipeline.py
[2026-09-17T21:12:34.687+0000] {processor.py:830} INFO - Processing file /opt/airflow/dags/weather_pipeline.py for tasks to queue
[2026-09-17T21:12:34.691+0000] {logging_mixin.py:188} INFO - [2026-09-17T21:12:34.690+0000] {dagbag.py:545} INFO - Filling up the DagBag from /opt/airflow/dags/weather_pipeline.py
[2026-09-17T21:12:34.714+0000] {processor.py:840} INFO - DAG(s) 'weather_pipeline' retrieved from /opt/airflow/dags/weather_pipeline.py
[2026-09-17T21:12:34.767+0000] {logging_mixin.py:188} INFO - [2026-09-17T21:12:34.767+0000] {dag.py:3096} INFO - Sync 1 DAGs
[2026-09-17T21:12:34.810+0000] {logging_mixin.py:188} INFO - [2026-09-17T21:12:34.809+0000] {dag.py:3954} INFO - Setting next_dagrun for weather_pipeline to 2026-09-16 00:00:00+00:00, run_after=2026-09-17 00:00:00+00:00
[2026-09-17T21:12:34.839+0000] {processor.py:183} INFO - Processing /opt/airflow/dags/weather_pipeline.py took 0.164 seconds
[2026-09-17T21:13:04.921+0000] {processor.py:161} INFO - Started process (PID=71) to work on /opt/airflow/dags/weather_pipeline.py
[2026-09-17T21:13:04.925+0000] {processor.py:830} INFO - Processing file /opt/airflow/dags/weather_pipeline.py for tasks to queue
[2026-09-17T21:13:04.930+0000] {logging_mixin.py:188} INFO - [2026-09-17T21:13:04.929+0000] {dagbag.py:545} INFO - Filling up the DagBag from /opt/airflow/dags/weather_pipeline.py
[2026-09-17T21:13:04.974+0000] {processor.py:840} INFO - DAG(s) 'weather_pipeline' retrieved from /opt/airflow/dags/weather_pipeline.py
[2026-09-17T21:13:05.230+0000] {logging_mixin.py:188} INFO - [2026-09-17T21:13:05.230+0000] {dag.py:3096} INFO - Sync 1 DAGs
[2026-09-17T21:13:05.260+0000] {logging_mixin.py:188} INFO - [2026-09-17T21:13:05.259+0000] {dag.py:3954} INFO - Setting next_dagrun for weather_pipeline to 2026-09-16 00:00:00+00:00, run_after=2026-09-17 00:00:00+00:00
[2026-09-17T21:13:05.290+0000] {processor.py:183} INFO - Processing /opt/airflow/dags/weather_pipeline.py took 0.388 seconds
[2026-09-17T21:13:35.490+0000] {processor.py:161} INFO - Started process (PID=73) to work on /opt/airflow/dags/weather_pipeline.py
[2026-09-17T21:13:35.493+0000] {processor.py:830} INFO - Processing file /opt/airflow/dags/weather_pipeline.py for tasks to queue
[2026-09-17T21:13:35.497+0000] {logging_mixin.py:188} INFO - [2026-09-17T21:13:35.496+0000] {dagbag.py:545} INFO - Filling up the DagBag from /opt/airflow/dags/weather_pipeline.py
[2026-09-17T21:13:35.530+0000] {processor.py:840} INFO - DAG(s) 'weather_pipeline' retrieved from /opt/airflow/dags/weather_pipeline.py
[2026-09-17T21:13:35.631+0000] {logging_mixin.py:188} INFO - [2026-09-17T21:13:35.630+0000] {dag.py:3096} INFO - Sync 1 DAGs
[2026-09-17T21:13:35.707+0000] {logging_mixin.py:188} INFO - [2026-09-17T21:13:35.706+0000] {dag.py:3954} INFO - Setting next_dagrun for weather_pipeline to 2026-09-16 00:00:00+00:00, run_after=2026-09-17 00:00:00+00:00
[2026-09-17T21:13:35.761+0000] {processor.py:183} INFO - Processing /opt/airflow/dags/weather_pipeline.py took 0.288 seconds
[2026-09-17T21:14:05.953+0000] {processor.py:161} INFO - Started process (PID=92) to work on /opt/airflow/dags/weather_pipeline.py
[2026-09-17T21:14:05.955+0000] {processor.py:830} INFO - Processing file /opt/airflow/dags/weather_pipeline.py for tasks to queue
[2026-09-17T21:14:05.958+0000] {logging_mixin.py:188} INFO - [2026-09-17T21:14:05.957+0000] {dagbag.py:545} INFO - Filling up the DagBag from /opt/airflow/dags/weather_pipeline.py
[2026-09-17T21:14:05.974+0000] {processor.py:840} INFO - DAG(s) 'weather_pipeline' retrieved from /opt/airflow/dags/weather_pipeline.py
[2026-09-17T21:14:06.027+0000] {logging_mixin.py:188} INFO - [2026-09-17T21:14:06.027+0000] {dag.py:3096} INFO - Sync 1 DAGs
[2026-09-17T21:14:06.071+0000] {logging_mixin.py:188} INFO - [2026-09-17T21:14:06.071+0000] {dag.py:3954} INFO - Setting next_dagrun for weather_pipeline to 2026-09-17 00:00:00+00:00, run_after=2026-09-18 00:00:00+00:00
[2026-09-17T21:14:06.099+0000] {processor.py:183} INFO - Processing /opt/airflow/dags/weather_pipeline.py took 0.154 seconds
[2026-09-17T21:14:36.150+0000] {processor.py:161} INFO - Started process (PID=93) to work on /opt/airflow/dags/weather_pipeline.py
[2026-09-17T21:14:36.152+0000] {processor.py:830} INFO - Processing file /opt/airflow/dags/weather_pipeline.py for tasks to queue
[2026-09-17T21:14:36.158+0000] {logging_mixin.py:188} INFO - [2026-09-17T21:14:36.157+0000] {dagbag.py:545} INFO - Filling up the DagBag from /opt/airflow/dags/weather_pipeline.py
[2026-09-17T21:14:36.194+0000] {processor.py:840} INFO - DAG(s) 'weather_pipeline' retrieved from /opt/airflow/dags/weather_pipeline.py
[2026-09-17T21:14:36.305+0000] {logging_mixin.py:188} INFO - [2026-09-17T21:14:36.304+0000] {dag.py:3096} INFO - Sync 1 DAGs
[2026-09-17T21:14:36.387+0000] {logging_mixin.py:188} INFO - [2026-09-17T21:14:36.386+0000] {dag.py:3954} INFO - Setting next_dagrun for weather_pipeline to 2026-09-17 00:00:00+00:00, run_after=2026-09-18 00:00:00+00:00
[2026-09-17T21:14:36.437+0000] {processor.py:183} INFO - Processing /opt/airflow/dags/weather_pipeline.py took 0.305 seconds
[2026-09-17T21:15:06.514+0000] {processor.py:161} INFO - Started process (PID=94) to work on /opt/airflow/dags/weather_pipeline.py
[2026-09-17T21:15:06.517+0000] {processor.py:830} INFO - Processing file /opt/airflow/dags/weather_pipeline.py for tasks to queue
[2026-09-17T21:15:06.522+0000] {logging_mixin.py:188} INFO - [2026-09-17T21:15:06.521+0000] {dagbag.py:545} INFO - Filling up the DagBag from /opt/airflow/dags/weather_pipeline.py
[2026-09-17T21:15:06.557+0000] {processor.py:840} INFO - DAG(s) 'weather_pipeline' retrieved from /opt/airflow/dags/weather_pipeline.py
[2026-09-17T21:15:06.656+0000] {logging_mixin.py:188} INFO - [2026-09-17T21:15:06.655+0000] {dag.py:3096} INFO - Sync 1 DAGs
[2026-09-17T21:15:06.697+0000] {logging_mixin.py:188} INFO - [2026-09-17T21:15:06.696+0000] {dag.py:3954} INFO - Setting next_dagrun for weather_pipeline to 2026-09-17 00:00:00+00:00, run_after=2026-09-18 00:00:00+00:00
[2026-09-17T21:15:06.725+0000] {processor.py:183} INFO - Processing /opt/airflow/dags/weather_pipeline.py took 0.231 seconds
[2026-09-17T21:15:36.911+0000] {processor.py:161} INFO - Started process (PID=95) to work on /opt/airflow/dags/weather_pipeline.py
[2026-09-17T21:15:36.913+0000] {processor.py:830} INFO - Processing file /opt/airflow/dags/weather_pipeline.py for tasks to queue
[2026-09-17T21:15:36.918+0000] {logging_mixin.py:188} INFO - [2026-09-17T21:15:36.917+0000] {dagbag.py:545} INFO - Filling up the DagBag from /opt/airflow/dags/weather_pipeline.py
[2026-09-17T21:15:36.961+0000] {processor.py:840} INFO - DAG(s) 'weather_pipeline' retrieved from /opt/airflow/dags/weather_pipeline.py
[2026-09-17T21:15:37.063+0000] {logging_mixin.py:188} INFO - [2026-09-17T21:15:37.062+0000] {dag.py:3096} INFO - Sync 1 DAGs
[2026-09-17T21:15:37.132+0000] {logging_mixin.py:188} INFO - [2026-09-17T21:15:37.131+0000] {dag.py:3954} INFO - Setting next_dagrun for weather_pipeline to 2026-09-17 00:00:00+00:00, run_after=2026-09-18 00:00:00+00:00
[2026-09-17T21:15:37.173+0000] {processor.py:183} INFO - Processing /opt/airflow/dags/weather_pipeline.py took 0.283 seconds
[2026-09-17T21:16:07.437+0000] {processor.py:161} INFO - Started process (PID=96) to work on /opt/airflow/dags/weather_pipeline.py
[2026-09-17T21:16:07.441+0000] {processor.py:830} INFO - Processing file /opt/airflow/dags/weather_pipeline.py for tasks to queue
[2026-09-17T21:16:07.445+0000] {logging_mixin.py:188} INFO - [2026-09-17T21:16:07.444+0000] {dagbag.py:545} INFO - Filling up the DagBag from /opt/airflow/dags/weather_pipeline.py
[2026-09-17T21:16:07.478+0000] {processor.py:840} INFO - DAG(s) 'weather_pipeline' retrieved from /opt/airflow/dags/weather_pipeline.py
[2026-09-17T21:16:07.569+0000] {logging_mixin.py:188} INFO - [2026-09-17T21:16:07.569+0000] {dag.py:3096} INFO - Sync 1 DAGs
[2026-09-17T21:16:07.602+0000] {logging_mixin.py:188} INFO - [2026-09-17T21:16:07.602+0000] {dag.py:3954} INFO - Setting next_dagrun for weather_pipeline to 2026-09-17 00:00:00+00:00, run_after=2026-09-18 00:00:00+00:00
[2026-09-17T21:16:07.631+0000] {processor.py:183} INFO - Processing /opt/airflow/dags/weather_pipeline.py took 0.214 seconds
[2026-09-17T21:16:37.885+0000] {processor.py:161} INFO - Started process (PID=97) to work on /opt/airflow/dags/weather_pipeline.py
[2026-09-17T21:16:37.887+0000] {processor.py:830} INFO - Processing file /opt/airflow/dags/weather_pipeline.py for tasks to queue
[2026-09-17T21:16:37.891+0000] {logging_mixin.py:188} INFO - [2026-09-17T21:16:37.890+0000] {dagbag.py:545} INFO - Filling up the DagBag from /opt/airflow/dags/weather_pipeline.py
[2026-09-17T21:16:37.925+0000] {processor.py:840} INFO - DAG(s) 'weather_pipeline' retrieved from /opt/airflow/dags/weather_pipeline.py
[2026-09-17T21:16:38.027+0000] {logging_mixin.py:188} INFO - [2026-09-17T21:16:38.026+0000] {dag.py:3096} INFO - Sync 1 DAGs
[2026-09-17T21:16:38.091+0000] {logging_mixin.py:188} INFO - [2026-09-17T21:16:38.091+0000] {dag.py:3954} INFO - Setting next_dagrun for weather_pipeline to 2026-09-17 00:00:00+00:00, run_after=2026-09-18 00:00:00+00:00
[2026-09-17T21:16:38.122+0000] {processor.py:183} INFO - Processing /opt/airflow/dags/weather_pipeline.py took 0.256 seconds
[2026-09-17T21:17:08.390+0000] {processor.py:161} INFO - Started process (PID=98) to work on /opt/airflow/dags/weather_pipeline.py
[2026-09-17T21:17:08.393+0000] {processor.py:830} INFO - Processing file /opt/airflow/dags/weather_pipeline.py for tasks to queue
[2026-09-17T21:17:08.398+0000] {logging_mixin.py:188} INFO - [2026-09-17T21:17:08.397+0000] {dagbag.py:545} INFO - Filling up the DagBag from /opt/airflow/dags/weather_pipeline.py
[2026-09-17T21:17:08.435+0000] {processor.py:840} INFO - DAG(s) 'weather_pipeline' retrieved from /opt/airflow/dags/weather_pipeline.py
[2026-09-17T21:17:08.552+0000] {logging_mixin.py:188} INFO - [2026-09-17T21:17:08.551+0000] {dag.py:3096} INFO - Sync 1 DAGs
[2026-09-17T21:17:08.602+0000] {logging_mixin.py:188} INFO - [2026-09-17T21:17:08.601+0000] {dag.py:3954} INFO - Setting next_dagrun for weather_pipeline to 2026-09-17 00:00:00+00:00, run_after=2026-09-18 00:00:00+00:00
[2026-09-17T21:17:08.631+0000] {processor.py:183} INFO - Processing /opt/airflow/dags/weather_pipeline.py took 0.261 seconds
[2026-09-17T21:17:38.628+0000] {processor.py:161} INFO - Started process (PID=99) to work on /opt/airflow/dags/weather_pipeline.py
[2026-09-17T21:17:38.630+0000] {processor.py:830} INFO - Processing file /opt/airflow/dags/weather_pipeline.py for tasks to queue
[2026-09-17T21:17:38.635+0000] {logging_mixin.py:188} INFO - [2026-09-17T21:17:38.634+0000] {dagbag.py:545} INFO - Filling up the DagBag from /opt/airflow/dags/weather_pipeline.py
[2026-09-17T21:17:38.687+0000] {processor.py:840} INFO - DAG(s) 'weather_pipeline' retrieved from /opt/airflow/dags/weather_pipeline.py
[2026-09-17T21:17:39.202+0000] {logging_mixin.py:188} INFO - [2026-09-17T21:17:39.201+0000] {dag.py:3096} INFO - Sync 1 DAGs
[2026-09-17T21:17:39.296+0000] {logging_mixin.py:188} INFO - [2026-09-17T21:17:39.295+0000] {dag.py:3954} INFO - Setting next_dagrun for weather_pipeline to 2026-09-17 00:00:00+00:00, run_after=2026-09-18 00:00:00+00:00
[2026-09-17T21:17:39.382+0000] {processor.py:183} INFO - Processing /opt/airflow/dags/weather_pipeline.py took 0.775 seconds
[2026-09-17T21:17:51.016+0000] {processor.py:161} INFO - Started process (PID=100) to work on /opt/airflow/dags/weather_pipeline.py
[2026-09-17T21:17:51.019+0000] {processor.py:830} INFO - Processing file /opt/airflow/dags/weather_pipeline.py for tasks to queue
[2026-09-17T21:17:51.024+0000] {logging_mixin.py:188} INFO - [2026-09-17T21:17:51.023+0000] {dagbag.py:545} INFO - Filling up the DagBag from /opt/airflow/dags/weather_pipeline.py
[2026-09-17T21:17:51.079+0000] {processor.py:840} INFO - DAG(s) 'weather_pipeline' retrieved from /opt/airflow/dags/weather_pipeline.py
[2026-09-17T21:17:51.151+0000] {logging_mixin.py:188} INFO - [2026-09-17T21:17:51.150+0000] {dag.py:3096} INFO - Sync 1 DAGs
[2026-09-17T21:17:51.246+0000] {logging_mixin.py:188} INFO - [2026-09-17T21:17:51.245+0000] {dag.py:3954} INFO - Setting next_dagrun for weather_pipeline to 2026-09-17 00:00:00+00:00, run_after=2026-09-18 00:00:00+00:00
[2026-09-17T21:17:51.320+0000] {processor.py:183} INFO - Processing /opt/airflow/dags/weather_pipeline.py took 0.333 seconds
[2026-09-17T21:18:21.596+0000] {processor.py:161} INFO - Started process (PID=101) to work on /opt/airflow/dags/weather_pipeline.py
[2026-09-17T21:18:21.599+0000] {processor.py:830} INFO - Processing file /opt/airflow/dags/weather_pipeline.py for tasks to queue
[2026-09-17T21:18:21.604+0000] {logging_mixin.py:188} INFO - [2026-09-17T21:18:21.603+0000] {dagbag.py:545} INFO - Filling up the DagBag from /opt/airflow/dags/weather_pipeline.py
[2026-09-17T21:18:21.657+0000] {processor.py:840} INFO - DAG(s) 'weather_pipeline' retrieved from /opt/airflow/dags/weather_pipeline.py
[2026-09-17T21:18:21.717+0000] {logging_mixin.py:188} INFO - [2026-09-17T21:18:21.717+0000] {dag.py:3096} INFO - Sync 1 DAGs
[2026-09-17T21:18:21.772+0000] {logging_mixin.py:188} INFO - [2026-09-17T21:18:21.772+0000] {dag.py:3954} INFO - Setting next_dagrun for weather_pipeline to 2026-09-17 00:00:00+00:00, run_after=2026-09-18 00:00:00+00:00
[2026-09-17T21:18:21.804+0000] {processor.py:183} INFO - Processing /opt/airflow/dags/weather_pipeline.py took 0.228 seconds
[2026-09-17T21:18:52.087+0000] {processor.py:161} INFO - Started process (PID=102) to work on /opt/airflow/dags/weather_pipeline.py
[2026-09-17T21:18:52.089+0000] {processor.py:830} INFO - Processing file /opt/airflow/dags/weather_pipeline.py for tasks to queue
[2026-09-17T21:18:52.094+0000] {logging_mixin.py:188} INFO - [2026-09-17T21:18:52.093+0000] {dagbag.py:545} INFO - Filling up the DagBag from /opt/airflow/dags/weather_pipeline.py
[2026-09-17T21:18:52.134+0000] {processor.py:840} INFO - DAG(s) 'weather_pipeline' retrieved from /opt/airflow/dags/weather_pipeline.py
[2026-09-17T21:18:52.238+0000] {logging_mixin.py:188} INFO - [2026-09-17T21:18:52.237+0000] {dag.py:3096} INFO - Sync 1 DAGs
[2026-09-17T21:18:52.308+0000] {logging_mixin.py:188} INFO - [2026-09-17T21:18:52.307+0000] {dag.py:3954} INFO - Setting next_dagrun for weather_pipeline to 2026-09-17 00:00:00+00:00, run_after=2026-09-18 00:00:00+00:00
[2026-09-17T21:18:52.364+0000] {processor.py:183} INFO - Processing /opt/airflow/dags/weather_pipeline.py took 0.298 seconds
[2026-09-17T21:19:22.632+0000] {processor.py:161} INFO - Started process (PID=103) to work on /opt/airflow/dags/weather_pipeline.py
[2026-09-17T21:19:22.636+0000] {processor.py:830} INFO - Processing file /opt/airflow/dags/weather_pipeline.py for tasks to queue
[2026-09-17T21:19:22.640+0000] {logging_mixin.py:188} INFO - [2026-09-17T21:19:22.639+0000] {dagbag.py:545} INFO - Filling up the DagBag from /opt/airflow/dags/weather_pipeline.py
[2026-09-17T21:19:22.685+0000] {processor.py:840} INFO - DAG(s) 'weather_pipeline' retrieved from /opt/airflow/dags/weather_pipeline.py
[2026-09-17T21:19:22.779+0000] {logging_mixin.py:188} INFO - [2026-09-17T21:19:22.779+0000] {dag.py:3096} INFO - Sync 1 DAGs
[2026-09-17T21:19:22.822+0000] {logging_mixin.py:188} INFO - [2026-09-17T21:19:22.822+0000] {dag.py:3954} INFO - Setting next_dagrun for weather_pipeline to 2026-09-17 00:00:00+00:00, run_after=2026-09-18 00:00:00+00:00
[2026-09-17T21:19:22.850+0000] {processor.py:183} INFO - Processing /opt/airflow/dags/weather_pipeline.py took 0.237 seconds
[2026-09-17T21:19:53.114+0000] {processor.py:161} INFO - Started process (PID=104) to work on /opt/airflow/dags/weather_pipeline.py
[2026-09-17T21:19:53.116+0000] {processor.py:830} INFO - Processing file /opt/airflow/dags/weather_pipeline.py for tasks to queue
[2026-09-17T21:19:53.120+0000] {logging_mixin.py:188} INFO - [2026-09-17T21:19:53.120+0000] {dagbag.py:545} INFO - Filling up the DagBag from /opt/airflow/dags/weather_pipeline.py
[2026-09-17T21:19:53.160+0000] {processor.py:840} INFO - DAG(s) 'weather_pipeline' retrieved from /opt/airflow/dags/weather_pipeline.py
[2026-09-17T21:19:53.259+0000] {logging_mixin.py:188} INFO - [2026-09-17T21:19:53.258+0000] {dag.py:3096} INFO - Sync 1 DAGs
[2026-09-17T21:19:53.298+0000] {logging_mixin.py:188} INFO - [2026-09-17T21:19:53.297+0000] {dag.py:3954} INFO - Setting next_dagrun for weather_pipeline to 2026-09-17 00:00:00+00:00, run_after=2026-09-18 00:00:00+00:00
[2026-09-17T21:19:53.326+0000] {processor.py:183} INFO - Processing /opt/airflow/dags/weather_pipeline.py took 0.229 seconds
[2026-09-17T21:20:23.586+0000] {processor.py:161} INFO - Started process (PID=105) to work on /opt/airflow/dags/weather_pipeline.py
[2026-09-17T21:20:23.588+0000] {processor.py:830} INFO - Processing file /opt/airflow/dags/weather_pipeline.py for tasks to queue
[2026-09-17T21:20:23.593+0000] {logging_mixin.py:188} INFO - [2026-09-17T21:20:23.592+0000] {dagbag.py:545} INFO - Filling up the DagBag from /opt/airflow/dags/weather_pipeline.py
[2026-09-17T21:20:23.637+0000] {processor.py:840} INFO - DAG(s) 'weather_pipeline' retrieved from /opt/airflow/dags/weather_pipeline.py
[2026-09-17T21:20:23.733+0000] {logging_mixin.py:188} INFO - [2026-09-17T21:20:23.732+0000] {dag.py:3096} INFO - Sync 1 DAGs
[2026-09-17T21:20:23.767+0000] {logging_mixin.py:188} INFO - [2026-09-17T21:20:23.767+0000] {dag.py:3954} INFO - Setting next_dagrun for weather_pipeline to 2026-09-17 00:00:00+00:00, run_after=2026-09-18 00:00:00+00:00
[2026-09-17T21:20:23.796+0000] {processor.py:183} INFO - Processing /opt/airflow/dags/weather_pipeline.py took 0.231 seconds
[2026-09-17T21:20:54.063+0000] {processor.py:161} INFO - Started process (PID=106) to work on /opt/airflow/dags/weather_pipeline.py
[2026-09-17T21:20:54.066+0000] {processor.py:830} INFO - Processing file /opt/airflow/dags/weather_pipeline.py for tasks to queue
[2026-09-17T21:20:54.073+0000] {logging_mixin.py:188} INFO - [2026-09-17T21:20:54.072+0000] {dagbag.py:545} INFO - Filling up the DagBag from /opt/airflow/dags/weather_pipeline.py
[2026-09-17T21:20:54.123+0000] {processor.py:840} INFO - DAG(s) 'weather_pipeline' retrieved from /opt/airflow/dags/weather_pipeline.py
[2026-09-17T21:20:54.225+0000] {logging_mixin.py:188} INFO - [2026-09-17T21:20:54.224+0000] {dag.py:3096} INFO - Sync 1 DAGs
[2026-09-17T21:20:54.303+0000] {logging_mixin.py:188} INFO - [2026-09-17T21:20:54.302+0000] {dag.py:3954} INFO - Setting next_dagrun for weather_pipeline to 2026-09-17 00:00:00+00:00, run_after=2026-09-18 00:00:00+00:00
[2026-09-17T21:20:54.361+0000] {processor.py:183} INFO - Processing /opt/airflow/dags/weather_pipeline.py took 0.317 seconds
[2026-09-17T21:21:24.625+0000] {processor.py:161} INFO - Started process (PID=107) to work on /opt/airflow/dags/weather_pipeline.py
[2026-09-17T21:21:24.629+0000] {processor.py:830} INFO - Processing file /opt/airflow/dags/weather_pipeline.py for tasks to queue
[2026-09-17T21:21:24.634+0000] {logging_mixin.py:188} INFO - [2026-09-17T21:21:24.633+0000] {dagbag.py:545} INFO - Filling up the DagBag from /opt/airflow/dags/weather_pipeline.py
[2026-09-17T21:21:24.681+0000] {processor.py:840} INFO - DAG(s) 'weather_pipeline' retrieved from /opt/airflow/dags/weather_pipeline.py
[2026-09-17T21:21:24.787+0000] {logging_mixin.py:188} INFO - [2026-09-17T21:21:24.786+0000] {dag.py:3096} INFO - Sync 1 DAGs
[2026-09-17T21:21:24.857+0000] {logging_mixin.py:188} INFO - [2026-09-17T21:21:24.856+0000] {dag.py:3954} INFO - Setting next_dagrun for weather_pipeline to 2026-09-17 00:00:00+00:00, run_after=2026-09-18 00:00:00+00:00
[2026-09-17T21:21:24.914+0000] {processor.py:183} INFO - Processing /opt/airflow/dags/weather_pipeline.py took 0.310 seconds
[2026-09-17T21:21:55.164+0000] {processor.py:161} INFO - Started process (PID=108) to work on /opt/airflow/dags/weather_pipeline.py
[2026-09-17T21:21:55.165+0000] {processor.py:830} INFO - Processing file /opt/airflow/dags/weather_pipeline.py for tasks to queue
[2026-09-17T21:21:55.167+0000] {logging_mixin.py:188} INFO - [2026-09-17T21:21:55.167+0000] {dagbag.py:545} INFO - Filling up the DagBag from /opt/airflow/dags/weather_pipeline.py
[2026-09-17T21:21:55.185+0000] {processor.py:840} INFO - DAG(s) 'weather_pipeline' retrieved from /opt/airflow/dags/weather_pipeline.py
[2026-09-17T21:21:55.239+0000] {logging_mixin.py:188} INFO - [2026-09-17T21:21:55.239+0000] {dag.py:3096} INFO - Sync 1 DAGs
[2026-09-17T21:21:55.273+0000] {logging_mixin.py:188} INFO - [2026-09-17T21:21:55.272+0000] {dag.py:3954} INFO - Setting next_dagrun for weather_pipeline to 2026-09-17 00:00:00+00:00, run_after=2026-09-18 00:00:00+00:00
[2026-09-17T21:21:55.302+0000] {processor.py:183} INFO - Processing /opt/airflow/dags/weather_pipeline.py took 0.146 seconds
[2026-09-17T21:22:25.388+0000] {processor.py:161} INFO - Started process (PID=109) to work on /opt/airflow/dags/weather_pipeline.py
[2026-09-17T21:22:25.390+0000] {processor.py:830} INFO - Processing file /opt/airflow/dags/weather_pipeline.py for tasks to queue
[2026-09-17T21:22:25.392+0000] {logging_mixin.py:188} INFO - [2026-09-17T21:22:25.391+0000] {dagbag.py:545} INFO - Filling up the DagBag from /opt/airflow/dags/weather_pipeline.py
[2026-09-17T21:22:25.415+0000] {processor.py:840} INFO - DAG(s) 'weather_pipeline' retrieved from /opt/airflow/dags/weather_pipeline.py
[2026-09-17T21:22:25.468+0000] {logging_mixin.py:188} INFO - [2026-09-17T21:22:25.467+0000] {dag.py:3096} INFO - Sync 1 DAGs
[2026-09-17T21:22:25.506+0000] {logging_mixin.py:188} INFO - [2026-09-17T21:22:25.505+0000] {dag.py:3954} INFO - Setting next_dagrun for weather_pipeline to 2026-09-17 00:00:00+00:00, run_after=2026-09-18 00:00:00+00:00
[2026-09-17T21:22:25.538+0000] {processor.py:183} INFO - Processing /opt/airflow/dags/weather_pipeline.py took 0.158 seconds
[2026-09-17T21:22:55.837+0000] {processor.py:161} INFO - Started process (PID=110) to work on /opt/airflow/dags/weather_pipeline.py
[2026-09-17T21:22:55.840+0000] {processor.py:830} INFO - Processing file /opt/airflow/dags/weather_pipeline.py for tasks to queue
[2026-09-17T21:22:55.847+0000] {logging_mixin.py:188} INFO - [2026-09-17T21:22:55.845+0000] {dagbag.py:545} INFO - Filling up the DagBag from /opt/airflow/dags/weather_pipeline.py
[2026-09-17T21:22:55.920+0000] {processor.py:840} INFO - DAG(s) 'weather_pipeline' retrieved from /opt/airflow/dags/weather_pipeline.py
[2026-09-17T21:22:56.033+0000] {logging_mixin.py:188} INFO - [2026-09-17T21:22:56.032+0000] {dag.py:3096} INFO - Sync 1 DAGs
[2026-09-17T21:22:56.091+0000] {logging_mixin.py:188} INFO - [2026-09-17T21:22:56.091+0000] {dag.py:3954} INFO - Setting next_dagrun for weather_pipeline to 2026-09-17 00:00:00+00:00, run_after=2026-09-18 00:00:00+00:00
[2026-09-17T21:22:56.120+0000] {processor.py:183} INFO - Processing /opt/airflow/dags/weather_pipeline.py took 0.310 seconds
[2026-09-17T21:23:26.287+0000] {processor.py:161} INFO - Started process (PID=111) to work on /opt/airflow/dags/weather_pipeline.py
[2026-09-17T21:23:26.289+0000] {processor.py:830} INFO - Processing file /opt/airflow/dags/weather_pipeline.py for tasks to queue
[2026-09-17T21:23:26.292+0000] {logging_mixin.py:188} INFO - [2026-09-17T21:23:26.292+0000] {dagbag.py:545} INFO - Filling up the DagBag from /opt/airflow/dags/weather_pipeline.py
[2026-09-17T21:23:26.336+0000] {processor.py:840} INFO - DAG(s) 'weather_pipeline' retrieved from /opt/airflow/dags/weather_pipeline.py
[2026-09-17T21:23:26.421+0000] {logging_mixin.py:188} INFO - [2026-09-17T21:23:26.421+0000] {dag.py:3096} INFO - Sync 1 DAGs
[2026-09-17T21:23:26.479+0000] {logging_mixin.py:188} INFO - [2026-09-17T21:23:26.479+0000] {dag.py:3954} INFO - Setting next_dagrun for weather_pipeline to 2026-09-17 00:00:00+00:00, run_after=2026-09-18 00:00:00+00:00
[2026-09-17T21:23:26.525+0000] {processor.py:183} INFO - Processing /opt/airflow/dags/weather_pipeline.py took 0.251 seconds
[2026-09-17T21:23:56.727+0000] {processor.py:161} INFO - Started process (PID=112) to work on /opt/airflow/dags/weather_pipeline.py
[2026-09-17T21:23:56.729+0000] {processor.py:830} INFO - Processing file /opt/airflow/dags/weather_pipeline.py for tasks to queue
[2026-09-17T21:23:56.732+0000] {logging_mixin.py:188} INFO - [2026-09-17T21:23:56.731+0000] {dagbag.py:545} INFO - Filling up the DagBag from /opt/airflow/dags/weather_pipeline.py
[2026-09-17T21:23:56.768+0000] {processor.py:840} INFO - DAG(s) 'weather_pipeline' retrieved from /opt/airflow/dags/weather_pipeline.py
[2026-09-17T21:23:56.860+0000] {logging_mixin.py:188} INFO - [2026-09-17T21:23:56.859+0000] {dag.py:3096} INFO - Sync 1 DAGs
[2026-09-17T21:23:56.919+0000] {logging_mixin.py:188} INFO - [2026-09-17T21:23:56.919+0000] {dag.py:3954} INFO - Setting next_dagrun for weather_pipeline to 2026-09-17 00:00:00+00:00, run_after=2026-09-18 00:00:00+00:00
[2026-09-17T21:23:56.965+0000] {processor.py:183} INFO - Processing /opt/airflow/dags/weather_pipeline.py took 0.251 seconds
[2026-09-17T21:24:27.162+0000] {processor.py:161} INFO - Started process (PID=113) to work on /opt/airflow/dags/weather_pipeline.py
[2026-09-17T21:24:27.164+0000] {processor.py:830} INFO - Processing file /opt/airflow/dags/weather_pipeline.py for tasks to queue
[2026-09-17T21:24:27.168+0000] {logging_mixin.py:188} INFO - [2026-09-17T21:24:27.167+0000] {dagbag.py:545} INFO - Filling up the DagBag from /opt/airflow/dags/weather_pipeline.py
[2026-09-17T21:24:27.209+0000] {processor.py:840} INFO - DAG(s) 'weather_pipeline' retrieved from /opt/airflow/dags/weather_pipeline.py
[2026-09-17T21:24:27.301+0000] {logging_mixin.py:188} INFO - [2026-09-17T21:24:27.300+0000] {dag.py:3096} INFO - Sync 1 DAGs
[2026-09-17T21:24:27.354+0000] {logging_mixin.py:188} INFO - [2026-09-17T21:24:27.353+0000] {dag.py:3954} INFO - Setting next_dagrun for weather_pipeline to 2026-09-17 00:00:00+00:00, run_after=2026-09-18 00:00:00+00:00
[2026-09-17T21:24:27.383+0000] {processor.py:183} INFO - Processing /opt/airflow/dags/weather_pipeline.py took 0.236 seconds
[2026-09-17T21:24:34.213+0000] {processor.py:161} INFO - Started process (PID=114) to work on /opt/airflow/dags/weather_pipeline.py
[2026-09-17T21:24:34.214+0000] {processor.py:830} INFO - Processing file /opt/airflow/dags/weather_pipeline.py for tasks to queue
[2026-09-17T21:24:34.217+0000] {logging_mixin.py:188} INFO - [2026-09-17T21:24:34.216+0000] {dagbag.py:545} INFO - Filling up the DagBag from /opt/airflow/dags/weather_pipeline.py
[2026-09-17T21:24:34.221+0000] {logging_mixin.py:188} INFO - [2026-09-17T21:24:34.220+0000] {dagbag.py:355} ERROR - Failed to import: /opt/airflow/dags/weather_pipeline.py
Traceback (most recent call last):
  File "/home/airflow/.local/lib/python3.10/site-packages/airflow/models/dagbag.py", line 351, in parse
    loader.exec_module(new_module)
  File "<frozen importlib._bootstrap_external>", line 879, in exec_module
  File "<frozen importlib._bootstrap_external>", line 1017, in get_code
  File "<frozen importlib._bootstrap_external>", line 947, in source_to_code
  File "<frozen importlib._bootstrap>", line 241, in _call_with_frames_removed
  File "/opt/airflow/dags/weather_pipeline.py", line 6
    airflow.providers.standard.operators.python.PythonOperator'
                                                              ^
SyntaxError: unterminated string literal (detected at line 6)
[2026-09-17T21:24:34.221+0000] {processor.py:842} WARNING - No viable dags retrieved from /opt/airflow/dags/weather_pipeline.py
[2026-09-17T21:24:34.266+0000] {processor.py:183} INFO - Processing /opt/airflow/dags/weather_pipeline.py took 0.063 seconds
[2026-09-17T21:24:36.256+0000] {processor.py:161} INFO - Started process (PID=115) to work on /opt/airflow/dags/weather_pipeline.py
[2026-09-17T21:24:36.259+0000] {processor.py:830} INFO - Processing file /opt/airflow/dags/weather_pipeline.py for tasks to queue
[2026-09-17T21:24:36.263+0000] {logging_mixin.py:188} INFO - [2026-09-17T21:24:36.262+0000] {dagbag.py:545} INFO - Filling up the DagBag from /opt/airflow/dags/weather_pipeline.py
[2026-09-17T21:24:36.285+0000] {logging_mixin.py:188} INFO - [2026-09-17T21:24:36.282+0000] {dagbag.py:355} ERROR - Failed to import: /opt/airflow/dags/weather_pipeline.py
Traceback (most recent call last):
  File "/home/airflow/.local/lib/python3.10/site-packages/airflow/models/dagbag.py", line 351, in parse
    loader.exec_module(new_module)
  File "<frozen importlib._bootstrap_external>", line 883, in exec_module
  File "<frozen importlib._bootstrap>", line 241, in _call_with_frames_removed
  File "/opt/airflow/dags/weather_pipeline.py", line 6, in <module>
    airflow.providers.standard.operators.python.PythonOperator
NameError: name 'airflow' is not defined
[2026-09-17T21:24:36.286+0000] {processor.py:842} WARNING - No viable dags retrieved from /opt/airflow/dags/weather_pipeline.py
[2026-09-17T21:24:36.371+0000] {processor.py:183} INFO - Processing /opt/airflow/dags/weather_pipeline.py took 0.135 seconds
[2026-09-17T21:25:06.481+0000] {processor.py:161} INFO - Started process (PID=116) to work on /opt/airflow/dags/weather_pipeline.py
[2026-09-17T21:25:06.484+0000] {processor.py:830} INFO - Processing file /opt/airflow/dags/weather_pipeline.py for tasks to queue
[2026-09-17T21:25:06.485+0000] {logging_mixin.py:188} INFO - [2026-09-17T21:25:06.485+0000] {dagbag.py:545} INFO - Filling up the DagBag from /opt/airflow/dags/weather_pipeline.py
[2026-09-17T21:25:06.493+0000] {logging_mixin.py:188} INFO - [2026-09-17T21:25:06.492+0000] {dagbag.py:355} ERROR - Failed to import: /opt/airflow/dags/weather_pipeline.py
Traceback (most recent call last):
  File "/home/airflow/.local/lib/python3.10/site-packages/airflow/models/dagbag.py", line 351, in parse
    loader.exec_module(new_module)
  File "<frozen importlib._bootstrap_external>", line 883, in exec_module
  File "<frozen importlib._bootstrap>", line 241, in _call_with_frames_removed
  File "/opt/airflow/dags/weather_pipeline.py", line 6, in <module>
    airflow.providers.standard.operators.python.PythonOperator
NameError: name 'airflow' is not defined
[2026-09-17T21:25:06.494+0000] {processor.py:842} WARNING - No viable dags retrieved from /opt/airflow/dags/weather_pipeline.py
[2026-09-17T21:25:06.528+0000] {processor.py:183} INFO - Processing /opt/airflow/dags/weather_pipeline.py took 0.055 seconds
[2026-09-17T21:25:36.714+0000] {processor.py:161} INFO - Started process (PID=117) to work on /opt/airflow/dags/weather_pipeline.py
[2026-09-17T21:25:36.718+0000] {processor.py:830} INFO - Processing file /opt/airflow/dags/weather_pipeline.py for tasks to queue
[2026-09-17T21:25:36.725+0000] {logging_mixin.py:188} INFO - [2026-09-17T21:25:36.723+0000] {dagbag.py:545} INFO - Filling up the DagBag from /opt/airflow/dags/weather_pipeline.py
[2026-09-17T21:25:36.750+0000] {logging_mixin.py:188} INFO - [2026-09-17T21:25:36.747+0000] {dagbag.py:355} ERROR - Failed to import: /opt/airflow/dags/weather_pipeline.py
Traceback (most recent call last):
  File "/home/airflow/.local/lib/python3.10/site-packages/airflow/models/dagbag.py", line 351, in parse
    loader.exec_module(new_module)
  File "<frozen importlib._bootstrap_external>", line 883, in exec_module
  File "<frozen importlib._bootstrap>", line 241, in _call_with_frames_removed
  File "/opt/airflow/dags/weather_pipeline.py", line 6, in <module>
    airflow.providers.standard.operators.python.PythonOperator
NameError: name 'airflow' is not defined
[2026-09-17T21:25:36.752+0000] {processor.py:842} WARNING - No viable dags retrieved from /opt/airflow/dags/weather_pipeline.py
[2026-09-17T21:25:36.848+0000] {processor.py:183} INFO - Processing /opt/airflow/dags/weather_pipeline.py took 0.160 seconds
[2026-09-17T21:26:07.009+0000] {processor.py:161} INFO - Started process (PID=118) to work on /opt/airflow/dags/weather_pipeline.py
[2026-09-17T21:26:07.014+0000] {processor.py:830} INFO - Processing file /opt/airflow/dags/weather_pipeline.py for tasks to queue
[2026-09-17T21:26:07.016+0000] {logging_mixin.py:188} INFO - [2026-09-17T21:26:07.015+0000] {dagbag.py:545} INFO - Filling up the DagBag from /opt/airflow/dags/weather_pipeline.py
[2026-09-17T21:26:07.038+0000] {logging_mixin.py:188} INFO - [2026-09-17T21:26:07.036+0000] {dagbag.py:355} ERROR - Failed to import: /opt/airflow/dags/weather_pipeline.py
Traceback (most recent call last):
  File "/home/airflow/.local/lib/python3.10/site-packages/airflow/models/dagbag.py", line 351, in parse
    loader.exec_module(new_module)
  File "<frozen importlib._bootstrap_external>", line 883, in exec_module
  File "<frozen importlib._bootstrap>", line 241, in _call_with_frames_removed
  File "/opt/airflow/dags/weather_pipeline.py", line 6, in <module>
    airflow.providers.standard.operators.python.PythonOperator
NameError: name 'airflow' is not defined
[2026-09-17T21:26:07.039+0000] {processor.py:842} WARNING - No viable dags retrieved from /opt/airflow/dags/weather_pipeline.py
[2026-09-17T21:26:07.115+0000] {processor.py:183} INFO - Processing /opt/airflow/dags/weather_pipeline.py took 0.132 seconds
[2026-09-17T21:26:15.244+0000] {processor.py:161} INFO - Started process (PID=119) to work on /opt/airflow/dags/weather_pipeline.py
[2026-09-17T21:26:15.247+0000] {processor.py:830} INFO - Processing file /opt/airflow/dags/weather_pipeline.py for tasks to queue
[2026-09-17T21:26:15.249+0000] {logging_mixin.py:188} INFO - [2026-09-17T21:26:15.248+0000] {dagbag.py:545} INFO - Filling up the DagBag from /opt/airflow/dags/weather_pipeline.py
[2026-09-17T21:26:15.289+0000] {processor.py:840} INFO - DAG(s) 'weather_pipeline' retrieved from /opt/airflow/dags/weather_pipeline.py
[2026-09-17T21:26:15.869+0000] {logging_mixin.py:188} INFO - [2026-09-17T21:26:15.868+0000] {dag.py:3096} INFO - Sync 1 DAGs
[2026-09-17T21:26:15.912+0000] {logging_mixin.py:188} INFO - [2026-09-17T21:26:15.911+0000] {dag.py:3954} INFO - Setting next_dagrun for weather_pipeline to 2026-09-17 00:00:00+00:00, run_after=2026-09-18 00:00:00+00:00
[2026-09-17T21:26:16.097+0000] {processor.py:183} INFO - Processing /opt/airflow/dags/weather_pipeline.py took 0.873 seconds
[2026-09-17T21:26:17.195+0000] {processor.py:161} INFO - Started process (PID=120) to work on /opt/airflow/dags/weather_pipeline.py
[2026-09-17T21:26:17.954+0000] {processor.py:830} INFO - Processing file /opt/airflow/dags/weather_pipeline.py for tasks to queue
[2026-09-17T21:26:17.960+0000] {logging_mixin.py:188} INFO - [2026-09-17T21:26:17.958+0000] {dagbag.py:545} INFO - Filling up the DagBag from /opt/airflow/dags/weather_pipeline.py
[2026-09-17T21:26:18.051+0000] {processor.py:840} INFO - DAG(s) 'weather_pipeline' retrieved from /opt/airflow/dags/weather_pipeline.py
[2026-09-17T21:26:18.108+0000] {logging_mixin.py:188} INFO - [2026-09-17T21:26:18.107+0000] {dag.py:3096} INFO - Sync 1 DAGs
[2026-09-17T21:26:18.161+0000] {logging_mixin.py:188} INFO - [2026-09-17T21:26:18.161+0000] {dag.py:3954} INFO - Setting next_dagrun for weather_pipeline to 2026-09-17 00:00:00+00:00, run_after=2026-09-18 00:00:00+00:00
[2026-09-17T21:26:18.405+0000] {processor.py:183} INFO - Processing /opt/airflow/dags/weather_pipeline.py took 1.237 seconds
[2026-09-17T21:26:24.304+0000] {processor.py:161} INFO - Started process (PID=121) to work on /opt/airflow/dags/weather_pipeline.py
[2026-09-17T21:26:24.306+0000] {processor.py:830} INFO - Processing file /opt/airflow/dags/weather_pipeline.py for tasks to queue
[2026-09-17T21:26:24.308+0000] {logging_mixin.py:188} INFO - [2026-09-17T21:26:24.307+0000] {dagbag.py:545} INFO - Filling up the DagBag from /opt/airflow/dags/weather_pipeline.py
[2026-09-17T21:26:24.321+0000] {logging_mixin.py:188} INFO - [2026-09-17T21:26:24.319+0000] {dagbag.py:355} ERROR - Failed to import: /opt/airflow/dags/weather_pipeline.py
Traceback (most recent call last):
  File "/home/airflow/.local/lib/python3.10/site-packages/airflow/models/dagbag.py", line 351, in parse
    loader.exec_module(new_module)
  File "<frozen importlib._bootstrap_external>", line 883, in exec_module
  File "<frozen importlib._bootstrap>", line 241, in _call_with_frames_removed
  File "/opt/airflow/dags/weather_pipeline.py", line 6, in <module>
    from airflow.providers.standard.operators.python.PythonOperator import PythonOperator
ModuleNotFoundError: No module named 'airflow.providers.standard'
[2026-09-17T21:26:24.322+0000] {processor.py:842} WARNING - No viable dags retrieved from /opt/airflow/dags/weather_pipeline.py
[2026-09-17T21:26:24.377+0000] {processor.py:183} INFO - Processing /opt/airflow/dags/weather_pipeline.py took 0.086 seconds
[2026-09-17T21:26:34.411+0000] {processor.py:161} INFO - Started process (PID=122) to work on /opt/airflow/dags/weather_pipeline.py
[2026-09-17T21:26:34.414+0000] {processor.py:830} INFO - Processing file /opt/airflow/dags/weather_pipeline.py for tasks to queue
[2026-09-17T21:26:34.417+0000] {logging_mixin.py:188} INFO - [2026-09-17T21:26:34.416+0000] {dagbag.py:545} INFO - Filling up the DagBag from /opt/airflow/dags/weather_pipeline.py
[2026-09-17T21:26:34.427+0000] {logging_mixin.py:188} INFO - [2026-09-17T21:26:34.424+0000] {dagbag.py:355} ERROR - Failed to import: /opt/airflow/dags/weather_pipeline.py
Traceback (most recent call last):
  File "/home/airflow/.local/lib/python3.10/site-packages/airflow/models/dagbag.py", line 351, in parse
    loader.exec_module(new_module)
  File "<frozen importlib._bootstrap_external>", line 879, in exec_module
  File "<frozen importlib._bootstrap_external>", line 1017, in get_code
  File "<frozen importlib._bootstrap_external>", line 947, in source_to_code
  File "<frozen importlib._bootstrap>", line 241, in _call_with_frames_removed
  File "/opt/airflow/dags/weather_pipeline.py", line 6
    import airflow.providers.standard.operators.python.PythonOperator import PythonOperator
                                                                      ^^^^^^
SyntaxError: invalid syntax
[2026-09-17T21:26:34.429+0000] {processor.py:842} WARNING - No viable dags retrieved from /opt/airflow/dags/weather_pipeline.py
[2026-09-17T21:26:34.510+0000] {processor.py:183} INFO - Processing /opt/airflow/dags/weather_pipeline.py took 0.124 seconds
[2026-09-17T21:26:37.602+0000] {processor.py:161} INFO - Started process (PID=123) to work on /opt/airflow/dags/weather_pipeline.py
[2026-09-17T21:26:37.604+0000] {processor.py:830} INFO - Processing file /opt/airflow/dags/weather_pipeline.py for tasks to queue
[2026-09-17T21:26:37.606+0000] {logging_mixin.py:188} INFO - [2026-09-17T21:26:37.606+0000] {dagbag.py:545} INFO - Filling up the DagBag from /opt/airflow/dags/weather_pipeline.py
[2026-09-17T21:26:37.630+0000] {logging_mixin.py:188} INFO - [2026-09-17T21:26:37.627+0000] {dagbag.py:355} ERROR - Failed to import: /opt/airflow/dags/weather_pipeline.py
Traceback (most recent call last):
  File "/home/airflow/.local/lib/python3.10/site-packages/airflow/models/dagbag.py", line 351, in parse
    loader.exec_module(new_module)
  File "<frozen importlib._bootstrap_external>", line 883, in exec_module
  File "<frozen importlib._bootstrap>", line 241, in _call_with_frames_removed
  File "/opt/airflow/dags/weather_pipeline.py", line 6, in <module>
    import airflow.providers.standard.operators.python.PythonOperator
ModuleNotFoundError: No module named 'airflow.providers.standard'
[2026-09-17T21:26:37.631+0000] {processor.py:842} WARNING - No viable dags retrieved from /opt/airflow/dags/weather_pipeline.py
[2026-09-17T21:26:37.713+0000] {processor.py:183} INFO - Processing /opt/airflow/dags/weather_pipeline.py took 0.131 seconds
[2026-09-17T21:26:41.656+0000] {processor.py:161} INFO - Started process (PID=124) to work on /opt/airflow/dags/weather_pipeline.py
[2026-09-17T21:26:41.660+0000] {processor.py:830} INFO - Processing file /opt/airflow/dags/weather_pipeline.py for tasks to queue
[2026-09-17T21:26:41.663+0000] {logging_mixin.py:188} INFO - [2026-09-17T21:26:41.662+0000] {dagbag.py:545} INFO - Filling up the DagBag from /opt/airflow/dags/weather_pipeline.py
[2026-09-17T21:26:41.690+0000] {logging_mixin.py:188} INFO - [2026-09-17T21:26:41.688+0000] {dagbag.py:355} ERROR - Failed to import: /opt/airflow/dags/weather_pipeline.py
Traceback (most recent call last):
  File "/home/airflow/.local/lib/python3.10/site-packages/airflow/models/dagbag.py", line 351, in parse
    loader.exec_module(new_module)
  File "<frozen importlib._bootstrap_external>", line 883, in exec_module
  File "<frozen importlib._bootstrap>", line 241, in _call_with_frames_removed
  File "/opt/airflow/dags/weather_pipeline.py", line 6, in <module>
    import airflow.providers.standard.operators.python.PythonOperator
ModuleNotFoundError: No module named 'airflow.providers.standard'
[2026-09-17T21:26:41.692+0000] {processor.py:842} WARNING - No viable dags retrieved from /opt/airflow/dags/weather_pipeline.py
[2026-09-17T21:26:41.785+0000] {processor.py:183} INFO - Processing /opt/airflow/dags/weather_pipeline.py took 0.152 seconds
[2026-09-17T21:26:53.921+0000] {processor.py:161} INFO - Started process (PID=125) to work on /opt/airflow/dags/weather_pipeline.py
[2026-09-17T21:26:53.924+0000] {processor.py:830} INFO - Processing file /opt/airflow/dags/weather_pipeline.py for tasks to queue
[2026-09-17T21:26:53.928+0000] {logging_mixin.py:188} INFO - [2026-09-17T21:26:53.927+0000] {dagbag.py:545} INFO - Filling up the DagBag from /opt/airflow/dags/weather_pipeline.py
[2026-09-17T21:26:53.939+0000] {logging_mixin.py:188} INFO - [2026-09-17T21:26:53.936+0000] {dagbag.py:355} ERROR - Failed to import: /opt/airflow/dags/weather_pipeline.py
Traceback (most recent call last):
  File "/home/airflow/.local/lib/python3.10/site-packages/airflow/models/dagbag.py", line 351, in parse
    loader.exec_module(new_module)
  File "<frozen importlib._bootstrap_external>", line 879, in exec_module
  File "<frozen importlib._bootstrap_external>", line 1017, in get_code
  File "<frozen importlib._bootstrap_external>", line 947, in source_to_code
  File "<frozen importlib._bootstrap>", line 241, in _call_with_frames_removed
  File "/opt/airflow/dags/weather_pipeline.py", line 6
    from ai
           ^
SyntaxError: invalid syntax
[2026-09-17T21:26:53.940+0000] {processor.py:842} WARNING - No viable dags retrieved from /opt/airflow/dags/weather_pipeline.py
[2026-09-17T21:26:54.039+0000] {processor.py:183} INFO - Processing /opt/airflow/dags/weather_pipeline.py took 0.144 seconds
[2026-09-17T21:27:00.142+0000] {processor.py:161} INFO - Started process (PID=126) to work on /opt/airflow/dags/weather_pipeline.py
[2026-09-17T21:27:00.145+0000] {processor.py:830} INFO - Processing file /opt/airflow/dags/weather_pipeline.py for tasks to queue
[2026-09-17T21:27:00.147+0000] {logging_mixin.py:188} INFO - [2026-09-17T21:27:00.146+0000] {dagbag.py:545} INFO - Filling up the DagBag from /opt/airflow/dags/weather_pipeline.py
[2026-09-17T21:27:00.166+0000] {logging_mixin.py:188} INFO - [2026-09-17T21:27:00.164+0000] {dagbag.py:355} ERROR - Failed to import: /opt/airflow/dags/weather_pipeline.py
Traceback (most recent call last):
  File "/home/airflow/.local/lib/python3.10/site-packages/airflow/models/dagbag.py", line 351, in parse
    loader.exec_module(new_module)
  File "<frozen importlib._bootstrap_external>", line 883, in exec_module
  File "<frozen importlib._bootstrap>", line 241, in _call_with_frames_removed
  File "/opt/airflow/dags/weather_pipeline.py", line 6, in <module>
    from airflow import ai
ImportError: cannot import name 'ai' from 'airflow' (/home/airflow/.local/lib/python3.10/site-packages/airflow/__init__.py)
[2026-09-17T21:27:00.168+0000] {processor.py:842} WARNING - No viable dags retrieved from /opt/airflow/dags/weather_pipeline.py
[2026-09-17T21:27:00.242+0000] {processor.py:183} INFO - Processing /opt/airflow/dags/weather_pipeline.py took 0.119 seconds
[2026-09-17T21:27:02.149+0000] {processor.py:161} INFO - Started process (PID=127) to work on /opt/airflow/dags/weather_pipeline.py
[2026-09-17T21:27:02.151+0000] {processor.py:830} INFO - Processing file /opt/airflow/dags/weather_pipeline.py for tasks to queue
[2026-09-17T21:27:02.152+0000] {logging_mixin.py:188} INFO - [2026-09-17T21:27:02.152+0000] {dagbag.py:545} INFO - Filling up the DagBag from /opt/airflow/dags/weather_pipeline.py
[2026-09-17T21:27:02.162+0000] {logging_mixin.py:188} INFO - [2026-09-17T21:27:02.161+0000] {dagbag.py:355} ERROR - Failed to import: /opt/airflow/dags/weather_pipeline.py
Traceback (most recent call last):
  File "/home/airflow/.local/lib/python3.10/site-packages/airflow/models/dagbag.py", line 351, in parse
    loader.exec_module(new_module)
  File "<frozen importlib._bootstrap_external>", line 883, in exec_module
  File "<frozen importlib._bootstrap>", line 241, in _call_with_frames_removed
  File "/opt/airflow/dags/weather_pipeline.py", line 6, in <module>
    from airflow import air
ImportError: cannot import name 'air' from 'airflow' (/home/airflow/.local/lib/python3.10/site-packages/airflow/__init__.py)
[2026-09-17T21:27:02.162+0000] {processor.py:842} WARNING - No viable dags retrieved from /opt/airflow/dags/weather_pipeline.py
[2026-09-17T21:27:02.199+0000] {processor.py:183} INFO - Processing /opt/airflow/dags/weather_pipeline.py took 0.058 seconds
[2026-09-17T21:27:03.188+0000] {processor.py:161} INFO - Started process (PID=128) to work on /opt/airflow/dags/weather_pipeline.py
[2026-09-17T21:27:03.190+0000] {processor.py:830} INFO - Processing file /opt/airflow/dags/weather_pipeline.py for tasks to queue
[2026-09-17T21:27:03.194+0000] {logging_mixin.py:188} INFO - [2026-09-17T21:27:03.193+0000] {dagbag.py:545} INFO - Filling up the DagBag from /opt/airflow/dags/weather_pipeline.py
[2026-09-17T21:27:03.206+0000] {logging_mixin.py:188} INFO - [2026-09-17T21:27:03.202+0000] {dagbag.py:355} ERROR - Failed to import: /opt/airflow/dags/weather_pipeline.py
Traceback (most recent call last):
  File "/home/airflow/.local/lib/python3.10/site-packages/airflow/models/dagbag.py", line 351, in parse
    loader.exec_module(new_module)
  File "<frozen importlib._bootstrap_external>", line 879, in exec_module
  File "<frozen importlib._bootstrap_external>", line 1017, in get_code
  File "<frozen importlib._bootstrap_external>", line 947, in source_to_code
  File "<frozen importlib._bootstrap>", line 241, in _call_with_frames_removed
  File "/opt/airflow/dags/weather_pipeline.py", line 6
    from airflow import 
                        ^
SyntaxError: invalid syntax
[2026-09-17T21:27:03.208+0000] {processor.py:842} WARNING - No viable dags retrieved from /opt/airflow/dags/weather_pipeline.py
[2026-09-17T21:27:03.309+0000] {processor.py:183} INFO - Processing /opt/airflow/dags/weather_pipeline.py took 0.142 seconds
[2026-09-17T21:27:12.351+0000] {processor.py:161} INFO - Started process (PID=129) to work on /opt/airflow/dags/weather_pipeline.py
[2026-09-17T21:27:12.353+0000] {processor.py:830} INFO - Processing file /opt/airflow/dags/weather_pipeline.py for tasks to queue
[2026-09-17T21:27:12.356+0000] {logging_mixin.py:188} INFO - [2026-09-17T21:27:12.355+0000] {dagbag.py:545} INFO - Filling up the DagBag from /opt/airflow/dags/weather_pipeline.py
[2026-09-17T21:27:12.363+0000] {logging_mixin.py:188} INFO - [2026-09-17T21:27:12.361+0000] {dagbag.py:355} ERROR - Failed to import: /opt/airflow/dags/weather_pipeline.py
Traceback (most recent call last):
  File "/home/airflow/.local/lib/python3.10/site-packages/airflow/models/dagbag.py", line 351, in parse
    loader.exec_module(new_module)
  File "<frozen importlib._bootstrap_external>", line 879, in exec_module
  File "<frozen importlib._bootstrap_external>", line 1017, in get_code
  File "<frozen importlib._bootstrap_external>", line 947, in source_to_code
  File "<frozen importlib._bootstrap>", line 241, in _call_with_frames_removed
  File "/opt/airflow/dags/weather_pipeline.py", line 6
    from airflow 
                 ^
SyntaxError: invalid syntax
[2026-09-17T21:27:12.364+0000] {processor.py:842} WARNING - No viable dags retrieved from /opt/airflow/dags/weather_pipeline.py
[2026-09-17T21:27:12.438+0000] {processor.py:183} INFO - Processing /opt/airflow/dags/weather_pipeline.py took 0.110 seconds
[2026-09-17T21:27:16.477+0000] {processor.py:161} INFO - Started process (PID=130) to work on /opt/airflow/dags/weather_pipeline.py
[2026-09-17T21:27:16.481+0000] {processor.py:830} INFO - Processing file /opt/airflow/dags/weather_pipeline.py for tasks to queue
[2026-09-17T21:27:16.484+0000] {logging_mixin.py:188} INFO - [2026-09-17T21:27:16.483+0000] {dagbag.py:545} INFO - Filling up the DagBag from /opt/airflow/dags/weather_pipeline.py
[2026-09-17T21:27:16.517+0000] {logging_mixin.py:188} INFO - [2026-09-17T21:27:16.514+0000] {dagbag.py:355} ERROR - Failed to import: /opt/airflow/dags/weather_pipeline.py
Traceback (most recent call last):
  File "/home/airflow/.local/lib/python3.10/site-packages/airflow/models/dagbag.py", line 351, in parse
    loader.exec_module(new_module)
  File "<frozen importlib._bootstrap_external>", line 883, in exec_module
  File "<frozen importlib._bootstrap>", line 241, in _call_with_frames_removed
  File "/opt/airflow/dags/weather_pipeline.py", line 28, in <module>
    extract = PythonOperator(
NameError: name 'PythonOperator' is not defined
[2026-09-17T21:27:16.518+0000] {processor.py:842} WARNING - No viable dags retrieved from /opt/airflow/dags/weather_pipeline.py
[2026-09-17T21:27:16.602+0000] {processor.py:183} INFO - Processing /opt/airflow/dags/weather_pipeline.py took 0.146 seconds
[2026-09-17T21:27:18.565+0000] {processor.py:161} INFO - Started process (PID=131) to work on /opt/airflow/dags/weather_pipeline.py
[2026-09-17T21:27:18.568+0000] {processor.py:830} INFO - Processing file /opt/airflow/dags/weather_pipeline.py for tasks to queue
[2026-09-17T21:27:18.573+0000] {logging_mixin.py:188} INFO - [2026-09-17T21:27:18.571+0000] {dagbag.py:545} INFO - Filling up the DagBag from /opt/airflow/dags/weather_pipeline.py
[2026-09-17T21:27:18.584+0000] {logging_mixin.py:188} INFO - [2026-09-17T21:27:18.581+0000] {dagbag.py:355} ERROR - Failed to import: /opt/airflow/dags/weather_pipeline.py
Traceback (most recent call last):
  File "/home/airflow/.local/lib/python3.10/site-packages/airflow/models/dagbag.py", line 351, in parse
    loader.exec_module(new_module)
  File "<frozen importlib._bootstrap_external>", line 879, in exec_module
  File "<frozen importlib._bootstrap_external>", line 1017, in get_code
  File "<frozen importlib._bootstrap_external>", line 947, in source_to_code
  File "<frozen importlib._bootstrap>", line 241, in _call_with_frames_removed
  File "/opt/airflow/dags/weather_pipeline.py", line 6
    import airflow. 
                    ^
SyntaxError: invalid syntax
[2026-09-17T21:27:18.586+0000] {processor.py:842} WARNING - No viable dags retrieved from /opt/airflow/dags/weather_pipeline.py
[2026-09-17T21:27:18.683+0000] {processor.py:183} INFO - Processing /opt/airflow/dags/weather_pipeline.py took 0.144 seconds
[2026-09-17T21:27:24.734+0000] {processor.py:161} INFO - Started process (PID=132) to work on /opt/airflow/dags/weather_pipeline.py
[2026-09-17T21:27:24.736+0000] {processor.py:830} INFO - Processing file /opt/airflow/dags/weather_pipeline.py for tasks to queue
[2026-09-17T21:27:24.739+0000] {logging_mixin.py:188} INFO - [2026-09-17T21:27:24.738+0000] {dagbag.py:545} INFO - Filling up the DagBag from /opt/airflow/dags/weather_pipeline.py
[2026-09-17T21:27:24.748+0000] {logging_mixin.py:188} INFO - [2026-09-17T21:27:24.746+0000] {dagbag.py:355} ERROR - Failed to import: /opt/airflow/dags/weather_pipeline.py
Traceback (most recent call last):
  File "/home/airflow/.local/lib/python3.10/site-packages/airflow/models/dagbag.py", line 351, in parse
    loader.exec_module(new_module)
  File "<frozen importlib._bootstrap_external>", line 879, in exec_module
  File "<frozen importlib._bootstrap_external>", line 1017, in get_code
  File "<frozen importlib._bootstrap_external>", line 947, in source_to_code
  File "<frozen importlib._bootstrap>", line 241, in _call_with_frames_removed
  File "/opt/airflow/dags/weather_pipeline.py", line 6
    import airflow.providers. 
                              ^
SyntaxError: invalid syntax
[2026-09-17T21:27:24.749+0000] {processor.py:842} WARNING - No viable dags retrieved from /opt/airflow/dags/weather_pipeline.py
[2026-09-17T21:27:24.817+0000] {processor.py:183} INFO - Processing /opt/airflow/dags/weather_pipeline.py took 0.100 seconds
[2026-09-17T21:27:28.822+0000] {processor.py:161} INFO - Started process (PID=133) to work on /opt/airflow/dags/weather_pipeline.py
[2026-09-17T21:27:28.824+0000] {processor.py:830} INFO - Processing file /opt/airflow/dags/weather_pipeline.py for tasks to queue
[2026-09-17T21:27:28.826+0000] {logging_mixin.py:188} INFO - [2026-09-17T21:27:28.825+0000] {dagbag.py:545} INFO - Filling up the DagBag from /opt/airflow/dags/weather_pipeline.py
[2026-09-17T21:27:28.834+0000] {logging_mixin.py:188} INFO - [2026-09-17T21:27:28.831+0000] {dagbag.py:355} ERROR - Failed to import: /opt/airflow/dags/weather_pipeline.py
Traceback (most recent call last):
  File "/home/airflow/.local/lib/python3.10/site-packages/airflow/models/dagbag.py", line 351, in parse
    loader.exec_module(new_module)
  File "<frozen importlib._bootstrap_external>", line 879, in exec_module
  File "<frozen importlib._bootstrap_external>", line 1017, in get_code
  File "<frozen importlib._bootstrap_external>", line 947, in source_to_code
  File "<frozen importlib._bootstrap>", line 241, in _call_with_frames_removed
  File "/opt/airflow/dags/weather_pipeline.py", line 6
    import airflow.providers.standard. 
                                       ^
SyntaxError: invalid syntax
[2026-09-17T21:27:28.835+0000] {processor.py:842} WARNING - No viable dags retrieved from /opt/airflow/dags/weather_pipeline.py
[2026-09-17T21:27:28.906+0000] {processor.py:183} INFO - Processing /opt/airflow/dags/weather_pipeline.py took 0.104 seconds
[2026-09-17T21:27:33.926+0000] {processor.py:161} INFO - Started process (PID=134) to work on /opt/airflow/dags/weather_pipeline.py
[2026-09-17T21:27:33.928+0000] {processor.py:830} INFO - Processing file /opt/airflow/dags/weather_pipeline.py for tasks to queue
[2026-09-17T21:27:33.930+0000] {logging_mixin.py:188} INFO - [2026-09-17T21:27:33.929+0000] {dagbag.py:545} INFO - Filling up the DagBag from /opt/airflow/dags/weather_pipeline.py
[2026-09-17T21:27:33.937+0000] {logging_mixin.py:188} INFO - [2026-09-17T21:27:33.936+0000] {dagbag.py:355} ERROR - Failed to import: /opt/airflow/dags/weather_pipeline.py
Traceback (most recent call last):
  File "/home/airflow/.local/lib/python3.10/site-packages/airflow/models/dagbag.py", line 351, in parse
    loader.exec_module(new_module)
  File "<frozen importlib._bootstrap_external>", line 879, in exec_module
  File "<frozen importlib._bootstrap_external>", line 1017, in get_code
  File "<frozen importlib._bootstrap_external>", line 947, in source_to_code
  File "<frozen importlib._bootstrap>", line 241, in _call_with_frames_removed
  File "/opt/airflow/dags/weather_pipeline.py", line 6
    import airflow.providers.standard.operators. 
                                                 ^
SyntaxError: invalid syntax
[2026-09-17T21:27:33.938+0000] {processor.py:842} WARNING - No viable dags retrieved from /opt/airflow/dags/weather_pipeline.py
[2026-09-17T21:27:33.979+0000] {processor.py:183} INFO - Processing /opt/airflow/dags/weather_pipeline.py took 0.069 seconds
[2026-09-17T21:27:38.042+0000] {processor.py:161} INFO - Started process (PID=135) to work on /opt/airflow/dags/weather_pipeline.py
[2026-09-17T21:27:38.044+0000] {processor.py:830} INFO - Processing file /opt/airflow/dags/weather_pipeline.py for tasks to queue
[2026-09-17T21:27:38.047+0000] {logging_mixin.py:188} INFO - [2026-09-17T21:27:38.046+0000] {dagbag.py:545} INFO - Filling up the DagBag from /opt/airflow/dags/weather_pipeline.py
[2026-09-17T21:27:38.054+0000] {logging_mixin.py:188} INFO - [2026-09-17T21:27:38.052+0000] {dagbag.py:355} ERROR - Failed to import: /opt/airflow/dags/weather_pipeline.py
Traceback (most recent call last):
  File "/home/airflow/.local/lib/python3.10/site-packages/airflow/models/dagbag.py", line 351, in parse
    loader.exec_module(new_module)
  File "<frozen importlib._bootstrap_external>", line 879, in exec_module
  File "<frozen importlib._bootstrap_external>", line 1017, in get_code
  File "<frozen importlib._bootstrap_external>", line 947, in source_to_code
  File "<frozen importlib._bootstrap>", line 241, in _call_with_frames_removed
  File "/opt/airflow/dags/weather_pipeline.py", line 6
    import airflow.providers.standard.operators.python. 
                                                        ^
SyntaxError: invalid syntax
[2026-09-17T21:27:38.055+0000] {processor.py:842} WARNING - No viable dags retrieved from /opt/airflow/dags/weather_pipeline.py
[2026-09-17T21:27:38.123+0000] {processor.py:183} INFO - Processing /opt/airflow/dags/weather_pipeline.py took 0.099 seconds
[2026-09-17T21:27:41.134+0000] {processor.py:161} INFO - Started process (PID=136) to work on /opt/airflow/dags/weather_pipeline.py
[2026-09-17T21:27:41.137+0000] {processor.py:830} INFO - Processing file /opt/airflow/dags/weather_pipeline.py for tasks to queue
[2026-09-17T21:27:41.141+0000] {logging_mixin.py:188} INFO - [2026-09-17T21:27:41.140+0000] {dagbag.py:545} INFO - Filling up the DagBag from /opt/airflow/dags/weather_pipeline.py
[2026-09-17T21:27:41.167+0000] {logging_mixin.py:188} INFO - [2026-09-17T21:27:41.164+0000] {dagbag.py:355} ERROR - Failed to import: /opt/airflow/dags/weather_pipeline.py
Traceback (most recent call last):
  File "/home/airflow/.local/lib/python3.10/site-packages/airflow/models/dagbag.py", line 351, in parse
    loader.exec_module(new_module)
  File "<frozen importlib._bootstrap_external>", line 883, in exec_module
  File "<frozen importlib._bootstrap>", line 241, in _call_with_frames_removed
  File "/opt/airflow/dags/weather_pipeline.py", line 6, in <module>
    import airflow.providers.standard.operators.python.P
ModuleNotFoundError: No module named 'airflow.providers.standard'
[2026-09-17T21:27:41.169+0000] {processor.py:842} WARNING - No viable dags retrieved from /opt/airflow/dags/weather_pipeline.py
[2026-09-17T21:27:41.261+0000] {processor.py:183} INFO - Processing /opt/airflow/dags/weather_pipeline.py took 0.150 seconds
[2026-09-17T21:27:42.245+0000] {processor.py:161} INFO - Started process (PID=137) to work on /opt/airflow/dags/weather_pipeline.py
[2026-09-17T21:27:42.248+0000] {processor.py:830} INFO - Processing file /opt/airflow/dags/weather_pipeline.py for tasks to queue
[2026-09-17T21:27:42.252+0000] {logging_mixin.py:188} INFO - [2026-09-17T21:27:42.251+0000] {dagbag.py:545} INFO - Filling up the DagBag from /opt/airflow/dags/weather_pipeline.py
[2026-09-17T21:27:42.277+0000] {logging_mixin.py:188} INFO - [2026-09-17T21:27:42.275+0000] {dagbag.py:355} ERROR - Failed to import: /opt/airflow/dags/weather_pipeline.py
Traceback (most recent call last):
  File "/home/airflow/.local/lib/python3.10/site-packages/airflow/models/dagbag.py", line 351, in parse
    loader.exec_module(new_module)
  File "<frozen importlib._bootstrap_external>", line 883, in exec_module
  File "<frozen importlib._bootstrap>", line 241, in _call_with_frames_removed
  File "/opt/airflow/dags/weather_pipeline.py", line 6, in <module>
    import airflow.providers.standard.operators.python.Py
ModuleNotFoundError: No module named 'airflow.providers.standard'
[2026-09-17T21:27:42.279+0000] {processor.py:842} WARNING - No viable dags retrieved from /opt/airflow/dags/weather_pipeline.py
[2026-09-17T21:27:42.364+0000] {processor.py:183} INFO - Processing /opt/airflow/dags/weather_pipeline.py took 0.144 seconds
[2026-09-17T21:27:47.392+0000] {processor.py:161} INFO - Started process (PID=138) to work on /opt/airflow/dags/weather_pipeline.py
[2026-09-17T21:27:47.395+0000] {processor.py:830} INFO - Processing file /opt/airflow/dags/weather_pipeline.py for tasks to queue
[2026-09-17T21:27:47.402+0000] {logging_mixin.py:188} INFO - [2026-09-17T21:27:47.400+0000] {dagbag.py:545} INFO - Filling up the DagBag from /opt/airflow/dags/weather_pipeline.py
[2026-09-17T21:27:47.432+0000] {logging_mixin.py:188} INFO - [2026-09-17T21:27:47.428+0000] {dagbag.py:355} ERROR - Failed to import: /opt/airflow/dags/weather_pipeline.py
Traceback (most recent call last):
  File "/home/airflow/.local/lib/python3.10/site-packages/airflow/models/dagbag.py", line 351, in parse
    loader.exec_module(new_module)
  File "<frozen importlib._bootstrap_external>", line 883, in exec_module
  File "<frozen importlib._bootstrap>", line 241, in _call_with_frames_removed
  File "/opt/airflow/dags/weather_pipeline.py", line 6, in <module>
    import airflow.providers.standard.operators.python.Python
ModuleNotFoundError: No module named 'airflow.providers.standard'
[2026-09-17T21:27:47.433+0000] {processor.py:842} WARNING - No viable dags retrieved from /opt/airflow/dags/weather_pipeline.py
[2026-09-17T21:27:47.510+0000] {processor.py:183} INFO - Processing /opt/airflow/dags/weather_pipeline.py took 0.145 seconds
[2026-09-17T21:27:53.628+0000] {processor.py:161} INFO - Started process (PID=139) to work on /opt/airflow/dags/weather_pipeline.py
[2026-09-17T21:27:53.631+0000] {processor.py:830} INFO - Processing file /opt/airflow/dags/weather_pipeline.py for tasks to queue
[2026-09-17T21:27:53.633+0000] {logging_mixin.py:188} INFO - [2026-09-17T21:27:53.632+0000] {dagbag.py:545} INFO - Filling up the DagBag from /opt/airflow/dags/weather_pipeline.py
[2026-09-17T21:27:53.657+0000] {logging_mixin.py:188} INFO - [2026-09-17T21:27:53.654+0000] {dagbag.py:355} ERROR - Failed to import: /opt/airflow/dags/weather_pipeline.py
Traceback (most recent call last):
  File "/home/airflow/.local/lib/python3.10/site-packages/airflow/models/dagbag.py", line 351, in parse
    loader.exec_module(new_module)
  File "<frozen importlib._bootstrap_external>", line 883, in exec_module
  File "<frozen importlib._bootstrap>", line 241, in _call_with_frames_removed
  File "/opt/airflow/dags/weather_pipeline.py", line 6, in <module>
    import airflow.providers.standard.operators.python.PythonOperator
ModuleNotFoundError: No module named 'airflow.providers.standard'
[2026-09-17T21:27:53.659+0000] {processor.py:842} WARNING - No viable dags retrieved from /opt/airflow/dags/weather_pipeline.py
[2026-09-17T21:27:53.734+0000] {processor.py:183} INFO - Processing /opt/airflow/dags/weather_pipeline.py took 0.130 seconds
[2026-09-17T21:28:23.857+0000] {processor.py:161} INFO - Started process (PID=140) to work on /opt/airflow/dags/weather_pipeline.py
[2026-09-17T21:28:23.859+0000] {processor.py:830} INFO - Processing file /opt/airflow/dags/weather_pipeline.py for tasks to queue
[2026-09-17T21:28:23.862+0000] {logging_mixin.py:188} INFO - [2026-09-17T21:28:23.861+0000] {dagbag.py:545} INFO - Filling up the DagBag from /opt/airflow/dags/weather_pipeline.py
[2026-09-17T21:28:23.885+0000] {logging_mixin.py:188} INFO - [2026-09-17T21:28:23.883+0000] {dagbag.py:355} ERROR - Failed to import: /opt/airflow/dags/weather_pipeline.py
Traceback (most recent call last):
  File "/home/airflow/.local/lib/python3.10/site-packages/airflow/models/dagbag.py", line 351, in parse
    loader.exec_module(new_module)
  File "<frozen importlib._bootstrap_external>", line 883, in exec_module
  File "<frozen importlib._bootstrap>", line 241, in _call_with_frames_removed
  File "/opt/airflow/dags/weather_pipeline.py", line 6, in <module>
    import airflow.providers.standard.operators.python.PythonOperator
ModuleNotFoundError: No module named 'airflow.providers.standard'
[2026-09-17T21:28:23.886+0000] {processor.py:842} WARNING - No viable dags retrieved from /opt/airflow/dags/weather_pipeline.py
[2026-09-17T21:28:23.981+0000] {processor.py:183} INFO - Processing /opt/airflow/dags/weather_pipeline.py took 0.145 seconds
[2026-09-17T21:28:25.037+0000] {processor.py:161} INFO - Started process (PID=141) to work on /opt/airflow/dags/weather_pipeline.py
[2026-09-17T21:28:25.042+0000] {processor.py:830} INFO - Processing file /opt/airflow/dags/weather_pipeline.py for tasks to queue
[2026-09-17T21:28:25.046+0000] {logging_mixin.py:188} INFO - [2026-09-17T21:28:25.045+0000] {dagbag.py:545} INFO - Filling up the DagBag from /opt/airflow/dags/weather_pipeline.py
[2026-09-17T21:28:25.085+0000] {logging_mixin.py:188} INFO - [2026-09-17T21:28:25.083+0000] {dagbag.py:355} ERROR - Failed to import: /opt/airflow/dags/weather_pipeline.py
Traceback (most recent call last):
  File "/home/airflow/.local/lib/python3.10/site-packages/airflow/models/dagbag.py", line 351, in parse
    loader.exec_module(new_module)
  File "<frozen importlib._bootstrap_external>", line 883, in exec_module
  File "<frozen importlib._bootstrap>", line 241, in _call_with_frames_removed
  File "/opt/airflow/dags/weather_pipeline.py", line 27, in <module>
    extract = PythonOperator(
NameError: name 'PythonOperator' is not defined
[2026-09-17T21:28:25.087+0000] {processor.py:842} WARNING - No viable dags retrieved from /opt/airflow/dags/weather_pipeline.py
[2026-09-17T21:28:25.181+0000] {processor.py:183} INFO - Processing /opt/airflow/dags/weather_pipeline.py took 0.180 seconds
[2026-09-17T21:28:27.118+0000] {processor.py:161} INFO - Started process (PID=142) to work on /opt/airflow/dags/weather_pipeline.py
[2026-09-17T21:28:27.121+0000] {processor.py:830} INFO - Processing file /opt/airflow/dags/weather_pipeline.py for tasks to queue
[2026-09-17T21:28:27.126+0000] {logging_mixin.py:188} INFO - [2026-09-17T21:28:27.124+0000] {dagbag.py:545} INFO - Filling up the DagBag from /opt/airflow/dags/weather_pipeline.py
[2026-09-17T21:28:27.137+0000] {logging_mixin.py:188} INFO - [2026-09-17T21:28:27.134+0000] {dagbag.py:355} ERROR - Failed to import: /opt/airflow/dags/weather_pipeline.py
Traceback (most recent call last):
  File "/home/airflow/.local/lib/python3.10/site-packages/airflow/models/dagbag.py", line 351, in parse
    loader.exec_module(new_module)
  File "<frozen importlib._bootstrap_external>", line 879, in exec_module
  File "<frozen importlib._bootstrap_external>", line 1017, in get_code
  File "<frozen importlib._bootstrap_external>", line 947, in source_to_code
  File "<frozen importlib._bootstrap>", line 241, in _call_with_frames_removed
  File "/opt/airflow/dags/weather_pipeline.py", line 6
    from 
         ^
SyntaxError: invalid syntax
[2026-09-17T21:28:27.138+0000] {processor.py:842} WARNING - No viable dags retrieved from /opt/airflow/dags/weather_pipeline.py
[2026-09-17T21:28:27.231+0000] {processor.py:183} INFO - Processing /opt/airflow/dags/weather_pipeline.py took 0.137 seconds
[2026-09-17T21:28:30.299+0000] {processor.py:161} INFO - Started process (PID=143) to work on /opt/airflow/dags/weather_pipeline.py
[2026-09-17T21:28:30.302+0000] {processor.py:830} INFO - Processing file /opt/airflow/dags/weather_pipeline.py for tasks to queue
[2026-09-17T21:28:30.305+0000] {logging_mixin.py:188} INFO - [2026-09-17T21:28:30.304+0000] {dagbag.py:545} INFO - Filling up the DagBag from /opt/airflow/dags/weather_pipeline.py
[2026-09-17T21:28:30.337+0000] {logging_mixin.py:188} INFO - [2026-09-17T21:28:30.334+0000] {dagbag.py:355} ERROR - Failed to import: /opt/airflow/dags/weather_pipeline.py
Traceback (most recent call last):
  File "/home/airflow/.local/lib/python3.10/site-packages/airflow/models/dagbag.py", line 351, in parse
    loader.exec_module(new_module)
  File "<frozen importlib._bootstrap_external>", line 883, in exec_module
  File "<frozen importlib._bootstrap>", line 241, in _call_with_frames_removed
  File "/opt/airflow/dags/weather_pipeline.py", line 27, in <module>
    extract = PythonOperator(
NameError: name 'PythonOperator' is not defined
[2026-09-17T21:28:30.338+0000] {processor.py:842} WARNING - No viable dags retrieved from /opt/airflow/dags/weather_pipeline.py
[2026-09-17T21:28:30.423+0000] {processor.py:183} INFO - Processing /opt/airflow/dags/weather_pipeline.py took 0.148 seconds
[2026-09-17T21:29:00.537+0000] {processor.py:161} INFO - Started process (PID=144) to work on /opt/airflow/dags/weather_pipeline.py
[2026-09-17T21:29:00.541+0000] {processor.py:830} INFO - Processing file /opt/airflow/dags/weather_pipeline.py for tasks to queue
[2026-09-17T21:29:00.543+0000] {logging_mixin.py:188} INFO - [2026-09-17T21:29:00.542+0000] {dagbag.py:545} INFO - Filling up the DagBag from /opt/airflow/dags/weather_pipeline.py
[2026-09-17T21:29:00.571+0000] {logging_mixin.py:188} INFO - [2026-09-17T21:29:00.569+0000] {dagbag.py:355} ERROR - Failed to import: /opt/airflow/dags/weather_pipeline.py
Traceback (most recent call last):
  File "/home/airflow/.local/lib/python3.10/site-packages/airflow/models/dagbag.py", line 351, in parse
    loader.exec_module(new_module)
  File "<frozen importlib._bootstrap_external>", line 883, in exec_module
  File "<frozen importlib._bootstrap>", line 241, in _call_with_frames_removed
  File "/opt/airflow/dags/weather_pipeline.py", line 27, in <module>
    extract = PythonOperator(
NameError: name 'PythonOperator' is not defined
[2026-09-17T21:29:00.573+0000] {processor.py:842} WARNING - No viable dags retrieved from /opt/airflow/dags/weather_pipeline.py
[2026-09-17T21:29:00.653+0000] {processor.py:183} INFO - Processing /opt/airflow/dags/weather_pipeline.py took 0.135 seconds
[2026-09-17T21:29:30.885+0000] {processor.py:161} INFO - Started process (PID=145) to work on /opt/airflow/dags/weather_pipeline.py
[2026-09-17T21:29:30.886+0000] {processor.py:830} INFO - Processing file /opt/airflow/dags/weather_pipeline.py for tasks to queue
[2026-09-17T21:29:30.887+0000] {logging_mixin.py:188} INFO - [2026-09-17T21:29:30.886+0000] {dagbag.py:545} INFO - Filling up the DagBag from /opt/airflow/dags/weather_pipeline.py
[2026-09-17T21:29:30.900+0000] {logging_mixin.py:188} INFO - [2026-09-17T21:29:30.899+0000] {dagbag.py:355} ERROR - Failed to import: /opt/airflow/dags/weather_pipeline.py
Traceback (most recent call last):
  File "/home/airflow/.local/lib/python3.10/site-packages/airflow/models/dagbag.py", line 351, in parse
    loader.exec_module(new_module)
  File "<frozen importlib._bootstrap_external>", line 883, in exec_module
  File "<frozen importlib._bootstrap>", line 241, in _call_with_frames_removed
  File "/opt/airflow/dags/weather_pipeline.py", line 27, in <module>
    extract = PythonOperator(
NameError: name 'PythonOperator' is not defined
[2026-09-17T21:29:30.901+0000] {processor.py:842} WARNING - No viable dags retrieved from /opt/airflow/dags/weather_pipeline.py
[2026-09-17T21:29:30.940+0000] {processor.py:183} INFO - Processing /opt/airflow/dags/weather_pipeline.py took 0.064 seconds
[2026-09-17T21:29:54.075+0000] {processor.py:161} INFO - Started process (PID=146) to work on /opt/airflow/dags/weather_pipeline.py
[2026-09-17T21:29:54.079+0000] {processor.py:830} INFO - Processing file /opt/airflow/dags/weather_pipeline.py for tasks to queue
[2026-09-17T21:29:54.083+0000] {logging_mixin.py:188} INFO - [2026-09-17T21:29:54.082+0000] {dagbag.py:545} INFO - Filling up the DagBag from /opt/airflow/dags/weather_pipeline.py
[2026-09-17T21:29:54.117+0000] {processor.py:840} INFO - DAG(s) 'weather_pipeline' retrieved from /opt/airflow/dags/weather_pipeline.py
[2026-09-17T21:29:54.410+0000] {logging_mixin.py:188} INFO - [2026-09-17T21:29:54.410+0000] {dag.py:3096} INFO - Sync 1 DAGs
[2026-09-17T21:29:54.465+0000] {logging_mixin.py:188} INFO - [2026-09-17T21:29:54.465+0000] {dag.py:3954} INFO - Setting next_dagrun for weather_pipeline to 2026-09-17 00:00:00+00:00, run_after=2026-09-18 00:00:00+00:00
[2026-09-17T21:29:54.514+0000] {processor.py:183} INFO - Processing /opt/airflow/dags/weather_pipeline.py took 0.456 seconds
[2026-09-17T21:30:03.600+0000] {processor.py:161} INFO - Started process (PID=147) to work on /opt/airflow/dags/weather_pipeline.py
[2026-09-17T21:30:03.601+0000] {processor.py:830} INFO - Processing file /opt/airflow/dags/weather_pipeline.py for tasks to queue
[2026-09-17T21:30:03.602+0000] {logging_mixin.py:188} INFO - [2026-09-17T21:30:03.602+0000] {dagbag.py:545} INFO - Filling up the DagBag from /opt/airflow/dags/weather_pipeline.py
[2026-09-17T21:30:03.606+0000] {logging_mixin.py:188} INFO - [2026-09-17T21:30:03.605+0000] {dagbag.py:355} ERROR - Failed to import: /opt/airflow/dags/weather_pipeline.py
Traceback (most recent call last):
  File "/home/airflow/.local/lib/python3.10/site-packages/airflow/models/dagbag.py", line 351, in parse
    loader.exec_module(new_module)
  File "<frozen importlib._bootstrap_external>", line 879, in exec_module
  File "<frozen importlib._bootstrap_external>", line 1017, in get_code
  File "<frozen importlib._bootstrap_external>", line 947, in source_to_code
  File "<frozen importlib._bootstrap>", line 241, in _call_with_frames_removed
  File "/opt/airflow/dags/weather_pipeline.py", line 6
    from airflow.operators.r
                            ^
SyntaxError: invalid syntax
[2026-09-17T21:30:03.606+0000] {processor.py:842} WARNING - No viable dags retrieved from /opt/airflow/dags/weather_pipeline.py
[2026-09-17T21:30:03.643+0000] {processor.py:183} INFO - Processing /opt/airflow/dags/weather_pipeline.py took 0.051 seconds
[2026-09-17T21:30:06.715+0000] {processor.py:161} INFO - Started process (PID=148) to work on /opt/airflow/dags/weather_pipeline.py
[2026-09-17T21:30:06.718+0000] {processor.py:830} INFO - Processing file /opt/airflow/dags/weather_pipeline.py for tasks to queue
[2026-09-17T21:30:06.720+0000] {logging_mixin.py:188} INFO - [2026-09-17T21:30:06.719+0000] {dagbag.py:545} INFO - Filling up the DagBag from /opt/airflow/dags/weather_pipeline.py
[2026-09-17T21:30:06.729+0000] {logging_mixin.py:188} INFO - [2026-09-17T21:30:06.727+0000] {dagbag.py:355} ERROR - Failed to import: /opt/airflow/dags/weather_pipeline.py
Traceback (most recent call last):
  File "/home/airflow/.local/lib/python3.10/site-packages/airflow/models/dagbag.py", line 351, in parse
    loader.exec_module(new_module)
  File "<frozen importlib._bootstrap_external>", line 879, in exec_module
  File "<frozen importlib._bootstrap_external>", line 1017, in get_code
  File "<frozen importlib._bootstrap_external>", line 947, in source_to_code
  File "<frozen importlib._bootstrap>", line 241, in _call_with_frames_removed
  File "/opt/airflow/dags/weather_pipeline.py", line 6
    from airflow.operators.
                           ^
SyntaxError: invalid syntax
[2026-09-17T21:30:06.730+0000] {processor.py:842} WARNING - No viable dags retrieved from /opt/airflow/dags/weather_pipeline.py
[2026-09-17T21:30:06.802+0000] {processor.py:183} INFO - Processing /opt/airflow/dags/weather_pipeline.py took 0.105 seconds
[2026-09-17T21:30:09.762+0000] {processor.py:161} INFO - Started process (PID=149) to work on /opt/airflow/dags/weather_pipeline.py
[2026-09-17T21:30:09.764+0000] {processor.py:830} INFO - Processing file /opt/airflow/dags/weather_pipeline.py for tasks to queue
[2026-09-17T21:30:09.767+0000] {logging_mixin.py:188} INFO - [2026-09-17T21:30:09.766+0000] {dagbag.py:545} INFO - Filling up the DagBag from /opt/airflow/dags/weather_pipeline.py
[2026-09-17T21:30:09.777+0000] {logging_mixin.py:188} INFO - [2026-09-17T21:30:09.775+0000] {dagbag.py:355} ERROR - Failed to import: /opt/airflow/dags/weather_pipeline.py
Traceback (most recent call last):
  File "/home/airflow/.local/lib/python3.10/site-packages/airflow/models/dagbag.py", line 351, in parse
    loader.exec_module(new_module)
  File "<frozen importlib._bootstrap_external>", line 879, in exec_module
  File "<frozen importlib._bootstrap_external>", line 1017, in get_code
  File "<frozen importlib._bootstrap_external>", line 947, in source_to_code
  File "<frozen importlib._bootstrap>", line 241, in _call_with_frames_removed
  File "/opt/airflow/dags/weather_pipeline.py", line 6
    from airflow.operator
                         ^
SyntaxError: invalid syntax
[2026-09-17T21:30:09.778+0000] {processor.py:842} WARNING - No viable dags retrieved from /opt/airflow/dags/weather_pipeline.py
[2026-09-17T21:30:09.871+0000] {processor.py:183} INFO - Processing /opt/airflow/dags/weather_pipeline.py took 0.132 seconds
[2026-09-17T21:30:12.927+0000] {processor.py:161} INFO - Started process (PID=150) to work on /opt/airflow/dags/weather_pipeline.py
[2026-09-17T21:30:12.929+0000] {processor.py:830} INFO - Processing file /opt/airflow/dags/weather_pipeline.py for tasks to queue
[2026-09-17T21:30:12.933+0000] {logging_mixin.py:188} INFO - [2026-09-17T21:30:12.931+0000] {dagbag.py:545} INFO - Filling up the DagBag from /opt/airflow/dags/weather_pipeline.py
[2026-09-17T21:30:12.944+0000] {logging_mixin.py:188} INFO - [2026-09-17T21:30:12.941+0000] {dagbag.py:355} ERROR - Failed to import: /opt/airflow/dags/weather_pipeline.py
Traceback (most recent call last):
  File "/home/airflow/.local/lib/python3.10/site-packages/airflow/models/dagbag.py", line 351, in parse
    loader.exec_module(new_module)
  File "<frozen importlib._bootstrap_external>", line 879, in exec_module
  File "<frozen importlib._bootstrap_external>", line 1017, in get_code
  File "<frozen importlib._bootstrap_external>", line 947, in source_to_code
  File "<frozen importlib._bootstrap>", line 241, in _call_with_frames_removed
  File "/opt/airflow/dags/weather_pipeline.py", line 6
    from airflow.operators.
                           ^
SyntaxError: invalid syntax
[2026-09-17T21:30:12.945+0000] {processor.py:842} WARNING - No viable dags retrieved from /opt/airflow/dags/weather_pipeline.py
[2026-09-17T21:30:13.041+0000] {processor.py:183} INFO - Processing /opt/airflow/dags/weather_pipeline.py took 0.138 seconds
[2026-09-17T21:30:22.046+0000] {processor.py:161} INFO - Started process (PID=151) to work on /opt/airflow/dags/weather_pipeline.py
[2026-09-17T21:30:22.049+0000] {processor.py:830} INFO - Processing file /opt/airflow/dags/weather_pipeline.py for tasks to queue
[2026-09-17T21:30:22.052+0000] {logging_mixin.py:188} INFO - [2026-09-17T21:30:22.051+0000] {dagbag.py:545} INFO - Filling up the DagBag from /opt/airflow/dags/weather_pipeline.py
[2026-09-17T21:30:22.112+0000] {processor.py:840} INFO - DAG(s) 'weather_pipeline' retrieved from /opt/airflow/dags/weather_pipeline.py
[2026-09-17T21:30:22.168+0000] {logging_mixin.py:188} INFO - [2026-09-17T21:30:22.167+0000] {dag.py:3096} INFO - Sync 1 DAGs
[2026-09-17T21:30:22.289+0000] {logging_mixin.py:188} INFO - [2026-09-17T21:30:22.287+0000] {dag.py:3954} INFO - Setting next_dagrun for weather_pipeline to 2026-09-17 00:00:00+00:00, run_after=2026-09-18 00:00:00+00:00
[2026-09-17T21:30:22.400+0000] {processor.py:183} INFO - Processing /opt/airflow/dags/weather_pipeline.py took 0.376 seconds
[2026-09-17T21:30:52.662+0000] {processor.py:161} INFO - Started process (PID=152) to work on /opt/airflow/dags/weather_pipeline.py
[2026-09-17T21:30:52.666+0000] {processor.py:830} INFO - Processing file /opt/airflow/dags/weather_pipeline.py for tasks to queue
[2026-09-17T21:30:52.669+0000] {logging_mixin.py:188} INFO - [2026-09-17T21:30:52.668+0000] {dagbag.py:545} INFO - Filling up the DagBag from /opt/airflow/dags/weather_pipeline.py
[2026-09-17T21:30:52.715+0000] {processor.py:840} INFO - DAG(s) 'weather_pipeline' retrieved from /opt/airflow/dags/weather_pipeline.py
[2026-09-17T21:30:52.828+0000] {logging_mixin.py:188} INFO - [2026-09-17T21:30:52.827+0000] {dag.py:3096} INFO - Sync 1 DAGs
[2026-09-17T21:30:52.889+0000] {logging_mixin.py:188} INFO - [2026-09-17T21:30:52.889+0000] {dag.py:3954} INFO - Setting next_dagrun for weather_pipeline to 2026-09-17 00:00:00+00:00, run_after=2026-09-18 00:00:00+00:00
[2026-09-17T21:30:52.919+0000] {processor.py:183} INFO - Processing /opt/airflow/dags/weather_pipeline.py took 0.277 seconds
[2026-09-17T21:31:41.674+0000] {processor.py:161} INFO - Started process (PID=51) to work on /opt/airflow/dags/weather_pipeline.py
[2026-09-17T21:31:41.676+0000] {processor.py:830} INFO - Processing file /opt/airflow/dags/weather_pipeline.py for tasks to queue
[2026-09-17T21:31:41.678+0000] {logging_mixin.py:188} INFO - [2026-09-17T21:31:41.677+0000] {dagbag.py:545} INFO - Filling up the DagBag from /opt/airflow/dags/weather_pipeline.py
[2026-09-17T21:31:41.701+0000] {processor.py:840} INFO - DAG(s) 'weather_pipeline' retrieved from /opt/airflow/dags/weather_pipeline.py
[2026-09-17T21:31:41.744+0000] {logging_mixin.py:188} INFO - [2026-09-17T21:31:41.744+0000] {dag.py:3096} INFO - Sync 1 DAGs
[2026-09-17T21:31:41.782+0000] {logging_mixin.py:188} INFO - [2026-09-17T21:31:41.782+0000] {dag.py:3954} INFO - Setting next_dagrun for weather_pipeline to 2026-09-17 00:00:00+00:00, run_after=2026-09-18 00:00:00+00:00
[2026-09-17T21:31:41.809+0000] {processor.py:183} INFO - Processing /opt/airflow/dags/weather_pipeline.py took 0.144 seconds
[2026-09-17T21:32:11.868+0000] {processor.py:161} INFO - Started process (PID=71) to work on /opt/airflow/dags/weather_pipeline.py
[2026-09-17T21:32:11.870+0000] {processor.py:830} INFO - Processing file /opt/airflow/dags/weather_pipeline.py for tasks to queue
[2026-09-17T21:32:11.872+0000] {logging_mixin.py:188} INFO - [2026-09-17T21:32:11.872+0000] {dagbag.py:545} INFO - Filling up the DagBag from /opt/airflow/dags/weather_pipeline.py
[2026-09-17T21:32:11.891+0000] {processor.py:840} INFO - DAG(s) 'weather_pipeline' retrieved from /opt/airflow/dags/weather_pipeline.py
[2026-09-17T21:32:12.065+0000] {logging_mixin.py:188} INFO - [2026-09-17T21:32:12.064+0000] {dag.py:3096} INFO - Sync 1 DAGs
[2026-09-17T21:32:12.097+0000] {logging_mixin.py:188} INFO - [2026-09-17T21:32:12.097+0000] {dag.py:3954} INFO - Setting next_dagrun for weather_pipeline to 2026-09-17 00:00:00+00:00, run_after=2026-09-18 00:00:00+00:00
[2026-09-17T21:32:12.128+0000] {processor.py:183} INFO - Processing /opt/airflow/dags/weather_pipeline.py took 0.268 seconds
[2026-09-17T21:32:42.315+0000] {processor.py:161} INFO - Started process (PID=73) to work on /opt/airflow/dags/weather_pipeline.py
[2026-09-17T21:32:42.318+0000] {processor.py:830} INFO - Processing file /opt/airflow/dags/weather_pipeline.py for tasks to queue
[2026-09-17T21:32:42.324+0000] {logging_mixin.py:188} INFO - [2026-09-17T21:32:42.323+0000] {dagbag.py:545} INFO - Filling up the DagBag from /opt/airflow/dags/weather_pipeline.py
[2026-09-17T21:32:42.372+0000] {processor.py:840} INFO - DAG(s) 'weather_pipeline' retrieved from /opt/airflow/dags/weather_pipeline.py
[2026-09-17T21:32:42.444+0000] {logging_mixin.py:188} INFO - [2026-09-17T21:32:42.444+0000] {dag.py:3096} INFO - Sync 1 DAGs
[2026-09-17T21:32:42.480+0000] {logging_mixin.py:188} INFO - [2026-09-17T21:32:42.479+0000] {dag.py:3954} INFO - Setting next_dagrun for weather_pipeline to 2026-09-17 00:00:00+00:00, run_after=2026-09-18 00:00:00+00:00
[2026-09-17T21:32:42.508+0000] {processor.py:183} INFO - Processing /opt/airflow/dags/weather_pipeline.py took 0.215 seconds
[2026-09-17T21:33:12.757+0000] {processor.py:161} INFO - Started process (PID=74) to work on /opt/airflow/dags/weather_pipeline.py
[2026-09-17T21:33:12.759+0000] {processor.py:830} INFO - Processing file /opt/airflow/dags/weather_pipeline.py for tasks to queue
[2026-09-17T21:33:12.765+0000] {logging_mixin.py:188} INFO - [2026-09-17T21:33:12.764+0000] {dagbag.py:545} INFO - Filling up the DagBag from /opt/airflow/dags/weather_pipeline.py
[2026-09-17T21:33:12.816+0000] {processor.py:840} INFO - DAG(s) 'weather_pipeline' retrieved from /opt/airflow/dags/weather_pipeline.py
[2026-09-17T21:33:12.935+0000] {logging_mixin.py:188} INFO - [2026-09-17T21:33:12.934+0000] {dag.py:3096} INFO - Sync 1 DAGs
[2026-09-17T21:33:12.995+0000] {logging_mixin.py:188} INFO - [2026-09-17T21:33:12.994+0000] {dag.py:3954} INFO - Setting next_dagrun for weather_pipeline to 2026-09-17 00:00:00+00:00, run_after=2026-09-18 00:00:00+00:00
[2026-09-17T21:33:13.033+0000] {processor.py:183} INFO - Processing /opt/airflow/dags/weather_pipeline.py took 0.297 seconds
[2026-09-17T21:33:43.284+0000] {processor.py:161} INFO - Started process (PID=75) to work on /opt/airflow/dags/weather_pipeline.py
[2026-09-17T21:33:43.287+0000] {processor.py:830} INFO - Processing file /opt/airflow/dags/weather_pipeline.py for tasks to queue
[2026-09-17T21:33:43.292+0000] {logging_mixin.py:188} INFO - [2026-09-17T21:33:43.291+0000] {dagbag.py:545} INFO - Filling up the DagBag from /opt/airflow/dags/weather_pipeline.py
[2026-09-17T21:33:43.354+0000] {processor.py:840} INFO - DAG(s) 'weather_pipeline' retrieved from /opt/airflow/dags/weather_pipeline.py
[2026-09-17T21:33:43.506+0000] {logging_mixin.py:188} INFO - [2026-09-17T21:33:43.505+0000] {dag.py:3096} INFO - Sync 1 DAGs
[2026-09-17T21:33:43.564+0000] {logging_mixin.py:188} INFO - [2026-09-17T21:33:43.563+0000] {dag.py:3954} INFO - Setting next_dagrun for weather_pipeline to 2026-09-17 00:00:00+00:00, run_after=2026-09-18 00:00:00+00:00
[2026-09-17T21:33:43.603+0000] {processor.py:183} INFO - Processing /opt/airflow/dags/weather_pipeline.py took 0.343 seconds
[2026-09-17T21:34:13.799+0000] {processor.py:161} INFO - Started process (PID=76) to work on /opt/airflow/dags/weather_pipeline.py
[2026-09-17T21:34:13.800+0000] {processor.py:830} INFO - Processing file /opt/airflow/dags/weather_pipeline.py for tasks to queue
[2026-09-17T21:34:13.803+0000] {logging_mixin.py:188} INFO - [2026-09-17T21:34:13.802+0000] {dagbag.py:545} INFO - Filling up the DagBag from /opt/airflow/dags/weather_pipeline.py
[2026-09-17T21:34:13.823+0000] {processor.py:840} INFO - DAG(s) 'weather_pipeline' retrieved from /opt/airflow/dags/weather_pipeline.py
[2026-09-17T21:34:13.873+0000] {logging_mixin.py:188} INFO - [2026-09-17T21:34:13.872+0000] {dag.py:3096} INFO - Sync 1 DAGs
[2026-09-17T21:34:13.910+0000] {logging_mixin.py:188} INFO - [2026-09-17T21:34:13.910+0000] {dag.py:3954} INFO - Setting next_dagrun for weather_pipeline to 2026-09-17 00:00:00+00:00, run_after=2026-09-18 00:00:00+00:00
[2026-09-17T21:34:13.940+0000] {processor.py:183} INFO - Processing /opt/airflow/dags/weather_pipeline.py took 0.150 seconds
[2026-09-17T21:34:44.044+0000] {processor.py:161} INFO - Started process (PID=77) to work on /opt/airflow/dags/weather_pipeline.py
[2026-09-17T21:34:44.046+0000] {processor.py:830} INFO - Processing file /opt/airflow/dags/weather_pipeline.py for tasks to queue
[2026-09-17T21:34:44.053+0000] {logging_mixin.py:188} INFO - [2026-09-17T21:34:44.052+0000] {dagbag.py:545} INFO - Filling up the DagBag from /opt/airflow/dags/weather_pipeline.py
[2026-09-17T21:34:44.093+0000] {processor.py:840} INFO - DAG(s) 'weather_pipeline' retrieved from /opt/airflow/dags/weather_pipeline.py
[2026-09-17T21:34:44.188+0000] {logging_mixin.py:188} INFO - [2026-09-17T21:34:44.187+0000] {dag.py:3096} INFO - Sync 1 DAGs
[2026-09-17T21:34:44.224+0000] {logging_mixin.py:188} INFO - [2026-09-17T21:34:44.224+0000] {dag.py:3954} INFO - Setting next_dagrun for weather_pipeline to 2026-09-17 00:00:00+00:00, run_after=2026-09-18 00:00:00+00:00
[2026-09-17T21:34:44.254+0000] {processor.py:183} INFO - Processing /opt/airflow/dags/weather_pipeline.py took 0.231 seconds
[2026-09-17T21:35:14.432+0000] {processor.py:161} INFO - Started process (PID=78) to work on /opt/airflow/dags/weather_pipeline.py
[2026-09-17T21:35:14.436+0000] {processor.py:830} INFO - Processing file /opt/airflow/dags/weather_pipeline.py for tasks to queue
[2026-09-17T21:35:14.442+0000] {logging_mixin.py:188} INFO - [2026-09-17T21:35:14.441+0000] {dagbag.py:545} INFO - Filling up the DagBag from /opt/airflow/dags/weather_pipeline.py
[2026-09-17T21:35:14.491+0000] {processor.py:840} INFO - DAG(s) 'weather_pipeline' retrieved from /opt/airflow/dags/weather_pipeline.py
[2026-09-17T21:35:14.604+0000] {logging_mixin.py:188} INFO - [2026-09-17T21:35:14.603+0000] {dag.py:3096} INFO - Sync 1 DAGs
[2026-09-17T21:35:14.690+0000] {logging_mixin.py:188} INFO - [2026-09-17T21:35:14.689+0000] {dag.py:3954} INFO - Setting next_dagrun for weather_pipeline to 2026-09-17 00:00:00+00:00, run_after=2026-09-18 00:00:00+00:00
[2026-09-17T21:35:14.732+0000] {processor.py:183} INFO - Processing /opt/airflow/dags/weather_pipeline.py took 0.320 seconds
[2026-09-17T21:35:44.958+0000] {processor.py:161} INFO - Started process (PID=79) to work on /opt/airflow/dags/weather_pipeline.py
[2026-09-17T21:35:44.959+0000] {processor.py:830} INFO - Processing file /opt/airflow/dags/weather_pipeline.py for tasks to queue
[2026-09-17T21:35:44.961+0000] {logging_mixin.py:188} INFO - [2026-09-17T21:35:44.961+0000] {dagbag.py:545} INFO - Filling up the DagBag from /opt/airflow/dags/weather_pipeline.py
[2026-09-17T21:35:44.980+0000] {processor.py:840} INFO - DAG(s) 'weather_pipeline' retrieved from /opt/airflow/dags/weather_pipeline.py
[2026-09-17T21:35:45.032+0000] {logging_mixin.py:188} INFO - [2026-09-17T21:35:45.032+0000] {dag.py:3096} INFO - Sync 1 DAGs
[2026-09-17T21:35:45.071+0000] {logging_mixin.py:188} INFO - [2026-09-17T21:35:45.071+0000] {dag.py:3954} INFO - Setting next_dagrun for weather_pipeline to 2026-09-17 00:00:00+00:00, run_after=2026-09-18 00:00:00+00:00
[2026-09-17T21:35:45.102+0000] {processor.py:183} INFO - Processing /opt/airflow/dags/weather_pipeline.py took 0.153 seconds
[2026-09-17T21:36:15.208+0000] {processor.py:161} INFO - Started process (PID=80) to work on /opt/airflow/dags/weather_pipeline.py
[2026-09-17T21:36:15.211+0000] {processor.py:830} INFO - Processing file /opt/airflow/dags/weather_pipeline.py for tasks to queue
[2026-09-17T21:36:15.216+0000] {logging_mixin.py:188} INFO - [2026-09-17T21:36:15.215+0000] {dagbag.py:545} INFO - Filling up the DagBag from /opt/airflow/dags/weather_pipeline.py
[2026-09-17T21:36:15.263+0000] {processor.py:840} INFO - DAG(s) 'weather_pipeline' retrieved from /opt/airflow/dags/weather_pipeline.py
[2026-09-17T21:36:15.398+0000] {logging_mixin.py:188} INFO - [2026-09-17T21:36:15.397+0000] {dag.py:3096} INFO - Sync 1 DAGs
[2026-09-17T21:36:15.509+0000] {logging_mixin.py:188} INFO - [2026-09-17T21:36:15.508+0000] {dag.py:3954} INFO - Setting next_dagrun for weather_pipeline to 2026-09-17 00:00:00+00:00, run_after=2026-09-18 00:00:00+00:00
[2026-09-17T21:36:15.567+0000] {processor.py:183} INFO - Processing /opt/airflow/dags/weather_pipeline.py took 0.378 seconds
[2026-09-17T21:36:45.810+0000] {processor.py:161} INFO - Started process (PID=81) to work on /opt/airflow/dags/weather_pipeline.py
[2026-09-17T21:36:45.812+0000] {processor.py:830} INFO - Processing file /opt/airflow/dags/weather_pipeline.py for tasks to queue
[2026-09-17T21:36:45.816+0000] {logging_mixin.py:188} INFO - [2026-09-17T21:36:45.815+0000] {dagbag.py:545} INFO - Filling up the DagBag from /opt/airflow/dags/weather_pipeline.py
[2026-09-17T21:36:45.838+0000] {processor.py:840} INFO - DAG(s) 'weather_pipeline' retrieved from /opt/airflow/dags/weather_pipeline.py
[2026-09-17T21:36:45.906+0000] {logging_mixin.py:188} INFO - [2026-09-17T21:36:45.905+0000] {dag.py:3096} INFO - Sync 1 DAGs
[2026-09-17T21:36:45.962+0000] {logging_mixin.py:188} INFO - [2026-09-17T21:36:45.962+0000] {dag.py:3954} INFO - Setting next_dagrun for weather_pipeline to 2026-09-17 00:00:00+00:00, run_after=2026-09-18 00:00:00+00:00
[2026-09-17T21:36:46.005+0000] {processor.py:183} INFO - Processing /opt/airflow/dags/weather_pipeline.py took 0.213 seconds
[2026-09-17T21:37:16.253+0000] {processor.py:161} INFO - Started process (PID=82) to work on /opt/airflow/dags/weather_pipeline.py
[2026-09-17T21:37:16.257+0000] {processor.py:830} INFO - Processing file /opt/airflow/dags/weather_pipeline.py for tasks to queue
[2026-09-17T21:37:16.263+0000] {logging_mixin.py:188} INFO - [2026-09-17T21:37:16.262+0000] {dagbag.py:545} INFO - Filling up the DagBag from /opt/airflow/dags/weather_pipeline.py
[2026-09-17T21:37:16.321+0000] {processor.py:840} INFO - DAG(s) 'weather_pipeline' retrieved from /opt/airflow/dags/weather_pipeline.py
[2026-09-17T21:37:16.447+0000] {logging_mixin.py:188} INFO - [2026-09-17T21:37:16.447+0000] {dag.py:3096} INFO - Sync 1 DAGs
[2026-09-17T21:37:16.542+0000] {logging_mixin.py:188} INFO - [2026-09-17T21:37:16.541+0000] {dag.py:3954} INFO - Setting next_dagrun for weather_pipeline to 2026-09-17 00:00:00+00:00, run_after=2026-09-18 00:00:00+00:00
[2026-09-17T21:37:16.615+0000] {processor.py:183} INFO - Processing /opt/airflow/dags/weather_pipeline.py took 0.382 seconds
[2026-09-17T21:37:46.923+0000] {processor.py:161} INFO - Started process (PID=83) to work on /opt/airflow/dags/weather_pipeline.py
[2026-09-17T21:37:46.925+0000] {processor.py:830} INFO - Processing file /opt/airflow/dags/weather_pipeline.py for tasks to queue
[2026-09-17T21:37:46.932+0000] {logging_mixin.py:188} INFO - [2026-09-17T21:37:46.929+0000] {dagbag.py:545} INFO - Filling up the DagBag from /opt/airflow/dags/weather_pipeline.py
[2026-09-17T21:37:46.979+0000] {processor.py:840} INFO - DAG(s) 'weather_pipeline' retrieved from /opt/airflow/dags/weather_pipeline.py
[2026-09-17T21:37:47.048+0000] {logging_mixin.py:188} INFO - [2026-09-17T21:37:47.048+0000] {dag.py:3096} INFO - Sync 1 DAGs
[2026-09-17T21:37:47.082+0000] {logging_mixin.py:188} INFO - [2026-09-17T21:37:47.082+0000] {dag.py:3954} INFO - Setting next_dagrun for weather_pipeline to 2026-09-17 00:00:00+00:00, run_after=2026-09-18 00:00:00+00:00
[2026-09-17T21:37:47.114+0000] {processor.py:183} INFO - Processing /opt/airflow/dags/weather_pipeline.py took 0.213 seconds
[2026-09-17T21:38:17.345+0000] {processor.py:161} INFO - Started process (PID=84) to work on /opt/airflow/dags/weather_pipeline.py
[2026-09-17T21:38:17.348+0000] {processor.py:830} INFO - Processing file /opt/airflow/dags/weather_pipeline.py for tasks to queue
[2026-09-17T21:38:17.356+0000] {logging_mixin.py:188} INFO - [2026-09-17T21:38:17.355+0000] {dagbag.py:545} INFO - Filling up the DagBag from /opt/airflow/dags/weather_pipeline.py
[2026-09-17T21:38:17.432+0000] {processor.py:840} INFO - DAG(s) 'weather_pipeline' retrieved from /opt/airflow/dags/weather_pipeline.py
[2026-09-17T21:38:17.540+0000] {logging_mixin.py:188} INFO - [2026-09-17T21:38:17.539+0000] {dag.py:3096} INFO - Sync 1 DAGs
[2026-09-17T21:38:17.577+0000] {logging_mixin.py:188} INFO - [2026-09-17T21:38:17.577+0000] {dag.py:3954} INFO - Setting next_dagrun for weather_pipeline to 2026-09-17 00:00:00+00:00, run_after=2026-09-18 00:00:00+00:00
[2026-09-17T21:38:17.611+0000] {processor.py:183} INFO - Processing /opt/airflow/dags/weather_pipeline.py took 0.290 seconds
[2026-09-17T21:38:47.865+0000] {processor.py:161} INFO - Started process (PID=85) to work on /opt/airflow/dags/weather_pipeline.py
[2026-09-17T21:38:47.867+0000] {processor.py:830} INFO - Processing file /opt/airflow/dags/weather_pipeline.py for tasks to queue
[2026-09-17T21:38:47.874+0000] {logging_mixin.py:188} INFO - [2026-09-17T21:38:47.873+0000] {dagbag.py:545} INFO - Filling up the DagBag from /opt/airflow/dags/weather_pipeline.py
[2026-09-17T21:38:47.927+0000] {processor.py:840} INFO - DAG(s) 'weather_pipeline' retrieved from /opt/airflow/dags/weather_pipeline.py
[2026-09-17T21:38:48.057+0000] {logging_mixin.py:188} INFO - [2026-09-17T21:38:48.056+0000] {dag.py:3096} INFO - Sync 1 DAGs
[2026-09-17T21:38:48.096+0000] {logging_mixin.py:188} INFO - [2026-09-17T21:38:48.096+0000] {dag.py:3954} INFO - Setting next_dagrun for weather_pipeline to 2026-09-17 00:00:00+00:00, run_after=2026-09-18 00:00:00+00:00
[2026-09-17T21:38:48.125+0000] {processor.py:183} INFO - Processing /opt/airflow/dags/weather_pipeline.py took 0.288 seconds
[2026-09-17T21:39:18.385+0000] {processor.py:161} INFO - Started process (PID=86) to work on /opt/airflow/dags/weather_pipeline.py
[2026-09-17T21:39:18.387+0000] {processor.py:830} INFO - Processing file /opt/airflow/dags/weather_pipeline.py for tasks to queue
[2026-09-17T21:39:18.393+0000] {logging_mixin.py:188} INFO - [2026-09-17T21:39:18.391+0000] {dagbag.py:545} INFO - Filling up the DagBag from /opt/airflow/dags/weather_pipeline.py
[2026-09-17T21:39:18.425+0000] {processor.py:840} INFO - DAG(s) 'weather_pipeline' retrieved from /opt/airflow/dags/weather_pipeline.py
[2026-09-17T21:39:18.472+0000] {logging_mixin.py:188} INFO - [2026-09-17T21:39:18.472+0000] {dag.py:3096} INFO - Sync 1 DAGs
[2026-09-17T21:39:18.509+0000] {logging_mixin.py:188} INFO - [2026-09-17T21:39:18.509+0000] {dag.py:3954} INFO - Setting next_dagrun for weather_pipeline to 2026-09-17 00:00:00+00:00, run_after=2026-09-18 00:00:00+00:00
[2026-09-17T21:39:18.538+0000] {processor.py:183} INFO - Processing /opt/airflow/dags/weather_pipeline.py took 0.175 seconds
[2026-09-17T21:39:48.595+0000] {processor.py:161} INFO - Started process (PID=87) to work on /opt/airflow/dags/weather_pipeline.py
[2026-09-17T21:39:48.598+0000] {processor.py:830} INFO - Processing file /opt/airflow/dags/weather_pipeline.py for tasks to queue
[2026-09-17T21:39:48.603+0000] {logging_mixin.py:188} INFO - [2026-09-17T21:39:48.602+0000] {dagbag.py:545} INFO - Filling up the DagBag from /opt/airflow/dags/weather_pipeline.py
[2026-09-17T21:39:48.650+0000] {processor.py:840} INFO - DAG(s) 'weather_pipeline' retrieved from /opt/airflow/dags/weather_pipeline.py
[2026-09-17T21:39:48.777+0000] {logging_mixin.py:188} INFO - [2026-09-17T21:39:48.777+0000] {dag.py:3096} INFO - Sync 1 DAGs
[2026-09-17T21:39:48.830+0000] {logging_mixin.py:188} INFO - [2026-09-17T21:39:48.830+0000] {dag.py:3954} INFO - Setting next_dagrun for weather_pipeline to 2026-09-17 00:00:00+00:00, run_after=2026-09-18 00:00:00+00:00
[2026-09-17T21:39:48.873+0000] {processor.py:183} INFO - Processing /opt/airflow/dags/weather_pipeline.py took 0.298 seconds
[2026-09-17T21:40:18.992+0000] {processor.py:161} INFO - Started process (PID=88) to work on /opt/airflow/dags/weather_pipeline.py
[2026-09-17T21:40:18.993+0000] {processor.py:830} INFO - Processing file /opt/airflow/dags/weather_pipeline.py for tasks to queue
[2026-09-17T21:40:18.998+0000] {logging_mixin.py:188} INFO - [2026-09-17T21:40:18.997+0000] {dagbag.py:545} INFO - Filling up the DagBag from /opt/airflow/dags/weather_pipeline.py
[2026-09-17T21:40:19.044+0000] {processor.py:840} INFO - DAG(s) 'weather_pipeline' retrieved from /opt/airflow/dags/weather_pipeline.py
[2026-09-17T21:40:19.143+0000] {logging_mixin.py:188} INFO - [2026-09-17T21:40:19.142+0000] {dag.py:3096} INFO - Sync 1 DAGs
[2026-09-17T21:40:19.200+0000] {logging_mixin.py:188} INFO - [2026-09-17T21:40:19.199+0000] {dag.py:3954} INFO - Setting next_dagrun for weather_pipeline to 2026-09-17 00:00:00+00:00, run_after=2026-09-18 00:00:00+00:00
[2026-09-17T21:40:19.231+0000] {processor.py:183} INFO - Processing /opt/airflow/dags/weather_pipeline.py took 0.256 seconds
[2026-09-17T21:40:35.278+0000] {processor.py:161} INFO - Started process (PID=89) to work on /opt/airflow/dags/weather_pipeline.py
[2026-09-17T21:40:35.282+0000] {processor.py:830} INFO - Processing file /opt/airflow/dags/weather_pipeline.py for tasks to queue
[2026-09-17T21:40:35.287+0000] {logging_mixin.py:188} INFO - [2026-09-17T21:40:35.286+0000] {dagbag.py:545} INFO - Filling up the DagBag from /opt/airflow/dags/weather_pipeline.py
[2026-09-17T21:40:35.312+0000] {logging_mixin.py:188} INFO - [2026-09-17T21:40:35.308+0000] {dagbag.py:355} ERROR - Failed to import: /opt/airflow/dags/weather_pipeline.py
Traceback (most recent call last):
  File "/home/airflow/.local/lib/python3.10/site-packages/airflow/models/dagbag.py", line 351, in parse
    loader.exec_module(new_module)
  File "<frozen importlib._bootstrap_external>", line 883, in exec_module
  File "<frozen importlib._bootstrap>", line 241, in _call_with_frames_removed
  File "/opt/airflow/dags/weather_pipeline.py", line 10, in <module>
    'retry_delay': timedelta(minutes=5),
NameError: name 'timedelta' is not defined
[2026-09-17T21:40:35.313+0000] {processor.py:842} WARNING - No viable dags retrieved from /opt/airflow/dags/weather_pipeline.py
[2026-09-17T21:40:35.407+0000] {processor.py:183} INFO - Processing /opt/airflow/dags/weather_pipeline.py took 0.149 seconds
[2026-09-17T21:40:39.391+0000] {processor.py:161} INFO - Started process (PID=90) to work on /opt/airflow/dags/weather_pipeline.py
[2026-09-17T21:40:39.392+0000] {processor.py:830} INFO - Processing file /opt/airflow/dags/weather_pipeline.py for tasks to queue
[2026-09-17T21:40:39.394+0000] {logging_mixin.py:188} INFO - [2026-09-17T21:40:39.393+0000] {dagbag.py:545} INFO - Filling up the DagBag from /opt/airflow/dags/weather_pipeline.py
[2026-09-17T21:40:39.402+0000] {logging_mixin.py:188} INFO - [2026-09-17T21:40:39.401+0000] {dagbag.py:355} ERROR - Failed to import: /opt/airflow/dags/weather_pipeline.py
Traceback (most recent call last):
  File "/home/airflow/.local/lib/python3.10/site-packages/airflow/models/dagbag.py", line 351, in parse
    loader.exec_module(new_module)
  File "<frozen importlib._bootstrap_external>", line 883, in exec_module
  File "<frozen importlib._bootstrap>", line 241, in _call_with_frames_removed
  File "/opt/airflow/dags/weather_pipeline.py", line 12, in <module>
    'retry_delay': timedelta(minutes=5),
NameError: name 'timedelta' is not defined
[2026-09-17T21:40:39.403+0000] {processor.py:842} WARNING - No viable dags retrieved from /opt/airflow/dags/weather_pipeline.py
[2026-09-17T21:40:39.437+0000] {processor.py:183} INFO - Processing /opt/airflow/dags/weather_pipeline.py took 0.055 seconds
[2026-09-17T21:40:46.459+0000] {processor.py:161} INFO - Started process (PID=91) to work on /opt/airflow/dags/weather_pipeline.py
[2026-09-17T21:40:46.461+0000] {processor.py:830} INFO - Processing file /opt/airflow/dags/weather_pipeline.py for tasks to queue
[2026-09-17T21:40:46.464+0000] {logging_mixin.py:188} INFO - [2026-09-17T21:40:46.463+0000] {dagbag.py:545} INFO - Filling up the DagBag from /opt/airflow/dags/weather_pipeline.py
[2026-09-17T21:40:46.478+0000] {logging_mixin.py:188} INFO - [2026-09-17T21:40:46.476+0000] {dagbag.py:355} ERROR - Failed to import: /opt/airflow/dags/weather_pipeline.py
Traceback (most recent call last):
  File "/home/airflow/.local/lib/python3.10/site-packages/airflow/models/dagbag.py", line 351, in parse
    loader.exec_module(new_module)
  File "<frozen importlib._bootstrap_external>", line 883, in exec_module
  File "<frozen importlib._bootstrap>", line 241, in _call_with_frames_removed
  File "/opt/airflow/dags/weather_pipeline.py", line 8, in <module>
    sys.path.append('/opt/airflow')
NameError: name 'sys' is not defined
[2026-09-17T21:40:46.479+0000] {processor.py:842} WARNING - No viable dags retrieved from /opt/airflow/dags/weather_pipeline.py
[2026-09-17T21:40:46.530+0000] {processor.py:183} INFO - Processing /opt/airflow/dags/weather_pipeline.py took 0.083 seconds
[2026-09-17T21:40:49.564+0000] {processor.py:161} INFO - Started process (PID=92) to work on /opt/airflow/dags/weather_pipeline.py
[2026-09-17T21:40:49.566+0000] {processor.py:830} INFO - Processing file /opt/airflow/dags/weather_pipeline.py for tasks to queue
[2026-09-17T21:40:49.571+0000] {logging_mixin.py:188} INFO - [2026-09-17T21:40:49.570+0000] {dagbag.py:545} INFO - Filling up the DagBag from /opt/airflow/dags/weather_pipeline.py
[2026-09-17T21:40:49.592+0000] {logging_mixin.py:188} INFO - [2026-09-17T21:40:49.589+0000] {dagbag.py:355} ERROR - Failed to import: /opt/airflow/dags/weather_pipeline.py
Traceback (most recent call last):
  File "/home/airflow/.local/lib/python3.10/site-packages/airflow/models/dagbag.py", line 351, in parse
    loader.exec_module(new_module)
  File "<frozen importlib._bootstrap_external>", line 883, in exec_module
  File "<frozen importlib._bootstrap>", line 241, in _call_with_frames_removed
  File "/opt/airflow/dags/weather_pipeline.py", line 12, in <module>
    'retry_delay': timedelta(minutes=5),
NameError: name 'timedelta' is not defined
[2026-09-17T21:40:49.593+0000] {processor.py:842} WARNING - No viable dags retrieved from /opt/airflow/dags/weather_pipeline.py
[2026-09-17T21:40:49.683+0000] {processor.py:183} INFO - Processing /opt/airflow/dags/weather_pipeline.py took 0.144 seconds
[2026-09-17T21:40:51.637+0000] {processor.py:161} INFO - Started process (PID=93) to work on /opt/airflow/dags/weather_pipeline.py
[2026-09-17T21:40:51.639+0000] {processor.py:830} INFO - Processing file /opt/airflow/dags/weather_pipeline.py for tasks to queue
[2026-09-17T21:40:51.644+0000] {logging_mixin.py:188} INFO - [2026-09-17T21:40:51.643+0000] {dagbag.py:545} INFO - Filling up the DagBag from /opt/airflow/dags/weather_pipeline.py
[2026-09-17T21:40:51.654+0000] {logging_mixin.py:188} INFO - [2026-09-17T21:40:51.652+0000] {dagbag.py:355} ERROR - Failed to import: /opt/airflow/dags/weather_pipeline.py
Traceback (most recent call last):
  File "/home/airflow/.local/lib/python3.10/site-packages/airflow/models/dagbag.py", line 351, in parse
    loader.exec_module(new_module)
  File "<frozen importlib._bootstrap_external>", line 883, in exec_module
  File "<frozen importlib._bootstrap>", line 241, in _call_with_frames_removed
  File "/opt/airflow/dags/weather_pipeline.py", line 11, in <module>
    'retry_delay': timedelta(minutes=5),
NameError: name 'timedelta' is not defined
[2026-09-17T21:40:51.656+0000] {processor.py:842} WARNING - No viable dags retrieved from /opt/airflow/dags/weather_pipeline.py
[2026-09-17T21:40:51.743+0000] {processor.py:183} INFO - Processing /opt/airflow/dags/weather_pipeline.py took 0.126 seconds
[2026-09-17T21:40:54.770+0000] {processor.py:161} INFO - Started process (PID=94) to work on /opt/airflow/dags/weather_pipeline.py
[2026-09-17T21:40:54.771+0000] {processor.py:830} INFO - Processing file /opt/airflow/dags/weather_pipeline.py for tasks to queue
[2026-09-17T21:40:54.774+0000] {logging_mixin.py:188} INFO - [2026-09-17T21:40:54.773+0000] {dagbag.py:545} INFO - Filling up the DagBag from /opt/airflow/dags/weather_pipeline.py
[2026-09-17T21:40:54.778+0000] {logging_mixin.py:188} INFO - [2026-09-17T21:40:54.777+0000] {dagbag.py:355} ERROR - Failed to import: /opt/airflow/dags/weather_pipeline.py
Traceback (most recent call last):
  File "/home/airflow/.local/lib/python3.10/site-packages/airflow/models/dagbag.py", line 351, in parse
    loader.exec_module(new_module)
  File "<frozen importlib._bootstrap_external>", line 883, in exec_module
  File "<frozen importlib._bootstrap>", line 241, in _call_with_frames_removed
  File "/opt/airflow/dags/weather_pipeline.py", line 12, in <module>
    'retry_delay': timedelta(minutes=5),
NameError: name 'timedelta' is not defined
[2026-09-17T21:40:54.779+0000] {processor.py:842} WARNING - No viable dags retrieved from /opt/airflow/dags/weather_pipeline.py
[2026-09-17T21:40:54.817+0000] {processor.py:183} INFO - Processing /opt/airflow/dags/weather_pipeline.py took 0.056 seconds
[2026-09-17T21:40:56.850+0000] {processor.py:161} INFO - Started process (PID=95) to work on /opt/airflow/dags/weather_pipeline.py
[2026-09-17T21:40:56.853+0000] {processor.py:830} INFO - Processing file /opt/airflow/dags/weather_pipeline.py for tasks to queue
[2026-09-17T21:40:56.857+0000] {logging_mixin.py:188} INFO - [2026-09-17T21:40:56.856+0000] {dagbag.py:545} INFO - Filling up the DagBag from /opt/airflow/dags/weather_pipeline.py
[2026-09-17T21:40:56.867+0000] {logging_mixin.py:188} INFO - [2026-09-17T21:40:56.864+0000] {dagbag.py:355} ERROR - Failed to import: /opt/airflow/dags/weather_pipeline.py
Traceback (most recent call last):
  File "/home/airflow/.local/lib/python3.10/site-packages/airflow/models/dagbag.py", line 351, in parse
    loader.exec_module(new_module)
  File "<frozen importlib._bootstrap_external>", line 883, in exec_module
  File "<frozen importlib._bootstrap>", line 241, in _call_with_frames_removed
  File "/opt/airflow/dags/weather_pipeline.py", line 12, in <module>
    'retry_delay': timedelt(minutes=5),
NameError: name 'timedelt' is not defined
[2026-09-17T21:40:56.868+0000] {processor.py:842} WARNING - No viable dags retrieved from /opt/airflow/dags/weather_pipeline.py
[2026-09-17T21:40:56.944+0000] {processor.py:183} INFO - Processing /opt/airflow/dags/weather_pipeline.py took 0.114 seconds
[2026-09-17T21:40:59.920+0000] {processor.py:161} INFO - Started process (PID=96) to work on /opt/airflow/dags/weather_pipeline.py
[2026-09-17T21:40:59.922+0000] {processor.py:830} INFO - Processing file /opt/airflow/dags/weather_pipeline.py for tasks to queue
[2026-09-17T21:40:59.927+0000] {logging_mixin.py:188} INFO - [2026-09-17T21:40:59.926+0000] {dagbag.py:545} INFO - Filling up the DagBag from /opt/airflow/dags/weather_pipeline.py
[2026-09-17T21:40:59.935+0000] {logging_mixin.py:188} INFO - [2026-09-17T21:40:59.933+0000] {dagbag.py:355} ERROR - Failed to import: /opt/airflow/dags/weather_pipeline.py
Traceback (most recent call last):
  File "/home/airflow/.local/lib/python3.10/site-packages/airflow/models/dagbag.py", line 351, in parse
    loader.exec_module(new_module)
  File "<frozen importlib._bootstrap_external>", line 883, in exec_module
  File "<frozen importlib._bootstrap>", line 241, in _call_with_frames_removed
  File "/opt/airflow/dags/weather_pipeline.py", line 12, in <module>
    'retry_delay': timedelta(minutes=5),
NameError: name 'timedelta' is not defined
[2026-09-17T21:40:59.937+0000] {processor.py:842} WARNING - No viable dags retrieved from /opt/airflow/dags/weather_pipeline.py
[2026-09-17T21:41:00.027+0000] {processor.py:183} INFO - Processing /opt/airflow/dags/weather_pipeline.py took 0.126 seconds
[2026-09-17T21:41:10.089+0000] {processor.py:161} INFO - Started process (PID=97) to work on /opt/airflow/dags/weather_pipeline.py
[2026-09-17T21:41:10.091+0000] {processor.py:830} INFO - Processing file /opt/airflow/dags/weather_pipeline.py for tasks to queue
[2026-09-17T21:41:10.094+0000] {logging_mixin.py:188} INFO - [2026-09-17T21:41:10.093+0000] {dagbag.py:545} INFO - Filling up the DagBag from /opt/airflow/dags/weather_pipeline.py
[2026-09-17T21:41:10.099+0000] {logging_mixin.py:188} INFO - [2026-09-17T21:41:10.098+0000] {dagbag.py:355} ERROR - Failed to import: /opt/airflow/dags/weather_pipeline.py
Traceback (most recent call last):
  File "/home/airflow/.local/lib/python3.10/site-packages/airflow/models/dagbag.py", line 351, in parse
    loader.exec_module(new_module)
  File "<frozen importlib._bootstrap_external>", line 879, in exec_module
  File "<frozen importlib._bootstrap_external>", line 1017, in get_code
  File "<frozen importlib._bootstrap_external>", line 947, in source_to_code
  File "<frozen importlib._bootstrap>", line 241, in _call_with_frames_removed
  File "/opt/airflow/dags/weather_pipeline.py", line 21
    de
    ^^^^
SyntaxError: invalid syntax. Perhaps you forgot a comma?
[2026-09-17T21:41:10.100+0000] {processor.py:842} WARNING - No viable dags retrieved from /opt/airflow/dags/weather_pipeline.py
[2026-09-17T21:41:10.189+0000] {processor.py:183} INFO - Processing /opt/airflow/dags/weather_pipeline.py took 0.110 seconds
[2026-09-17T21:41:11.138+0000] {processor.py:161} INFO - Started process (PID=98) to work on /opt/airflow/dags/weather_pipeline.py
[2026-09-17T21:41:11.139+0000] {processor.py:830} INFO - Processing file /opt/airflow/dags/weather_pipeline.py for tasks to queue
[2026-09-17T21:41:11.141+0000] {logging_mixin.py:188} INFO - [2026-09-17T21:41:11.141+0000] {dagbag.py:545} INFO - Filling up the DagBag from /opt/airflow/dags/weather_pipeline.py
[2026-09-17T21:41:11.145+0000] {logging_mixin.py:188} INFO - [2026-09-17T21:41:11.144+0000] {dagbag.py:355} ERROR - Failed to import: /opt/airflow/dags/weather_pipeline.py
Traceback (most recent call last):
  File "/home/airflow/.local/lib/python3.10/site-packages/airflow/models/dagbag.py", line 351, in parse
    loader.exec_module(new_module)
  File "<frozen importlib._bootstrap_external>", line 879, in exec_module
  File "<frozen importlib._bootstrap_external>", line 1017, in get_code
  File "<frozen importlib._bootstrap_external>", line 947, in source_to_code
  File "<frozen importlib._bootstrap>", line 241, in _call_with_frames_removed
  File "/opt/airflow/dags/weather_pipeline.py", line 21
    def
    ^^^
SyntaxError: invalid syntax
[2026-09-17T21:41:11.146+0000] {processor.py:842} WARNING - No viable dags retrieved from /opt/airflow/dags/weather_pipeline.py
[2026-09-17T21:41:11.181+0000] {processor.py:183} INFO - Processing /opt/airflow/dags/weather_pipeline.py took 0.052 seconds
[2026-09-17T21:41:14.188+0000] {processor.py:161} INFO - Started process (PID=99) to work on /opt/airflow/dags/weather_pipeline.py
[2026-09-17T21:41:14.190+0000] {processor.py:830} INFO - Processing file /opt/airflow/dags/weather_pipeline.py for tasks to queue
[2026-09-17T21:41:14.195+0000] {logging_mixin.py:188} INFO - [2026-09-17T21:41:14.194+0000] {dagbag.py:545} INFO - Filling up the DagBag from /opt/airflow/dags/weather_pipeline.py
[2026-09-17T21:41:14.204+0000] {logging_mixin.py:188} INFO - [2026-09-17T21:41:14.202+0000] {dagbag.py:355} ERROR - Failed to import: /opt/airflow/dags/weather_pipeline.py
Traceback (most recent call last):
  File "/home/airflow/.local/lib/python3.10/site-packages/airflow/models/dagbag.py", line 351, in parse
    loader.exec_module(new_module)
  File "<frozen importlib._bootstrap_external>", line 879, in exec_module
  File "<frozen importlib._bootstrap_external>", line 1017, in get_code
  File "<frozen importlib._bootstrap_external>", line 947, in source_to_code
  File "<frozen importlib._bootstrap>", line 241, in _call_with_frames_removed
  File "/opt/airflow/dags/weather_pipeline.py", line 22
    tags=["weather"],
        ^
SyntaxError: invalid syntax
[2026-09-17T21:41:14.206+0000] {processor.py:842} WARNING - No viable dags retrieved from /opt/airflow/dags/weather_pipeline.py
[2026-09-17T21:41:14.280+0000] {processor.py:183} INFO - Processing /opt/airflow/dags/weather_pipeline.py took 0.111 seconds
[2026-09-17T21:41:16.275+0000] {processor.py:161} INFO - Started process (PID=100) to work on /opt/airflow/dags/weather_pipeline.py
[2026-09-17T21:41:16.278+0000] {processor.py:830} INFO - Processing file /opt/airflow/dags/weather_pipeline.py for tasks to queue
[2026-09-17T21:41:16.282+0000] {logging_mixin.py:188} INFO - [2026-09-17T21:41:16.281+0000] {dagbag.py:545} INFO - Filling up the DagBag from /opt/airflow/dags/weather_pipeline.py
[2026-09-17T21:41:16.291+0000] {logging_mixin.py:188} INFO - [2026-09-17T21:41:16.289+0000] {dagbag.py:355} ERROR - Failed to import: /opt/airflow/dags/weather_pipeline.py
Traceback (most recent call last):
  File "/home/airflow/.local/lib/python3.10/site-packages/airflow/models/dagbag.py", line 351, in parse
    loader.exec_module(new_module)
  File "<frozen importlib._bootstrap_external>", line 879, in exec_module
  File "<frozen importlib._bootstrap_external>", line 1017, in get_code
  File "<frozen importlib._bootstrap_external>", line 947, in source_to_code
  File "<frozen importlib._bootstrap>", line 241, in _call_with_frames_removed
  File "/opt/airflow/dags/weather_pipeline.py", line 21
    default_args=de
                 
SyntaxError: invalid syntax. Perhaps you forgot a comma?
[2026-09-17T21:41:16.292+0000] {processor.py:842} WARNING - No viable dags retrieved from /opt/airflow/dags/weather_pipeline.py
[2026-09-17T21:41:16.367+0000] {processor.py:183} INFO - Processing /opt/airflow/dags/weather_pipeline.py took 0.112 seconds
[2026-09-17T21:41:19.393+0000] {processor.py:161} INFO - Started process (PID=101) to work on /opt/airflow/dags/weather_pipeline.py
[2026-09-17T21:41:19.396+0000] {processor.py:830} INFO - Processing file /opt/airflow/dags/weather_pipeline.py for tasks to queue
[2026-09-17T21:41:19.401+0000] {logging_mixin.py:188} INFO - [2026-09-17T21:41:19.400+0000] {dagbag.py:545} INFO - Filling up the DagBag from /opt/airflow/dags/weather_pipeline.py
[2026-09-17T21:41:19.411+0000] {logging_mixin.py:188} INFO - [2026-09-17T21:41:19.408+0000] {dagbag.py:355} ERROR - Failed to import: /opt/airflow/dags/weather_pipeline.py
Traceback (most recent call last):
  File "/home/airflow/.local/lib/python3.10/site-packages/airflow/models/dagbag.py", line 351, in parse
    loader.exec_module(new_module)
  File "<frozen importlib._bootstrap_external>", line 879, in exec_module
  File "<frozen importlib._bootstrap_external>", line 1017, in get_code
  File "<frozen importlib._bootstrap_external>", line 947, in source_to_code
  File "<frozen importlib._bootstrap>", line 241, in _call_with_frames_removed
  File "/opt/airflow/dags/weather_pipeline.py", line 21
    default_args=default_args
                 
SyntaxError: invalid syntax. Perhaps you forgot a comma?
[2026-09-17T21:41:19.413+0000] {processor.py:842} WARNING - No viable dags retrieved from /opt/airflow/dags/weather_pipeline.py
[2026-09-17T21:41:19.486+0000] {processor.py:183} INFO - Processing /opt/airflow/dags/weather_pipeline.py took 0.114 seconds
[2026-09-17T21:41:27.531+0000] {processor.py:161} INFO - Started process (PID=102) to work on /opt/airflow/dags/weather_pipeline.py
[2026-09-17T21:41:27.534+0000] {processor.py:830} INFO - Processing file /opt/airflow/dags/weather_pipeline.py for tasks to queue
[2026-09-17T21:41:27.539+0000] {logging_mixin.py:188} INFO - [2026-09-17T21:41:27.538+0000] {dagbag.py:545} INFO - Filling up the DagBag from /opt/airflow/dags/weather_pipeline.py
[2026-09-17T21:41:27.549+0000] {logging_mixin.py:188} INFO - [2026-09-17T21:41:27.547+0000] {dagbag.py:355} ERROR - Failed to import: /opt/airflow/dags/weather_pipeline.py
Traceback (most recent call last):
  File "/home/airflow/.local/lib/python3.10/site-packages/airflow/models/dagbag.py", line 351, in parse
    loader.exec_module(new_module)
  File "<frozen importlib._bootstrap_external>", line 883, in exec_module
  File "<frozen importlib._bootstrap>", line 241, in _call_with_frames_removed
  File "/opt/airflow/dags/weather_pipeline.py", line 12, in <module>
    'retry_delay': timedelta(minutes=5),
NameError: name 'timedelta' is not defined
[2026-09-17T21:41:27.551+0000] {processor.py:842} WARNING - No viable dags retrieved from /opt/airflow/dags/weather_pipeline.py
[2026-09-17T21:41:27.639+0000] {processor.py:183} INFO - Processing /opt/airflow/dags/weather_pipeline.py took 0.129 seconds
[2026-09-17T21:41:36.676+0000] {processor.py:161} INFO - Started process (PID=103) to work on /opt/airflow/dags/weather_pipeline.py
[2026-09-17T21:41:36.679+0000] {processor.py:830} INFO - Processing file /opt/airflow/dags/weather_pipeline.py for tasks to queue
[2026-09-17T21:41:36.683+0000] {logging_mixin.py:188} INFO - [2026-09-17T21:41:36.682+0000] {dagbag.py:545} INFO - Filling up the DagBag from /opt/airflow/dags/weather_pipeline.py
[2026-09-17T21:41:36.692+0000] {logging_mixin.py:188} INFO - [2026-09-17T21:41:36.690+0000] {dagbag.py:355} ERROR - Failed to import: /opt/airflow/dags/weather_pipeline.py
Traceback (most recent call last):
  File "/home/airflow/.local/lib/python3.10/site-packages/airflow/models/dagbag.py", line 351, in parse
    loader.exec_module(new_module)
  File "<frozen importlib._bootstrap_external>", line 883, in exec_module
  File "<frozen importlib._bootstrap>", line 241, in _call_with_frames_removed
  File "/opt/airflow/dags/weather_pipeline.py", line 11, in <module>
    'retry_delay': timedelta(minutes=5),
NameError: name 'timedelta' is not defined
[2026-09-17T21:41:36.693+0000] {processor.py:842} WARNING - No viable dags retrieved from /opt/airflow/dags/weather_pipeline.py
[2026-09-17T21:41:36.771+0000] {processor.py:183} INFO - Processing /opt/airflow/dags/weather_pipeline.py took 0.118 seconds
[2026-09-17T21:41:40.800+0000] {processor.py:161} INFO - Started process (PID=104) to work on /opt/airflow/dags/weather_pipeline.py
[2026-09-17T21:41:40.803+0000] {processor.py:830} INFO - Processing file /opt/airflow/dags/weather_pipeline.py for tasks to queue
[2026-09-17T21:41:40.808+0000] {logging_mixin.py:188} INFO - [2026-09-17T21:41:40.807+0000] {dagbag.py:545} INFO - Filling up the DagBag from /opt/airflow/dags/weather_pipeline.py
[2026-09-17T21:41:40.817+0000] {logging_mixin.py:188} INFO - [2026-09-17T21:41:40.815+0000] {dagbag.py:355} ERROR - Failed to import: /opt/airflow/dags/weather_pipeline.py
Traceback (most recent call last):
  File "/home/airflow/.local/lib/python3.10/site-packages/airflow/models/dagbag.py", line 351, in parse
    loader.exec_module(new_module)
  File "<frozen importlib._bootstrap_external>", line 879, in exec_module
  File "<frozen importlib._bootstrap_external>", line 1017, in get_code
  File "<frozen importlib._bootstrap_external>", line 947, in source_to_code
  File "<frozen importlib._bootstrap>", line 241, in _call_with_frames_removed
  File "/opt/airflow/dags/weather_pipeline.py", line 4
    from airflow.operators.python import PythonOperatorfrom scripts.script_01_extract import extract
                                                            ^^^^^^^
SyntaxError: invalid syntax
[2026-09-17T21:41:40.819+0000] {processor.py:842} WARNING - No viable dags retrieved from /opt/airflow/dags/weather_pipeline.py
[2026-09-17T21:41:40.898+0000] {processor.py:183} INFO - Processing /opt/airflow/dags/weather_pipeline.py took 0.125 seconds
[2026-09-17T21:41:48.975+0000] {processor.py:161} INFO - Started process (PID=105) to work on /opt/airflow/dags/weather_pipeline.py
[2026-09-17T21:41:48.979+0000] {processor.py:830} INFO - Processing file /opt/airflow/dags/weather_pipeline.py for tasks to queue
[2026-09-17T21:41:48.982+0000] {logging_mixin.py:188} INFO - [2026-09-17T21:41:48.981+0000] {dagbag.py:545} INFO - Filling up the DagBag from /opt/airflow/dags/weather_pipeline.py
[2026-09-17T21:41:48.991+0000] {logging_mixin.py:188} INFO - [2026-09-17T21:41:48.989+0000] {dagbag.py:355} ERROR - Failed to import: /opt/airflow/dags/weather_pipeline.py
Traceback (most recent call last):
  File "/home/airflow/.local/lib/python3.10/site-packages/airflow/models/dagbag.py", line 351, in parse
    loader.exec_module(new_module)
  File "<frozen importlib._bootstrap_external>", line 879, in exec_module
  File "<frozen importlib._bootstrap_external>", line 1017, in get_code
  File "<frozen importlib._bootstrap_external>", line 947, in source_to_code
  File "<frozen importlib._bootstrap>", line 241, in _call_with_frames_removed
  File "/opt/airflow/dags/weather_pipeline.py", line 5
    scripts.script_01_extract import extract
                              ^^^^^^
SyntaxError: invalid syntax
[2026-09-17T21:41:48.993+0000] {processor.py:842} WARNING - No viable dags retrieved from /opt/airflow/dags/weather_pipeline.py
[2026-09-17T21:41:49.076+0000] {processor.py:183} INFO - Processing /opt/airflow/dags/weather_pipeline.py took 0.119 seconds
[2026-09-17T21:41:52.061+0000] {processor.py:161} INFO - Started process (PID=106) to work on /opt/airflow/dags/weather_pipeline.py
[2026-09-17T21:41:52.063+0000] {processor.py:830} INFO - Processing file /opt/airflow/dags/weather_pipeline.py for tasks to queue
[2026-09-17T21:41:52.066+0000] {logging_mixin.py:188} INFO - [2026-09-17T21:41:52.065+0000] {dagbag.py:545} INFO - Filling up the DagBag from /opt/airflow/dags/weather_pipeline.py
[2026-09-17T21:41:52.076+0000] {logging_mixin.py:188} INFO - [2026-09-17T21:41:52.073+0000] {dagbag.py:355} ERROR - Failed to import: /opt/airflow/dags/weather_pipeline.py
Traceback (most recent call last):
  File "/home/airflow/.local/lib/python3.10/site-packages/airflow/models/dagbag.py", line 351, in parse
    loader.exec_module(new_module)
  File "<frozen importlib._bootstrap_external>", line 879, in exec_module
  File "<frozen importlib._bootstrap_external>", line 1017, in get_code
  File "<frozen importlib._bootstrap_external>", line 947, in source_to_code
  File "<frozen importlib._bootstrap>", line 241, in _call_with_frames_removed
  File "/opt/airflow/dags/weather_pipeline.py", line 5
    scripts.script_01_extract import extract
                              ^^^^^^
SyntaxError: invalid syntax
[2026-09-17T21:41:52.077+0000] {processor.py:842} WARNING - No viable dags retrieved from /opt/airflow/dags/weather_pipeline.py
[2026-09-17T21:41:52.158+0000] {processor.py:183} INFO - Processing /opt/airflow/dags/weather_pipeline.py took 0.120 seconds
[2026-09-17T21:41:56.188+0000] {processor.py:161} INFO - Started process (PID=107) to work on /opt/airflow/dags/weather_pipeline.py
[2026-09-17T21:41:56.190+0000] {processor.py:830} INFO - Processing file /opt/airflow/dags/weather_pipeline.py for tasks to queue
[2026-09-17T21:41:56.193+0000] {logging_mixin.py:188} INFO - [2026-09-17T21:41:56.192+0000] {dagbag.py:545} INFO - Filling up the DagBag from /opt/airflow/dags/weather_pipeline.py
[2026-09-17T21:41:56.206+0000] {logging_mixin.py:188} INFO - [2026-09-17T21:41:56.203+0000] {dagbag.py:355} ERROR - Failed to import: /opt/airflow/dags/weather_pipeline.py
Traceback (most recent call last):
  File "/home/airflow/.local/lib/python3.10/site-packages/airflow/models/dagbag.py", line 351, in parse
    loader.exec_module(new_module)
  File "<frozen importlib._bootstrap_external>", line 883, in exec_module
  File "<frozen importlib._bootstrap>", line 241, in _call_with_frames_removed
  File "/opt/airflow/dags/weather_pipeline.py", line 5, in <module>
    from scripts.script_01_extract import extract
ModuleNotFoundError: No module named 'scripts.script_01_extract'
[2026-09-17T21:41:56.210+0000] {processor.py:842} WARNING - No viable dags retrieved from /opt/airflow/dags/weather_pipeline.py
[2026-09-17T21:41:56.298+0000] {processor.py:183} INFO - Processing /opt/airflow/dags/weather_pipeline.py took 0.131 seconds
[2026-09-17T21:42:00.258+0000] {processor.py:161} INFO - Started process (PID=108) to work on /opt/airflow/dags/weather_pipeline.py
[2026-09-17T21:42:00.259+0000] {processor.py:830} INFO - Processing file /opt/airflow/dags/weather_pipeline.py for tasks to queue
[2026-09-17T21:42:00.260+0000] {logging_mixin.py:188} INFO - [2026-09-17T21:42:00.260+0000] {dagbag.py:545} INFO - Filling up the DagBag from /opt/airflow/dags/weather_pipeline.py
[2026-09-17T21:42:00.265+0000] {logging_mixin.py:188} INFO - [2026-09-17T21:42:00.264+0000] {dagbag.py:355} ERROR - Failed to import: /opt/airflow/dags/weather_pipeline.py
Traceback (most recent call last):
  File "/home/airflow/.local/lib/python3.10/site-packages/airflow/models/dagbag.py", line 351, in parse
    loader.exec_module(new_module)
  File "<frozen importlib._bootstrap_external>", line 883, in exec_module
  File "<frozen importlib._bootstrap>", line 241, in _call_with_frames_removed
  File "/opt/airflow/dags/weather_pipeline.py", line 5, in <module>
    from scripts.script_01_extract import e
ModuleNotFoundError: No module named 'scripts.script_01_extract'
[2026-09-17T21:42:00.266+0000] {processor.py:842} WARNING - No viable dags retrieved from /opt/airflow/dags/weather_pipeline.py
[2026-09-17T21:42:00.306+0000] {processor.py:183} INFO - Processing /opt/airflow/dags/weather_pipeline.py took 0.056 seconds
[2026-09-17T21:42:01.298+0000] {processor.py:161} INFO - Started process (PID=109) to work on /opt/airflow/dags/weather_pipeline.py
[2026-09-17T21:42:01.301+0000] {processor.py:830} INFO - Processing file /opt/airflow/dags/weather_pipeline.py for tasks to queue
[2026-09-17T21:42:01.303+0000] {logging_mixin.py:188} INFO - [2026-09-17T21:42:01.302+0000] {dagbag.py:545} INFO - Filling up the DagBag from /opt/airflow/dags/weather_pipeline.py
[2026-09-17T21:42:01.315+0000] {logging_mixin.py:188} INFO - [2026-09-17T21:42:01.312+0000] {dagbag.py:355} ERROR - Failed to import: /opt/airflow/dags/weather_pipeline.py
Traceback (most recent call last):
  File "/home/airflow/.local/lib/python3.10/site-packages/airflow/models/dagbag.py", line 351, in parse
    loader.exec_module(new_module)
  File "<frozen importlib._bootstrap_external>", line 883, in exec_module
  File "<frozen importlib._bootstrap>", line 241, in _call_with_frames_removed
  File "/opt/airflow/dags/weather_pipeline.py", line 5, in <module>
    from scripts.script_01_extract import run_extraction
ModuleNotFoundError: No module named 'scripts.script_01_extract'
[2026-09-17T21:42:01.316+0000] {processor.py:842} WARNING - No viable dags retrieved from /opt/airflow/dags/weather_pipeline.py
[2026-09-17T21:42:01.404+0000] {processor.py:183} INFO - Processing /opt/airflow/dags/weather_pipeline.py took 0.126 seconds
[2026-09-17T21:42:03.402+0000] {processor.py:161} INFO - Started process (PID=110) to work on /opt/airflow/dags/weather_pipeline.py
[2026-09-17T21:42:03.405+0000] {processor.py:830} INFO - Processing file /opt/airflow/dags/weather_pipeline.py for tasks to queue
[2026-09-17T21:42:03.407+0000] {logging_mixin.py:188} INFO - [2026-09-17T21:42:03.406+0000] {dagbag.py:545} INFO - Filling up the DagBag from /opt/airflow/dags/weather_pipeline.py
[2026-09-17T21:42:03.419+0000] {logging_mixin.py:188} INFO - [2026-09-17T21:42:03.415+0000] {dagbag.py:355} ERROR - Failed to import: /opt/airflow/dags/weather_pipeline.py
Traceback (most recent call last):
  File "/home/airflow/.local/lib/python3.10/site-packages/airflow/models/dagbag.py", line 351, in parse
    loader.exec_module(new_module)
  File "<frozen importlib._bootstrap_external>", line 879, in exec_module
  File "<frozen importlib._bootstrap_external>", line 1017, in get_code
  File "<frozen importlib._bootstrap_external>", line 947, in source_to_code
  File "<frozen importlib._bootstrap>", line 241, in _call_with_frames_removed
  File "/opt/airflow/dags/weather_pipeline.py", line 6
    from scripts.script_02_transform import 
                                            ^
SyntaxError: invalid syntax
[2026-09-17T21:42:03.420+0000] {processor.py:842} WARNING - No viable dags retrieved from /opt/airflow/dags/weather_pipeline.py
[2026-09-17T21:42:03.529+0000] {processor.py:183} INFO - Processing /opt/airflow/dags/weather_pipeline.py took 0.149 seconds
[2026-09-17T21:42:04.485+0000] {processor.py:161} INFO - Started process (PID=111) to work on /opt/airflow/dags/weather_pipeline.py
[2026-09-17T21:42:04.486+0000] {processor.py:830} INFO - Processing file /opt/airflow/dags/weather_pipeline.py for tasks to queue
[2026-09-17T21:42:04.488+0000] {logging_mixin.py:188} INFO - [2026-09-17T21:42:04.487+0000] {dagbag.py:545} INFO - Filling up the DagBag from /opt/airflow/dags/weather_pipeline.py
[2026-09-17T21:42:04.496+0000] {logging_mixin.py:188} INFO - [2026-09-17T21:42:04.493+0000] {dagbag.py:355} ERROR - Failed to import: /opt/airflow/dags/weather_pipeline.py
Traceback (most recent call last):
  File "/home/airflow/.local/lib/python3.10/site-packages/airflow/models/dagbag.py", line 351, in parse
    loader.exec_module(new_module)
  File "<frozen importlib._bootstrap_external>", line 883, in exec_module
  File "<frozen importlib._bootstrap>", line 241, in _call_with_frames_removed
  File "/opt/airflow/dags/weather_pipeline.py", line 5, in <module>
    from scripts.script_01_extract import run_extraction
ModuleNotFoundError: No module named 'scripts.script_01_extract'
[2026-09-17T21:42:04.497+0000] {processor.py:842} WARNING - No viable dags retrieved from /opt/airflow/dags/weather_pipeline.py
[2026-09-17T21:42:04.534+0000] {processor.py:183} INFO - Processing /opt/airflow/dags/weather_pipeline.py took 0.062 seconds
[2026-09-17T21:42:05.497+0000] {processor.py:161} INFO - Started process (PID=112) to work on /opt/airflow/dags/weather_pipeline.py
[2026-09-17T21:42:05.498+0000] {processor.py:830} INFO - Processing file /opt/airflow/dags/weather_pipeline.py for tasks to queue
[2026-09-17T21:42:05.499+0000] {logging_mixin.py:188} INFO - [2026-09-17T21:42:05.499+0000] {dagbag.py:545} INFO - Filling up the DagBag from /opt/airflow/dags/weather_pipeline.py
[2026-09-17T21:42:05.506+0000] {logging_mixin.py:188} INFO - [2026-09-17T21:42:05.505+0000] {dagbag.py:355} ERROR - Failed to import: /opt/airflow/dags/weather_pipeline.py
Traceback (most recent call last):
  File "/home/airflow/.local/lib/python3.10/site-packages/airflow/models/dagbag.py", line 351, in parse
    loader.exec_module(new_module)
  File "<frozen importlib._bootstrap_external>", line 883, in exec_module
  File "<frozen importlib._bootstrap>", line 241, in _call_with_frames_removed
  File "/opt/airflow/dags/weather_pipeline.py", line 5, in <module>
    from scripts.script_01_extract import run_extraction
ModuleNotFoundError: No module named 'scripts.script_01_extract'
[2026-09-17T21:42:05.507+0000] {processor.py:842} WARNING - No viable dags retrieved from /opt/airflow/dags/weather_pipeline.py
[2026-09-17T21:42:05.542+0000] {processor.py:183} INFO - Processing /opt/airflow/dags/weather_pipeline.py took 0.055 seconds
[2026-09-17T21:42:08.561+0000] {processor.py:161} INFO - Started process (PID=113) to work on /opt/airflow/dags/weather_pipeline.py
[2026-09-17T21:42:08.565+0000] {processor.py:830} INFO - Processing file /opt/airflow/dags/weather_pipeline.py for tasks to queue
[2026-09-17T21:42:08.570+0000] {logging_mixin.py:188} INFO - [2026-09-17T21:42:08.568+0000] {dagbag.py:545} INFO - Filling up the DagBag from /opt/airflow/dags/weather_pipeline.py
[2026-09-17T21:42:08.586+0000] {logging_mixin.py:188} INFO - [2026-09-17T21:42:08.583+0000] {dagbag.py:355} ERROR - Failed to import: /opt/airflow/dags/weather_pipeline.py
Traceback (most recent call last):
  File "/home/airflow/.local/lib/python3.10/site-packages/airflow/models/dagbag.py", line 351, in parse
    loader.exec_module(new_module)
  File "<frozen importlib._bootstrap_external>", line 883, in exec_module
  File "<frozen importlib._bootstrap>", line 241, in _call_with_frames_removed
  File "/opt/airflow/dags/weather_pipeline.py", line 5, in <module>
    from scripts.script_01_extract import run_extraction
ModuleNotFoundError: No module named 'scripts.script_01_extract'
[2026-09-17T21:42:08.588+0000] {processor.py:842} WARNING - No viable dags retrieved from /opt/airflow/dags/weather_pipeline.py
[2026-09-17T21:42:08.681+0000] {processor.py:183} INFO - Processing /opt/airflow/dags/weather_pipeline.py took 0.147 seconds
[2026-09-17T21:42:14.664+0000] {processor.py:161} INFO - Started process (PID=114) to work on /opt/airflow/dags/weather_pipeline.py
[2026-09-17T21:42:14.666+0000] {processor.py:830} INFO - Processing file /opt/airflow/dags/weather_pipeline.py for tasks to queue
[2026-09-17T21:42:14.669+0000] {logging_mixin.py:188} INFO - [2026-09-17T21:42:14.668+0000] {dagbag.py:545} INFO - Filling up the DagBag from /opt/airflow/dags/weather_pipeline.py
[2026-09-17T21:42:14.681+0000] {logging_mixin.py:188} INFO - [2026-09-17T21:42:14.678+0000] {dagbag.py:355} ERROR - Failed to import: /opt/airflow/dags/weather_pipeline.py
Traceback (most recent call last):
  File "/home/airflow/.local/lib/python3.10/site-packages/airflow/models/dagbag.py", line 351, in parse
    loader.exec_module(new_module)
  File "<frozen importlib._bootstrap_external>", line 883, in exec_module
  File "<frozen importlib._bootstrap>", line 241, in _call_with_frames_removed
  File "/opt/airflow/dags/weather_pipeline.py", line 5, in <module>
    from scripts.script_01_extract import run_extraction
ModuleNotFoundError: No module named 'scripts.script_01_extract'
[2026-09-17T21:42:14.682+0000] {processor.py:842} WARNING - No viable dags retrieved from /opt/airflow/dags/weather_pipeline.py
[2026-09-17T21:42:14.781+0000] {processor.py:183} INFO - Processing /opt/airflow/dags/weather_pipeline.py took 0.139 seconds
[2026-09-17T21:42:15.780+0000] {processor.py:161} INFO - Started process (PID=115) to work on /opt/airflow/dags/weather_pipeline.py
[2026-09-17T21:42:15.781+0000] {processor.py:830} INFO - Processing file /opt/airflow/dags/weather_pipeline.py for tasks to queue
[2026-09-17T21:42:15.782+0000] {logging_mixin.py:188} INFO - [2026-09-17T21:42:15.782+0000] {dagbag.py:545} INFO - Filling up the DagBag from /opt/airflow/dags/weather_pipeline.py
[2026-09-17T21:42:15.786+0000] {logging_mixin.py:188} INFO - [2026-09-17T21:42:15.785+0000] {dagbag.py:355} ERROR - Failed to import: /opt/airflow/dags/weather_pipeline.py
Traceback (most recent call last):
  File "/home/airflow/.local/lib/python3.10/site-packages/airflow/models/dagbag.py", line 351, in parse
    loader.exec_module(new_module)
  File "<frozen importlib._bootstrap_external>", line 879, in exec_module
  File "<frozen importlib._bootstrap_external>", line 1017, in get_code
  File "<frozen importlib._bootstrap_external>", line 947, in source_to_code
  File "<frozen importlib._bootstrap>", line 241, in _call_with_frames_removed
  File "/opt/airflow/dags/weather_pipeline.py", line 29
    python_callable=,
                    ^
SyntaxError: invalid syntax
[2026-09-17T21:42:15.786+0000] {processor.py:842} WARNING - No viable dags retrieved from /opt/airflow/dags/weather_pipeline.py
[2026-09-17T21:42:15.819+0000] {processor.py:183} INFO - Processing /opt/airflow/dags/weather_pipeline.py took 0.049 seconds
[2026-09-17T21:42:17.875+0000] {processor.py:161} INFO - Started process (PID=116) to work on /opt/airflow/dags/weather_pipeline.py
[2026-09-17T21:42:17.877+0000] {processor.py:830} INFO - Processing file /opt/airflow/dags/weather_pipeline.py for tasks to queue
[2026-09-17T21:42:17.880+0000] {logging_mixin.py:188} INFO - [2026-09-17T21:42:17.879+0000] {dagbag.py:545} INFO - Filling up the DagBag from /opt/airflow/dags/weather_pipeline.py
[2026-09-17T21:42:17.892+0000] {logging_mixin.py:188} INFO - [2026-09-17T21:42:17.890+0000] {dagbag.py:355} ERROR - Failed to import: /opt/airflow/dags/weather_pipeline.py
Traceback (most recent call last):
  File "/home/airflow/.local/lib/python3.10/site-packages/airflow/models/dagbag.py", line 351, in parse
    loader.exec_module(new_module)
  File "<frozen importlib._bootstrap_external>", line 883, in exec_module
  File "<frozen importlib._bootstrap>", line 241, in _call_with_frames_removed
  File "/opt/airflow/dags/weather_pipeline.py", line 5, in <module>
    from scripts.script_01_extract import run_extraction
ModuleNotFoundError: No module named 'scripts.script_01_extract'
[2026-09-17T21:42:17.894+0000] {processor.py:842} WARNING - No viable dags retrieved from /opt/airflow/dags/weather_pipeline.py
[2026-09-17T21:42:17.962+0000] {processor.py:183} INFO - Processing /opt/airflow/dags/weather_pipeline.py took 0.105 seconds
[2026-09-17T21:42:20.936+0000] {processor.py:161} INFO - Started process (PID=117) to work on /opt/airflow/dags/weather_pipeline.py
[2026-09-17T21:42:20.939+0000] {processor.py:830} INFO - Processing file /opt/airflow/dags/weather_pipeline.py for tasks to queue
[2026-09-17T21:42:20.943+0000] {logging_mixin.py:188} INFO - [2026-09-17T21:42:20.942+0000] {dagbag.py:545} INFO - Filling up the DagBag from /opt/airflow/dags/weather_pipeline.py
[2026-09-17T21:42:20.955+0000] {logging_mixin.py:188} INFO - [2026-09-17T21:42:20.952+0000] {dagbag.py:355} ERROR - Failed to import: /opt/airflow/dags/weather_pipeline.py
Traceback (most recent call last):
  File "/home/airflow/.local/lib/python3.10/site-packages/airflow/models/dagbag.py", line 351, in parse
    loader.exec_module(new_module)
  File "<frozen importlib._bootstrap_external>", line 883, in exec_module
  File "<frozen importlib._bootstrap>", line 241, in _call_with_frames_removed
  File "/opt/airflow/dags/weather_pipeline.py", line 5, in <module>
    from scripts.script_01_extract import run_extraction
ModuleNotFoundError: No module named 'scripts.script_01_extract'
[2026-09-17T21:42:20.957+0000] {processor.py:842} WARNING - No viable dags retrieved from /opt/airflow/dags/weather_pipeline.py
[2026-09-17T21:42:21.046+0000] {processor.py:183} INFO - Processing /opt/airflow/dags/weather_pipeline.py took 0.131 seconds
[2026-09-17T21:42:24.054+0000] {processor.py:161} INFO - Started process (PID=118) to work on /opt/airflow/dags/weather_pipeline.py
[2026-09-17T21:42:24.057+0000] {processor.py:830} INFO - Processing file /opt/airflow/dags/weather_pipeline.py for tasks to queue
[2026-09-17T21:42:24.060+0000] {logging_mixin.py:188} INFO - [2026-09-17T21:42:24.059+0000] {dagbag.py:545} INFO - Filling up the DagBag from /opt/airflow/dags/weather_pipeline.py
[2026-09-17T21:42:24.070+0000] {logging_mixin.py:188} INFO - [2026-09-17T21:42:24.068+0000] {dagbag.py:355} ERROR - Failed to import: /opt/airflow/dags/weather_pipeline.py
Traceback (most recent call last):
  File "/home/airflow/.local/lib/python3.10/site-packages/airflow/models/dagbag.py", line 351, in parse
    loader.exec_module(new_module)
  File "<frozen importlib._bootstrap_external>", line 883, in exec_module
  File "<frozen importlib._bootstrap>", line 241, in _call_with_frames_removed
  File "/opt/airflow/dags/weather_pipeline.py", line 5, in <module>
    from scripts.script_01_extract import run_extraction
ModuleNotFoundError: No module named 'scripts.script_01_extract'
[2026-09-17T21:42:24.071+0000] {processor.py:842} WARNING - No viable dags retrieved from /opt/airflow/dags/weather_pipeline.py
[2026-09-17T21:42:24.143+0000] {processor.py:183} INFO - Processing /opt/airflow/dags/weather_pipeline.py took 0.105 seconds
[2026-09-17T21:42:27.152+0000] {processor.py:161} INFO - Started process (PID=119) to work on /opt/airflow/dags/weather_pipeline.py
[2026-09-17T21:42:27.154+0000] {processor.py:830} INFO - Processing file /opt/airflow/dags/weather_pipeline.py for tasks to queue
[2026-09-17T21:42:27.157+0000] {logging_mixin.py:188} INFO - [2026-09-17T21:42:27.156+0000] {dagbag.py:545} INFO - Filling up the DagBag from /opt/airflow/dags/weather_pipeline.py
[2026-09-17T21:42:27.169+0000] {logging_mixin.py:188} INFO - [2026-09-17T21:42:27.167+0000] {dagbag.py:355} ERROR - Failed to import: /opt/airflow/dags/weather_pipeline.py
Traceback (most recent call last):
  File "/home/airflow/.local/lib/python3.10/site-packages/airflow/models/dagbag.py", line 351, in parse
    loader.exec_module(new_module)
  File "<frozen importlib._bootstrap_external>", line 883, in exec_module
  File "<frozen importlib._bootstrap>", line 241, in _call_with_frames_removed
  File "/opt/airflow/dags/weather_pipeline.py", line 5, in <module>
    from scripts.script_01_extract import run_extraction
ModuleNotFoundError: No module named 'scripts.script_01_extract'
[2026-09-17T21:42:27.170+0000] {processor.py:842} WARNING - No viable dags retrieved from /opt/airflow/dags/weather_pipeline.py
[2026-09-17T21:42:27.248+0000] {processor.py:183} INFO - Processing /opt/airflow/dags/weather_pipeline.py took 0.117 seconds
[2026-09-17T21:42:30.247+0000] {processor.py:161} INFO - Started process (PID=120) to work on /opt/airflow/dags/weather_pipeline.py
[2026-09-17T21:42:30.250+0000] {processor.py:830} INFO - Processing file /opt/airflow/dags/weather_pipeline.py for tasks to queue
[2026-09-17T21:42:30.254+0000] {logging_mixin.py:188} INFO - [2026-09-17T21:42:30.253+0000] {dagbag.py:545} INFO - Filling up the DagBag from /opt/airflow/dags/weather_pipeline.py
[2026-09-17T21:42:30.266+0000] {logging_mixin.py:188} INFO - [2026-09-17T21:42:30.263+0000] {dagbag.py:355} ERROR - Failed to import: /opt/airflow/dags/weather_pipeline.py
Traceback (most recent call last):
  File "/home/airflow/.local/lib/python3.10/site-packages/airflow/models/dagbag.py", line 351, in parse
    loader.exec_module(new_module)
  File "<frozen importlib._bootstrap_external>", line 883, in exec_module
  File "<frozen importlib._bootstrap>", line 241, in _call_with_frames_removed
  File "/opt/airflow/dags/weather_pipeline.py", line 5, in <module>
    from scripts.script_01_extract import run_extraction
ModuleNotFoundError: No module named 'scripts.script_01_extract'
[2026-09-17T21:42:30.267+0000] {processor.py:842} WARNING - No viable dags retrieved from /opt/airflow/dags/weather_pipeline.py
[2026-09-17T21:42:30.347+0000] {processor.py:183} INFO - Processing /opt/airflow/dags/weather_pipeline.py took 0.122 seconds
[2026-09-17T21:42:33.363+0000] {processor.py:161} INFO - Started process (PID=121) to work on /opt/airflow/dags/weather_pipeline.py
[2026-09-17T21:42:33.365+0000] {processor.py:830} INFO - Processing file /opt/airflow/dags/weather_pipeline.py for tasks to queue
[2026-09-17T21:42:33.369+0000] {logging_mixin.py:188} INFO - [2026-09-17T21:42:33.367+0000] {dagbag.py:545} INFO - Filling up the DagBag from /opt/airflow/dags/weather_pipeline.py
[2026-09-17T21:42:33.387+0000] {logging_mixin.py:188} INFO - [2026-09-17T21:42:33.384+0000] {dagbag.py:355} ERROR - Failed to import: /opt/airflow/dags/weather_pipeline.py
Traceback (most recent call last):
  File "/home/airflow/.local/lib/python3.10/site-packages/airflow/models/dagbag.py", line 351, in parse
    loader.exec_module(new_module)
  File "<frozen importlib._bootstrap_external>", line 883, in exec_module
  File "<frozen importlib._bootstrap>", line 241, in _call_with_frames_removed
  File "/opt/airflow/dags/weather_pipeline.py", line 5, in <module>
    from scripts.script_01_extract import run_extraction
ModuleNotFoundError: No module named 'scripts.script_01_extract'
[2026-09-17T21:42:33.390+0000] {processor.py:842} WARNING - No viable dags retrieved from /opt/airflow/dags/weather_pipeline.py
[2026-09-17T21:42:33.476+0000] {processor.py:183} INFO - Processing /opt/airflow/dags/weather_pipeline.py took 0.134 seconds
[2026-09-17T21:43:03.674+0000] {processor.py:161} INFO - Started process (PID=122) to work on /opt/airflow/dags/weather_pipeline.py
[2026-09-17T21:43:03.677+0000] {processor.py:830} INFO - Processing file /opt/airflow/dags/weather_pipeline.py for tasks to queue
[2026-09-17T21:43:03.680+0000] {logging_mixin.py:188} INFO - [2026-09-17T21:43:03.679+0000] {dagbag.py:545} INFO - Filling up the DagBag from /opt/airflow/dags/weather_pipeline.py
[2026-09-17T21:43:03.691+0000] {logging_mixin.py:188} INFO - [2026-09-17T21:43:03.689+0000] {dagbag.py:355} ERROR - Failed to import: /opt/airflow/dags/weather_pipeline.py
Traceback (most recent call last):
  File "/home/airflow/.local/lib/python3.10/site-packages/airflow/models/dagbag.py", line 351, in parse
    loader.exec_module(new_module)
  File "<frozen importlib._bootstrap_external>", line 883, in exec_module
  File "<frozen importlib._bootstrap>", line 241, in _call_with_frames_removed
  File "/opt/airflow/dags/weather_pipeline.py", line 5, in <module>
    from scripts.script_01_extract import run_extraction
ModuleNotFoundError: No module named 'scripts.script_01_extract'
[2026-09-17T21:43:03.693+0000] {processor.py:842} WARNING - No viable dags retrieved from /opt/airflow/dags/weather_pipeline.py
[2026-09-17T21:43:03.779+0000] {processor.py:183} INFO - Processing /opt/airflow/dags/weather_pipeline.py took 0.124 seconds
[2026-09-17T21:43:33.913+0000] {processor.py:161} INFO - Started process (PID=123) to work on /opt/airflow/dags/weather_pipeline.py
[2026-09-17T21:43:33.914+0000] {processor.py:830} INFO - Processing file /opt/airflow/dags/weather_pipeline.py for tasks to queue
[2026-09-17T21:43:33.915+0000] {logging_mixin.py:188} INFO - [2026-09-17T21:43:33.915+0000] {dagbag.py:545} INFO - Filling up the DagBag from /opt/airflow/dags/weather_pipeline.py
[2026-09-17T21:43:33.921+0000] {logging_mixin.py:188} INFO - [2026-09-17T21:43:33.920+0000] {dagbag.py:355} ERROR - Failed to import: /opt/airflow/dags/weather_pipeline.py
Traceback (most recent call last):
  File "/home/airflow/.local/lib/python3.10/site-packages/airflow/models/dagbag.py", line 351, in parse
    loader.exec_module(new_module)
  File "<frozen importlib._bootstrap_external>", line 883, in exec_module
  File "<frozen importlib._bootstrap>", line 241, in _call_with_frames_removed
  File "/opt/airflow/dags/weather_pipeline.py", line 5, in <module>
    from scripts.script_01_extract import run_extraction
ModuleNotFoundError: No module named 'scripts.script_01_extract'
[2026-09-17T21:43:33.921+0000] {processor.py:842} WARNING - No viable dags retrieved from /opt/airflow/dags/weather_pipeline.py
[2026-09-17T21:43:33.955+0000] {processor.py:183} INFO - Processing /opt/airflow/dags/weather_pipeline.py took 0.050 seconds
[2026-09-17T21:44:04.166+0000] {processor.py:161} INFO - Started process (PID=124) to work on /opt/airflow/dags/weather_pipeline.py
[2026-09-17T21:44:04.170+0000] {processor.py:830} INFO - Processing file /opt/airflow/dags/weather_pipeline.py for tasks to queue
[2026-09-17T21:44:04.173+0000] {logging_mixin.py:188} INFO - [2026-09-17T21:44:04.172+0000] {dagbag.py:545} INFO - Filling up the DagBag from /opt/airflow/dags/weather_pipeline.py
[2026-09-17T21:44:04.184+0000] {logging_mixin.py:188} INFO - [2026-09-17T21:44:04.182+0000] {dagbag.py:355} ERROR - Failed to import: /opt/airflow/dags/weather_pipeline.py
Traceback (most recent call last):
  File "/home/airflow/.local/lib/python3.10/site-packages/airflow/models/dagbag.py", line 351, in parse
    loader.exec_module(new_module)
  File "<frozen importlib._bootstrap_external>", line 883, in exec_module
  File "<frozen importlib._bootstrap>", line 241, in _call_with_frames_removed
  File "/opt/airflow/dags/weather_pipeline.py", line 5, in <module>
    from scripts.script_01_extract import run_extraction
ModuleNotFoundError: No module named 'scripts.script_01_extract'
[2026-09-17T21:44:04.186+0000] {processor.py:842} WARNING - No viable dags retrieved from /opt/airflow/dags/weather_pipeline.py
[2026-09-17T21:44:04.253+0000] {processor.py:183} INFO - Processing /opt/airflow/dags/weather_pipeline.py took 0.110 seconds
[2026-09-17T21:45:05.669+0000] {processor.py:161} INFO - Started process (PID=51) to work on /opt/airflow/dags/weather_pipeline.py
[2026-09-17T21:45:05.670+0000] {processor.py:830} INFO - Processing file /opt/airflow/dags/weather_pipeline.py for tasks to queue
[2026-09-17T21:45:05.672+0000] {logging_mixin.py:188} INFO - [2026-09-17T21:45:05.672+0000] {dagbag.py:545} INFO - Filling up the DagBag from /opt/airflow/dags/weather_pipeline.py
[2026-09-17T21:45:05.678+0000] {logging_mixin.py:188} INFO - [2026-09-17T21:45:05.677+0000] {dagbag.py:355} ERROR - Failed to import: /opt/airflow/dags/weather_pipeline.py
Traceback (most recent call last):
  File "/home/airflow/.local/lib/python3.10/site-packages/airflow/models/dagbag.py", line 351, in parse
    loader.exec_module(new_module)
  File "<frozen importlib._bootstrap_external>", line 883, in exec_module
  File "<frozen importlib._bootstrap>", line 241, in _call_with_frames_removed
  File "/opt/airflow/dags/weather_pipeline.py", line 5, in <module>
    from scripts.script_01_extract import run_extraction
ModuleNotFoundError: No module named 'scripts.script_01_extract'
[2026-09-17T21:45:05.678+0000] {processor.py:842} WARNING - No viable dags retrieved from /opt/airflow/dags/weather_pipeline.py
[2026-09-17T21:45:05.711+0000] {processor.py:183} INFO - Processing /opt/airflow/dags/weather_pipeline.py took 0.050 seconds
[2026-09-17T21:45:35.884+0000] {processor.py:161} INFO - Started process (PID=71) to work on /opt/airflow/dags/weather_pipeline.py
[2026-09-17T21:45:35.888+0000] {processor.py:830} INFO - Processing file /opt/airflow/dags/weather_pipeline.py for tasks to queue
[2026-09-17T21:45:35.894+0000] {logging_mixin.py:188} INFO - [2026-09-17T21:45:35.893+0000] {dagbag.py:545} INFO - Filling up the DagBag from /opt/airflow/dags/weather_pipeline.py
[2026-09-17T21:45:35.908+0000] {logging_mixin.py:188} INFO - [2026-09-17T21:45:35.905+0000] {dagbag.py:355} ERROR - Failed to import: /opt/airflow/dags/weather_pipeline.py
Traceback (most recent call last):
  File "/home/airflow/.local/lib/python3.10/site-packages/airflow/models/dagbag.py", line 351, in parse
    loader.exec_module(new_module)
  File "<frozen importlib._bootstrap_external>", line 883, in exec_module
  File "<frozen importlib._bootstrap>", line 241, in _call_with_frames_removed
  File "/opt/airflow/dags/weather_pipeline.py", line 5, in <module>
    from scripts.script_01_extract import run_extraction
ModuleNotFoundError: No module named 'scripts.script_01_extract'
[2026-09-17T21:45:35.910+0000] {processor.py:842} WARNING - No viable dags retrieved from /opt/airflow/dags/weather_pipeline.py
[2026-09-17T21:45:36.016+0000] {processor.py:183} INFO - Processing /opt/airflow/dags/weather_pipeline.py took 0.148 seconds
[2026-09-17T21:46:03.047+0000] {processor.py:161} INFO - Started process (PID=73) to work on /opt/airflow/dags/weather_pipeline.py
[2026-09-17T21:46:03.048+0000] {processor.py:830} INFO - Processing file /opt/airflow/dags/weather_pipeline.py for tasks to queue
[2026-09-17T21:46:03.051+0000] {logging_mixin.py:188} INFO - [2026-09-17T21:46:03.050+0000] {dagbag.py:545} INFO - Filling up the DagBag from /opt/airflow/dags/weather_pipeline.py
[2026-09-17T21:46:03.055+0000] {logging_mixin.py:188} INFO - [2026-09-17T21:46:03.054+0000] {dagbag.py:355} ERROR - Failed to import: /opt/airflow/dags/weather_pipeline.py
Traceback (most recent call last):
  File "/home/airflow/.local/lib/python3.10/site-packages/airflow/models/dagbag.py", line 351, in parse
    loader.exec_module(new_module)
  File "<frozen importlib._bootstrap_external>", line 883, in exec_module
  File "<frozen importlib._bootstrap>", line 241, in _call_with_frames_removed
  File "/opt/airflow/dags/weather_pipeline.py", line 4, in <module>
    from airflow.operators import PythonOperator
ImportError: cannot import name 'PythonOperator' from 'airflow.operators' (/home/airflow/.local/lib/python3.10/site-packages/airflow/operators/__init__.py)
[2026-09-17T21:46:03.055+0000] {processor.py:842} WARNING - No viable dags retrieved from /opt/airflow/dags/weather_pipeline.py
[2026-09-17T21:46:03.090+0000] {processor.py:183} INFO - Processing /opt/airflow/dags/weather_pipeline.py took 0.053 seconds
[2026-09-17T21:46:05.088+0000] {processor.py:161} INFO - Started process (PID=74) to work on /opt/airflow/dags/weather_pipeline.py
[2026-09-17T21:46:05.090+0000] {processor.py:830} INFO - Processing file /opt/airflow/dags/weather_pipeline.py for tasks to queue
[2026-09-17T21:46:05.095+0000] {logging_mixin.py:188} INFO - [2026-09-17T21:46:05.094+0000] {dagbag.py:545} INFO - Filling up the DagBag from /opt/airflow/dags/weather_pipeline.py
[2026-09-17T21:46:05.104+0000] {logging_mixin.py:188} INFO - [2026-09-17T21:46:05.101+0000] {dagbag.py:355} ERROR - Failed to import: /opt/airflow/dags/weather_pipeline.py
Traceback (most recent call last):
  File "/home/airflow/.local/lib/python3.10/site-packages/airflow/models/dagbag.py", line 351, in parse
    loader.exec_module(new_module)
  File "<frozen importlib._bootstrap_external>", line 879, in exec_module
  File "<frozen importlib._bootstrap_external>", line 1017, in get_code
  File "<frozen importlib._bootstrap_external>", line 947, in source_to_code
  File "<frozen importlib._bootstrap>", line 241, in _call_with_frames_removed
  File "/opt/airflow/dags/weather_pipeline.py", line 4
    from airflow.operators. import PythonOperator
                            ^^^^^^
SyntaxError: invalid syntax
[2026-09-17T21:46:05.105+0000] {processor.py:842} WARNING - No viable dags retrieved from /opt/airflow/dags/weather_pipeline.py
[2026-09-17T21:46:05.187+0000] {processor.py:183} INFO - Processing /opt/airflow/dags/weather_pipeline.py took 0.118 seconds
[2026-09-17T21:46:07.183+0000] {processor.py:161} INFO - Started process (PID=75) to work on /opt/airflow/dags/weather_pipeline.py
[2026-09-17T21:46:07.185+0000] {processor.py:830} INFO - Processing file /opt/airflow/dags/weather_pipeline.py for tasks to queue
[2026-09-17T21:46:07.189+0000] {logging_mixin.py:188} INFO - [2026-09-17T21:46:07.188+0000] {dagbag.py:545} INFO - Filling up the DagBag from /opt/airflow/dags/weather_pipeline.py
[2026-09-17T21:46:07.199+0000] {logging_mixin.py:188} INFO - [2026-09-17T21:46:07.196+0000] {dagbag.py:355} ERROR - Failed to import: /opt/airflow/dags/weather_pipeline.py
Traceback (most recent call last):
  File "/home/airflow/.local/lib/python3.10/site-packages/airflow/models/dagbag.py", line 351, in parse
    loader.exec_module(new_module)
  File "<frozen importlib._bootstrap_external>", line 883, in exec_module
  File "<frozen importlib._bootstrap>", line 241, in _call_with_frames_removed
  File "/opt/airflow/dags/weather_pipeline.py", line 4, in <module>
    from airflow.operators.py import PythonOperator
ModuleNotFoundError: No module named 'airflow.operators.py'
[2026-09-17T21:46:07.200+0000] {processor.py:842} WARNING - No viable dags retrieved from /opt/airflow/dags/weather_pipeline.py
[2026-09-17T21:46:07.301+0000] {processor.py:183} INFO - Processing /opt/airflow/dags/weather_pipeline.py took 0.137 seconds
[2026-09-17T21:46:10.308+0000] {processor.py:161} INFO - Started process (PID=76) to work on /opt/airflow/dags/weather_pipeline.py
[2026-09-17T21:46:10.310+0000] {processor.py:830} INFO - Processing file /opt/airflow/dags/weather_pipeline.py for tasks to queue
[2026-09-17T21:46:10.317+0000] {logging_mixin.py:188} INFO - [2026-09-17T21:46:10.316+0000] {dagbag.py:545} INFO - Filling up the DagBag from /opt/airflow/dags/weather_pipeline.py
[2026-09-17T21:46:10.330+0000] {logging_mixin.py:188} INFO - [2026-09-17T21:46:10.327+0000] {dagbag.py:355} ERROR - Failed to import: /opt/airflow/dags/weather_pipeline.py
Traceback (most recent call last):
  File "/home/airflow/.local/lib/python3.10/site-packages/airflow/models/dagbag.py", line 351, in parse
    loader.exec_module(new_module)
  File "<frozen importlib._bootstrap_external>", line 883, in exec_module
  File "<frozen importlib._bootstrap>", line 241, in _call_with_frames_removed
  File "/opt/airflow/dags/weather_pipeline.py", line 5, in <module>
    from scripts.script_01_extract import run_extraction
ModuleNotFoundError: No module named 'scripts.script_01_extract'
[2026-09-17T21:46:10.332+0000] {processor.py:842} WARNING - No viable dags retrieved from /opt/airflow/dags/weather_pipeline.py
[2026-09-17T21:46:10.425+0000] {processor.py:183} INFO - Processing /opt/airflow/dags/weather_pipeline.py took 0.141 seconds
[2026-09-17T21:46:40.602+0000] {processor.py:161} INFO - Started process (PID=77) to work on /opt/airflow/dags/weather_pipeline.py
[2026-09-17T21:46:40.606+0000] {processor.py:830} INFO - Processing file /opt/airflow/dags/weather_pipeline.py for tasks to queue
[2026-09-17T21:46:40.611+0000] {logging_mixin.py:188} INFO - [2026-09-17T21:46:40.609+0000] {dagbag.py:545} INFO - Filling up the DagBag from /opt/airflow/dags/weather_pipeline.py
[2026-09-17T21:46:40.623+0000] {logging_mixin.py:188} INFO - [2026-09-17T21:46:40.621+0000] {dagbag.py:355} ERROR - Failed to import: /opt/airflow/dags/weather_pipeline.py
Traceback (most recent call last):
  File "/home/airflow/.local/lib/python3.10/site-packages/airflow/models/dagbag.py", line 351, in parse
    loader.exec_module(new_module)
  File "<frozen importlib._bootstrap_external>", line 883, in exec_module
  File "<frozen importlib._bootstrap>", line 241, in _call_with_frames_removed
  File "/opt/airflow/dags/weather_pipeline.py", line 5, in <module>
    from scripts.script_01_extract import run_extraction
ModuleNotFoundError: No module named 'scripts.script_01_extract'
[2026-09-17T21:46:40.624+0000] {processor.py:842} WARNING - No viable dags retrieved from /opt/airflow/dags/weather_pipeline.py
[2026-09-17T21:46:40.713+0000] {processor.py:183} INFO - Processing /opt/airflow/dags/weather_pipeline.py took 0.134 seconds
[2026-09-17T21:46:43.726+0000] {processor.py:161} INFO - Started process (PID=78) to work on /opt/airflow/dags/weather_pipeline.py
[2026-09-17T21:46:43.729+0000] {processor.py:830} INFO - Processing file /opt/airflow/dags/weather_pipeline.py for tasks to queue
[2026-09-17T21:46:43.734+0000] {logging_mixin.py:188} INFO - [2026-09-17T21:46:43.733+0000] {dagbag.py:545} INFO - Filling up the DagBag from /opt/airflow/dags/weather_pipeline.py
[2026-09-17T21:46:43.746+0000] {logging_mixin.py:188} INFO - [2026-09-17T21:46:43.744+0000] {dagbag.py:355} ERROR - Failed to import: /opt/airflow/dags/weather_pipeline.py
Traceback (most recent call last):
  File "/home/airflow/.local/lib/python3.10/site-packages/airflow/models/dagbag.py", line 351, in parse
    loader.exec_module(new_module)
  File "<frozen importlib._bootstrap_external>", line 883, in exec_module
  File "<frozen importlib._bootstrap>", line 241, in _call_with_frames_removed
  File "/opt/airflow/dags/weather_pipeline.py", line 5, in <module>
    from scripts.script_01_extract import run_extraction
ModuleNotFoundError: No module named 'scripts.script_01_extract'
[2026-09-17T21:46:43.747+0000] {processor.py:842} WARNING - No viable dags retrieved from /opt/airflow/dags/weather_pipeline.py
[2026-09-17T21:46:43.828+0000] {processor.py:183} INFO - Processing /opt/airflow/dags/weather_pipeline.py took 0.122 seconds
[2026-09-17T21:46:44.806+0000] {processor.py:161} INFO - Started process (PID=79) to work on /opt/airflow/dags/weather_pipeline.py
[2026-09-17T21:46:44.808+0000] {processor.py:830} INFO - Processing file /opt/airflow/dags/weather_pipeline.py for tasks to queue
[2026-09-17T21:46:44.813+0000] {logging_mixin.py:188} INFO - [2026-09-17T21:46:44.812+0000] {dagbag.py:545} INFO - Filling up the DagBag from /opt/airflow/dags/weather_pipeline.py
[2026-09-17T21:46:44.825+0000] {logging_mixin.py:188} INFO - [2026-09-17T21:46:44.823+0000] {dagbag.py:355} ERROR - Failed to import: /opt/airflow/dags/weather_pipeline.py
Traceback (most recent call last):
  File "/home/airflow/.local/lib/python3.10/site-packages/airflow/models/dagbag.py", line 351, in parse
    loader.exec_module(new_module)
  File "<frozen importlib._bootstrap_external>", line 883, in exec_module
  File "<frozen importlib._bootstrap>", line 241, in _call_with_frames_removed
  File "/opt/airflow/dags/weather_pipeline.py", line 5, in <module>
    from scripts.script_01_extract import run_extraction
ModuleNotFoundError: No module named 'scripts.script_01_extract'
[2026-09-17T21:46:44.827+0000] {processor.py:842} WARNING - No viable dags retrieved from /opt/airflow/dags/weather_pipeline.py
[2026-09-17T21:46:44.935+0000] {processor.py:183} INFO - Processing /opt/airflow/dags/weather_pipeline.py took 0.147 seconds
[2026-09-17T21:46:45.923+0000] {processor.py:161} INFO - Started process (PID=80) to work on /opt/airflow/dags/weather_pipeline.py
[2026-09-17T21:46:45.926+0000] {processor.py:830} INFO - Processing file /opt/airflow/dags/weather_pipeline.py for tasks to queue
[2026-09-17T21:46:45.931+0000] {logging_mixin.py:188} INFO - [2026-09-17T21:46:45.930+0000] {dagbag.py:545} INFO - Filling up the DagBag from /opt/airflow/dags/weather_pipeline.py
[2026-09-17T21:46:45.945+0000] {logging_mixin.py:188} INFO - [2026-09-17T21:46:45.942+0000] {dagbag.py:355} ERROR - Failed to import: /opt/airflow/dags/weather_pipeline.py
Traceback (most recent call last):
  File "/home/airflow/.local/lib/python3.10/site-packages/airflow/models/dagbag.py", line 351, in parse
    loader.exec_module(new_module)
  File "<frozen importlib._bootstrap_external>", line 883, in exec_module
  File "<frozen importlib._bootstrap>", line 241, in _call_with_frames_removed
  File "/opt/airflow/dags/weather_pipeline.py", line 5, in <module>
    from scripts.script_01_extract import run_extraction
ModuleNotFoundError: No module named 'scripts.script_01_extract'
[2026-09-17T21:46:45.947+0000] {processor.py:842} WARNING - No viable dags retrieved from /opt/airflow/dags/weather_pipeline.py
[2026-09-17T21:46:46.038+0000] {processor.py:183} INFO - Processing /opt/airflow/dags/weather_pipeline.py took 0.137 seconds
[2026-09-17T21:46:50.066+0000] {processor.py:161} INFO - Started process (PID=81) to work on /opt/airflow/dags/weather_pipeline.py
[2026-09-17T21:46:50.068+0000] {processor.py:830} INFO - Processing file /opt/airflow/dags/weather_pipeline.py for tasks to queue
[2026-09-17T21:46:50.075+0000] {logging_mixin.py:188} INFO - [2026-09-17T21:46:50.074+0000] {dagbag.py:545} INFO - Filling up the DagBag from /opt/airflow/dags/weather_pipeline.py
[2026-09-17T21:46:50.089+0000] {logging_mixin.py:188} INFO - [2026-09-17T21:46:50.086+0000] {dagbag.py:355} ERROR - Failed to import: /opt/airflow/dags/weather_pipeline.py
Traceback (most recent call last):
  File "/home/airflow/.local/lib/python3.10/site-packages/airflow/models/dagbag.py", line 351, in parse
    loader.exec_module(new_module)
  File "<frozen importlib._bootstrap_external>", line 883, in exec_module
  File "<frozen importlib._bootstrap>", line 241, in _call_with_frames_removed
  File "/opt/airflow/dags/weather_pipeline.py", line 5, in <module>
    from scripts.script_01_extract import run_extraction
ModuleNotFoundError: No module named 'scripts.script_01_extract'
[2026-09-17T21:46:50.091+0000] {processor.py:842} WARNING - No viable dags retrieved from /opt/airflow/dags/weather_pipeline.py
[2026-09-17T21:46:50.174+0000] {processor.py:183} INFO - Processing /opt/airflow/dags/weather_pipeline.py took 0.131 seconds
[2026-09-17T21:47:20.314+0000] {processor.py:161} INFO - Started process (PID=82) to work on /opt/airflow/dags/weather_pipeline.py
[2026-09-17T21:47:20.316+0000] {processor.py:830} INFO - Processing file /opt/airflow/dags/weather_pipeline.py for tasks to queue
[2026-09-17T21:47:20.319+0000] {logging_mixin.py:188} INFO - [2026-09-17T21:47:20.318+0000] {dagbag.py:545} INFO - Filling up the DagBag from /opt/airflow/dags/weather_pipeline.py
[2026-09-17T21:47:20.324+0000] {logging_mixin.py:188} INFO - [2026-09-17T21:47:20.323+0000] {dagbag.py:355} ERROR - Failed to import: /opt/airflow/dags/weather_pipeline.py
Traceback (most recent call last):
  File "/home/airflow/.local/lib/python3.10/site-packages/airflow/models/dagbag.py", line 351, in parse
    loader.exec_module(new_module)
  File "<frozen importlib._bootstrap_external>", line 883, in exec_module
  File "<frozen importlib._bootstrap>", line 241, in _call_with_frames_removed
  File "/opt/airflow/dags/weather_pipeline.py", line 5, in <module>
    from scripts.script_01_extract import run_extraction
ModuleNotFoundError: No module named 'scripts.script_01_extract'
[2026-09-17T21:47:20.325+0000] {processor.py:842} WARNING - No viable dags retrieved from /opt/airflow/dags/weather_pipeline.py
[2026-09-17T21:47:20.361+0000] {processor.py:183} INFO - Processing /opt/airflow/dags/weather_pipeline.py took 0.056 seconds
[2026-09-17T21:47:45.565+0000] {processor.py:161} INFO - Started process (PID=83) to work on /opt/airflow/dags/weather_pipeline.py
[2026-09-17T21:47:45.566+0000] {processor.py:830} INFO - Processing file /opt/airflow/dags/weather_pipeline.py for tasks to queue
[2026-09-17T21:47:45.569+0000] {logging_mixin.py:188} INFO - [2026-09-17T21:47:45.568+0000] {dagbag.py:545} INFO - Filling up the DagBag from /opt/airflow/dags/weather_pipeline.py
[2026-09-17T21:47:45.595+0000] {processor.py:840} INFO - DAG(s) 'weather_pipeline' retrieved from /opt/airflow/dags/weather_pipeline.py
[2026-09-17T21:47:45.843+0000] {logging_mixin.py:188} INFO - [2026-09-17T21:47:45.843+0000] {dag.py:3096} INFO - Sync 1 DAGs
[2026-09-17T21:47:45.880+0000] {logging_mixin.py:188} INFO - [2026-09-17T21:47:45.880+0000] {dag.py:3954} INFO - Setting next_dagrun for weather_pipeline to 2026-09-17 00:00:00+00:00, run_after=2026-09-18 00:00:00+00:00
[2026-09-17T21:47:45.924+0000] {processor.py:183} INFO - Processing /opt/airflow/dags/weather_pipeline.py took 0.369 seconds
[2026-09-17T21:48:01.697+0000] {processor.py:161} INFO - Started process (PID=84) to work on /opt/airflow/dags/weather_pipeline.py
[2026-09-17T21:48:01.699+0000] {processor.py:830} INFO - Processing file /opt/airflow/dags/weather_pipeline.py for tasks to queue
[2026-09-17T21:48:01.703+0000] {logging_mixin.py:188} INFO - [2026-09-17T21:48:01.703+0000] {dagbag.py:545} INFO - Filling up the DagBag from /opt/airflow/dags/weather_pipeline.py
[2026-09-17T21:48:01.727+0000] {processor.py:840} INFO - DAG(s) 'weather_pipeline' retrieved from /opt/airflow/dags/weather_pipeline.py
[2026-09-17T21:48:01.752+0000] {logging_mixin.py:188} INFO - [2026-09-17T21:48:01.752+0000] {dag.py:3096} INFO - Sync 1 DAGs
[2026-09-17T21:48:01.823+0000] {logging_mixin.py:188} INFO - [2026-09-17T21:48:01.822+0000] {dag.py:3954} INFO - Setting next_dagrun for weather_pipeline to 2026-09-17 00:00:00+00:00, run_after=2026-09-18 00:00:00+00:00
[2026-09-17T21:48:01.910+0000] {processor.py:183} INFO - Processing /opt/airflow/dags/weather_pipeline.py took 0.235 seconds
[2026-09-17T21:48:32.192+0000] {processor.py:161} INFO - Started process (PID=85) to work on /opt/airflow/dags/weather_pipeline.py
[2026-09-17T21:48:32.195+0000] {processor.py:830} INFO - Processing file /opt/airflow/dags/weather_pipeline.py for tasks to queue
[2026-09-17T21:48:32.201+0000] {logging_mixin.py:188} INFO - [2026-09-17T21:48:32.200+0000] {dagbag.py:545} INFO - Filling up the DagBag from /opt/airflow/dags/weather_pipeline.py
[2026-09-17T21:48:32.246+0000] {processor.py:840} INFO - DAG(s) 'weather_pipeline' retrieved from /opt/airflow/dags/weather_pipeline.py
[2026-09-17T21:48:32.343+0000] {logging_mixin.py:188} INFO - [2026-09-17T21:48:32.342+0000] {dag.py:3096} INFO - Sync 1 DAGs
[2026-09-17T21:48:32.379+0000] {logging_mixin.py:188} INFO - [2026-09-17T21:48:32.378+0000] {dag.py:3954} INFO - Setting next_dagrun for weather_pipeline to 2026-09-17 00:00:00+00:00, run_after=2026-09-18 00:00:00+00:00
[2026-09-17T21:48:32.411+0000] {processor.py:183} INFO - Processing /opt/airflow/dags/weather_pipeline.py took 0.237 seconds
[2026-09-17T21:49:02.667+0000] {processor.py:161} INFO - Started process (PID=86) to work on /opt/airflow/dags/weather_pipeline.py
[2026-09-17T21:49:02.669+0000] {processor.py:830} INFO - Processing file /opt/airflow/dags/weather_pipeline.py for tasks to queue
[2026-09-17T21:49:02.674+0000] {logging_mixin.py:188} INFO - [2026-09-17T21:49:02.673+0000] {dagbag.py:545} INFO - Filling up the DagBag from /opt/airflow/dags/weather_pipeline.py
[2026-09-17T21:49:02.715+0000] {processor.py:840} INFO - DAG(s) 'weather_pipeline' retrieved from /opt/airflow/dags/weather_pipeline.py
[2026-09-17T21:49:02.813+0000] {logging_mixin.py:188} INFO - [2026-09-17T21:49:02.812+0000] {dag.py:3096} INFO - Sync 1 DAGs
[2026-09-17T21:49:02.893+0000] {logging_mixin.py:188} INFO - [2026-09-17T21:49:02.892+0000] {dag.py:3954} INFO - Setting next_dagrun for weather_pipeline to 2026-09-17 00:00:00+00:00, run_after=2026-09-18 00:00:00+00:00
[2026-09-17T21:49:02.951+0000] {processor.py:183} INFO - Processing /opt/airflow/dags/weather_pipeline.py took 0.304 seconds
[2026-09-17T21:49:33.172+0000] {processor.py:161} INFO - Started process (PID=87) to work on /opt/airflow/dags/weather_pipeline.py
[2026-09-17T21:49:33.175+0000] {processor.py:830} INFO - Processing file /opt/airflow/dags/weather_pipeline.py for tasks to queue
[2026-09-17T21:49:33.176+0000] {logging_mixin.py:188} INFO - [2026-09-17T21:49:33.176+0000] {dagbag.py:545} INFO - Filling up the DagBag from /opt/airflow/dags/weather_pipeline.py
[2026-09-17T21:49:33.196+0000] {processor.py:840} INFO - DAG(s) 'weather_pipeline' retrieved from /opt/airflow/dags/weather_pipeline.py
[2026-09-17T21:49:33.240+0000] {logging_mixin.py:188} INFO - [2026-09-17T21:49:33.240+0000] {dag.py:3096} INFO - Sync 1 DAGs
[2026-09-17T21:49:33.275+0000] {logging_mixin.py:188} INFO - [2026-09-17T21:49:33.274+0000] {dag.py:3954} INFO - Setting next_dagrun for weather_pipeline to 2026-09-17 00:00:00+00:00, run_after=2026-09-18 00:00:00+00:00
[2026-09-17T21:49:33.304+0000] {processor.py:183} INFO - Processing /opt/airflow/dags/weather_pipeline.py took 0.139 seconds
[2026-09-17T21:50:03.463+0000] {processor.py:161} INFO - Started process (PID=88) to work on /opt/airflow/dags/weather_pipeline.py
[2026-09-17T21:50:03.464+0000] {processor.py:830} INFO - Processing file /opt/airflow/dags/weather_pipeline.py for tasks to queue
[2026-09-17T21:50:03.466+0000] {logging_mixin.py:188} INFO - [2026-09-17T21:50:03.465+0000] {dagbag.py:545} INFO - Filling up the DagBag from /opt/airflow/dags/weather_pipeline.py
[2026-09-17T21:50:03.485+0000] {processor.py:840} INFO - DAG(s) 'weather_pipeline' retrieved from /opt/airflow/dags/weather_pipeline.py
[2026-09-17T21:50:03.539+0000] {logging_mixin.py:188} INFO - [2026-09-17T21:50:03.539+0000] {dag.py:3096} INFO - Sync 1 DAGs
[2026-09-17T21:50:03.574+0000] {logging_mixin.py:188} INFO - [2026-09-17T21:50:03.574+0000] {dag.py:3954} INFO - Setting next_dagrun for weather_pipeline to 2026-09-17 00:00:00+00:00, run_after=2026-09-18 00:00:00+00:00
[2026-09-17T21:50:03.603+0000] {processor.py:183} INFO - Processing /opt/airflow/dags/weather_pipeline.py took 0.148 seconds
[2026-09-17T21:50:33.671+0000] {processor.py:161} INFO - Started process (PID=89) to work on /opt/airflow/dags/weather_pipeline.py
[2026-09-17T21:50:33.675+0000] {processor.py:830} INFO - Processing file /opt/airflow/dags/weather_pipeline.py for tasks to queue
[2026-09-17T21:50:33.680+0000] {logging_mixin.py:188} INFO - [2026-09-17T21:50:33.679+0000] {dagbag.py:545} INFO - Filling up the DagBag from /opt/airflow/dags/weather_pipeline.py
[2026-09-17T21:50:33.733+0000] {processor.py:840} INFO - DAG(s) 'weather_pipeline' retrieved from /opt/airflow/dags/weather_pipeline.py
[2026-09-17T21:50:33.854+0000] {logging_mixin.py:188} INFO - [2026-09-17T21:50:33.853+0000] {dag.py:3096} INFO - Sync 1 DAGs
[2026-09-17T21:50:33.939+0000] {logging_mixin.py:188} INFO - [2026-09-17T21:50:33.938+0000] {dag.py:3954} INFO - Setting next_dagrun for weather_pipeline to 2026-09-17 00:00:00+00:00, run_after=2026-09-18 00:00:00+00:00
[2026-09-17T21:50:34.002+0000] {processor.py:183} INFO - Processing /opt/airflow/dags/weather_pipeline.py took 0.349 seconds
[2026-09-17T21:51:04.289+0000] {processor.py:161} INFO - Started process (PID=90) to work on /opt/airflow/dags/weather_pipeline.py
[2026-09-17T21:51:04.292+0000] {processor.py:830} INFO - Processing file /opt/airflow/dags/weather_pipeline.py for tasks to queue
[2026-09-17T21:51:04.298+0000] {logging_mixin.py:188} INFO - [2026-09-17T21:51:04.296+0000] {dagbag.py:545} INFO - Filling up the DagBag from /opt/airflow/dags/weather_pipeline.py
[2026-09-17T21:51:04.348+0000] {processor.py:840} INFO - DAG(s) 'weather_pipeline' retrieved from /opt/airflow/dags/weather_pipeline.py
[2026-09-17T21:51:04.406+0000] {logging_mixin.py:188} INFO - [2026-09-17T21:51:04.406+0000] {dag.py:3096} INFO - Sync 1 DAGs
[2026-09-17T21:51:04.445+0000] {logging_mixin.py:188} INFO - [2026-09-17T21:51:04.445+0000] {dag.py:3954} INFO - Setting next_dagrun for weather_pipeline to 2026-09-17 00:00:00+00:00, run_after=2026-09-18 00:00:00+00:00
[2026-09-17T21:51:04.485+0000] {processor.py:183} INFO - Processing /opt/airflow/dags/weather_pipeline.py took 0.216 seconds
[2026-09-17T21:51:34.764+0000] {processor.py:161} INFO - Started process (PID=91) to work on /opt/airflow/dags/weather_pipeline.py
[2026-09-17T21:51:34.766+0000] {processor.py:830} INFO - Processing file /opt/airflow/dags/weather_pipeline.py for tasks to queue
[2026-09-17T21:51:34.772+0000] {logging_mixin.py:188} INFO - [2026-09-17T21:51:34.771+0000] {dagbag.py:545} INFO - Filling up the DagBag from /opt/airflow/dags/weather_pipeline.py
[2026-09-17T21:51:34.822+0000] {processor.py:840} INFO - DAG(s) 'weather_pipeline' retrieved from /opt/airflow/dags/weather_pipeline.py
[2026-09-17T21:51:34.886+0000] {logging_mixin.py:188} INFO - [2026-09-17T21:51:34.886+0000] {dag.py:3096} INFO - Sync 1 DAGs
[2026-09-17T21:51:34.922+0000] {logging_mixin.py:188} INFO - [2026-09-17T21:51:34.921+0000] {dag.py:3954} INFO - Setting next_dagrun for weather_pipeline to 2026-09-17 00:00:00+00:00, run_after=2026-09-18 00:00:00+00:00
[2026-09-17T21:51:34.954+0000] {processor.py:183} INFO - Processing /opt/airflow/dags/weather_pipeline.py took 0.210 seconds
[2026-09-17T21:52:05.013+0000] {processor.py:161} INFO - Started process (PID=92) to work on /opt/airflow/dags/weather_pipeline.py
[2026-09-17T21:52:05.017+0000] {processor.py:830} INFO - Processing file /opt/airflow/dags/weather_pipeline.py for tasks to queue
[2026-09-17T21:52:05.023+0000] {logging_mixin.py:188} INFO - [2026-09-17T21:52:05.022+0000] {dagbag.py:545} INFO - Filling up the DagBag from /opt/airflow/dags/weather_pipeline.py
[2026-09-17T21:52:05.075+0000] {processor.py:840} INFO - DAG(s) 'weather_pipeline' retrieved from /opt/airflow/dags/weather_pipeline.py
[2026-09-17T21:52:05.189+0000] {logging_mixin.py:188} INFO - [2026-09-17T21:52:05.188+0000] {dag.py:3096} INFO - Sync 1 DAGs
[2026-09-17T21:52:05.241+0000] {logging_mixin.py:188} INFO - [2026-09-17T21:52:05.241+0000] {dag.py:3954} INFO - Setting next_dagrun for weather_pipeline to 2026-09-17 00:00:00+00:00, run_after=2026-09-18 00:00:00+00:00
[2026-09-17T21:52:05.270+0000] {processor.py:183} INFO - Processing /opt/airflow/dags/weather_pipeline.py took 0.282 seconds
[2026-09-17T21:52:35.463+0000] {processor.py:161} INFO - Started process (PID=93) to work on /opt/airflow/dags/weather_pipeline.py
[2026-09-17T21:52:35.465+0000] {processor.py:830} INFO - Processing file /opt/airflow/dags/weather_pipeline.py for tasks to queue
[2026-09-17T21:52:35.471+0000] {logging_mixin.py:188} INFO - [2026-09-17T21:52:35.470+0000] {dagbag.py:545} INFO - Filling up the DagBag from /opt/airflow/dags/weather_pipeline.py
[2026-09-17T21:52:35.524+0000] {processor.py:840} INFO - DAG(s) 'weather_pipeline' retrieved from /opt/airflow/dags/weather_pipeline.py
[2026-09-17T21:52:35.592+0000] {logging_mixin.py:188} INFO - [2026-09-17T21:52:35.592+0000] {dag.py:3096} INFO - Sync 1 DAGs
[2026-09-17T21:52:35.628+0000] {logging_mixin.py:188} INFO - [2026-09-17T21:52:35.627+0000] {dag.py:3954} INFO - Setting next_dagrun for weather_pipeline to 2026-09-17 00:00:00+00:00, run_after=2026-09-18 00:00:00+00:00
[2026-09-17T21:52:35.660+0000] {processor.py:183} INFO - Processing /opt/airflow/dags/weather_pipeline.py took 0.218 seconds
[2026-09-17T21:53:05.776+0000] {processor.py:161} INFO - Started process (PID=94) to work on /opt/airflow/dags/weather_pipeline.py
[2026-09-17T21:53:05.780+0000] {processor.py:830} INFO - Processing file /opt/airflow/dags/weather_pipeline.py for tasks to queue
[2026-09-17T21:53:05.785+0000] {logging_mixin.py:188} INFO - [2026-09-17T21:53:05.784+0000] {dagbag.py:545} INFO - Filling up the DagBag from /opt/airflow/dags/weather_pipeline.py
[2026-09-17T21:53:05.834+0000] {processor.py:840} INFO - DAG(s) 'weather_pipeline' retrieved from /opt/airflow/dags/weather_pipeline.py
[2026-09-17T21:53:05.975+0000] {logging_mixin.py:188} INFO - [2026-09-17T21:53:05.974+0000] {dag.py:3096} INFO - Sync 1 DAGs
[2026-09-17T21:53:06.078+0000] {logging_mixin.py:188} INFO - [2026-09-17T21:53:06.077+0000] {dag.py:3954} INFO - Setting next_dagrun for weather_pipeline to 2026-09-17 00:00:00+00:00, run_after=2026-09-18 00:00:00+00:00
[2026-09-17T21:53:06.147+0000] {processor.py:183} INFO - Processing /opt/airflow/dags/weather_pipeline.py took 0.392 seconds
[2026-09-17T21:53:36.440+0000] {processor.py:161} INFO - Started process (PID=95) to work on /opt/airflow/dags/weather_pipeline.py
[2026-09-17T21:53:36.442+0000] {processor.py:830} INFO - Processing file /opt/airflow/dags/weather_pipeline.py for tasks to queue
[2026-09-17T21:53:36.448+0000] {logging_mixin.py:188} INFO - [2026-09-17T21:53:36.447+0000] {dagbag.py:545} INFO - Filling up the DagBag from /opt/airflow/dags/weather_pipeline.py
[2026-09-17T21:53:36.507+0000] {processor.py:840} INFO - DAG(s) 'weather_pipeline' retrieved from /opt/airflow/dags/weather_pipeline.py
[2026-09-17T21:53:36.626+0000] {logging_mixin.py:188} INFO - [2026-09-17T21:53:36.625+0000] {dag.py:3096} INFO - Sync 1 DAGs
[2026-09-17T21:53:36.690+0000] {logging_mixin.py:188} INFO - [2026-09-17T21:53:36.689+0000] {dag.py:3954} INFO - Setting next_dagrun for weather_pipeline to 2026-09-17 00:00:00+00:00, run_after=2026-09-18 00:00:00+00:00
[2026-09-17T21:53:36.734+0000] {processor.py:183} INFO - Processing /opt/airflow/dags/weather_pipeline.py took 0.315 seconds
[2026-09-17T21:54:07.018+0000] {processor.py:161} INFO - Started process (PID=96) to work on /opt/airflow/dags/weather_pipeline.py
[2026-09-17T21:54:07.022+0000] {processor.py:830} INFO - Processing file /opt/airflow/dags/weather_pipeline.py for tasks to queue
[2026-09-17T21:54:07.027+0000] {logging_mixin.py:188} INFO - [2026-09-17T21:54:07.026+0000] {dagbag.py:545} INFO - Filling up the DagBag from /opt/airflow/dags/weather_pipeline.py
[2026-09-17T21:54:07.075+0000] {processor.py:840} INFO - DAG(s) 'weather_pipeline' retrieved from /opt/airflow/dags/weather_pipeline.py
[2026-09-17T21:54:07.188+0000] {logging_mixin.py:188} INFO - [2026-09-17T21:54:07.188+0000] {dag.py:3096} INFO - Sync 1 DAGs
[2026-09-17T21:54:07.226+0000] {logging_mixin.py:188} INFO - [2026-09-17T21:54:07.225+0000] {dag.py:3954} INFO - Setting next_dagrun for weather_pipeline to 2026-09-17 00:00:00+00:00, run_after=2026-09-18 00:00:00+00:00
[2026-09-17T21:54:07.274+0000] {processor.py:183} INFO - Processing /opt/airflow/dags/weather_pipeline.py took 0.280 seconds
[2026-09-17T21:54:24.145+0000] {processor.py:161} INFO - Started process (PID=97) to work on /opt/airflow/dags/weather_pipeline.py
[2026-09-17T21:54:24.146+0000] {processor.py:830} INFO - Processing file /opt/airflow/dags/weather_pipeline.py for tasks to queue
[2026-09-17T21:54:24.148+0000] {logging_mixin.py:188} INFO - [2026-09-17T21:54:24.148+0000] {dagbag.py:545} INFO - Filling up the DagBag from /opt/airflow/dags/weather_pipeline.py
[2026-09-17T21:54:24.152+0000] {logging_mixin.py:188} INFO - [2026-09-17T21:54:24.151+0000] {dagbag.py:355} ERROR - Failed to import: /opt/airflow/dags/weather_pipeline.py
Traceback (most recent call last):
  File "/home/airflow/.local/lib/python3.10/site-packages/airflow/models/dagbag.py", line 351, in parse
    loader.exec_module(new_module)
  File "<frozen importlib._bootstrap_external>", line 879, in exec_module
  File "<frozen importlib._bootstrap_external>", line 1017, in get_code
  File "<frozen importlib._bootstrap_external>", line 947, in source_to_code
  File "<frozen importlib._bootstrap>", line 241, in _call_with_frames_removed
  File "/opt/airflow/dags/weather_pipeline.py", line 4
    from airflow.operators. import PythonOperator
                            ^^^^^^
SyntaxError: invalid syntax
[2026-09-17T21:54:24.153+0000] {processor.py:842} WARNING - No viable dags retrieved from /opt/airflow/dags/weather_pipeline.py
[2026-09-17T21:54:24.192+0000] {processor.py:183} INFO - Processing /opt/airflow/dags/weather_pipeline.py took 0.058 seconds
[2026-09-17T21:54:25.180+0000] {processor.py:161} INFO - Started process (PID=98) to work on /opt/airflow/dags/weather_pipeline.py
[2026-09-17T21:54:25.182+0000] {processor.py:830} INFO - Processing file /opt/airflow/dags/weather_pipeline.py for tasks to queue
[2026-09-17T21:54:25.187+0000] {logging_mixin.py:188} INFO - [2026-09-17T21:54:25.186+0000] {dagbag.py:545} INFO - Filling up the DagBag from /opt/airflow/dags/weather_pipeline.py
[2026-09-17T21:54:25.198+0000] {logging_mixin.py:188} INFO - [2026-09-17T21:54:25.196+0000] {dagbag.py:355} ERROR - Failed to import: /opt/airflow/dags/weather_pipeline.py
Traceback (most recent call last):
  File "/home/airflow/.local/lib/python3.10/site-packages/airflow/models/dagbag.py", line 351, in parse
    loader.exec_module(new_module)
  File "<frozen importlib._bootstrap_external>", line 883, in exec_module
  File "<frozen importlib._bootstrap>", line 241, in _call_with_frames_removed
  File "/opt/airflow/dags/weather_pipeline.py", line 4, in <module>
    from airflow.operators import PythonOperator
ImportError: cannot import name 'PythonOperator' from 'airflow.operators' (/home/airflow/.local/lib/python3.10/site-packages/airflow/operators/__init__.py)
[2026-09-17T21:54:25.200+0000] {processor.py:842} WARNING - No viable dags retrieved from /opt/airflow/dags/weather_pipeline.py
[2026-09-17T21:54:25.284+0000] {processor.py:183} INFO - Processing /opt/airflow/dags/weather_pipeline.py took 0.124 seconds
[2026-09-17T21:54:28.254+0000] {processor.py:161} INFO - Started process (PID=99) to work on /opt/airflow/dags/weather_pipeline.py
[2026-09-17T21:54:28.255+0000] {processor.py:830} INFO - Processing file /opt/airflow/dags/weather_pipeline.py for tasks to queue
[2026-09-17T21:54:28.259+0000] {logging_mixin.py:188} INFO - [2026-09-17T21:54:28.258+0000] {dagbag.py:545} INFO - Filling up the DagBag from /opt/airflow/dags/weather_pipeline.py
[2026-09-17T21:54:28.263+0000] {logging_mixin.py:188} INFO - [2026-09-17T21:54:28.262+0000] {dagbag.py:355} ERROR - Failed to import: /opt/airflow/dags/weather_pipeline.py
Traceback (most recent call last):
  File "/home/airflow/.local/lib/python3.10/site-packages/airflow/models/dagbag.py", line 351, in parse
    loader.exec_module(new_module)
  File "<frozen importlib._bootstrap_external>", line 879, in exec_module
  File "<frozen importlib._bootstrap_external>", line 1017, in get_code
  File "<frozen importlib._bootstrap_external>", line 947, in source_to_code
  File "<frozen importlib._bootstrap>", line 241, in _call_with_frames_removed
  File "/opt/airflow/dags/weather_pipeline.py", line 4
    from airflow.operators. import PythonOperator
                            ^^^^^^
SyntaxError: invalid syntax
[2026-09-17T21:54:28.264+0000] {processor.py:842} WARNING - No viable dags retrieved from /opt/airflow/dags/weather_pipeline.py
[2026-09-17T21:54:28.305+0000] {processor.py:183} INFO - Processing /opt/airflow/dags/weather_pipeline.py took 0.062 seconds
[2026-09-17T21:54:31.306+0000] {processor.py:161} INFO - Started process (PID=100) to work on /opt/airflow/dags/weather_pipeline.py
[2026-09-17T21:54:31.308+0000] {processor.py:830} INFO - Processing file /opt/airflow/dags/weather_pipeline.py for tasks to queue
[2026-09-17T21:54:31.313+0000] {logging_mixin.py:188} INFO - [2026-09-17T21:54:31.312+0000] {dagbag.py:545} INFO - Filling up the DagBag from /opt/airflow/dags/weather_pipeline.py
[2026-09-17T21:54:31.326+0000] {logging_mixin.py:188} INFO - [2026-09-17T21:54:31.323+0000] {dagbag.py:355} ERROR - Failed to import: /opt/airflow/dags/weather_pipeline.py
Traceback (most recent call last):
  File "/home/airflow/.local/lib/python3.10/site-packages/airflow/models/dagbag.py", line 351, in parse
    loader.exec_module(new_module)
  File "<frozen importlib._bootstrap_external>", line 883, in exec_module
  File "<frozen importlib._bootstrap>", line 241, in _call_with_frames_removed
  File "/opt/airflow/dags/weather_pipeline.py", line 5, in <module>
    from scripts.script_01_extract import run_extraction
ModuleNotFoundError: No module named 'scripts.script_01_extract'
[2026-09-17T21:54:31.327+0000] {processor.py:842} WARNING - No viable dags retrieved from /opt/airflow/dags/weather_pipeline.py
[2026-09-17T21:54:31.426+0000] {processor.py:183} INFO - Processing /opt/airflow/dags/weather_pipeline.py took 0.141 seconds
[2026-09-17T21:55:01.559+0000] {processor.py:161} INFO - Started process (PID=101) to work on /opt/airflow/dags/weather_pipeline.py
[2026-09-17T21:55:01.563+0000] {processor.py:830} INFO - Processing file /opt/airflow/dags/weather_pipeline.py for tasks to queue
[2026-09-17T21:55:01.567+0000] {logging_mixin.py:188} INFO - [2026-09-17T21:55:01.566+0000] {dagbag.py:545} INFO - Filling up the DagBag from /opt/airflow/dags/weather_pipeline.py
[2026-09-17T21:55:01.578+0000] {logging_mixin.py:188} INFO - [2026-09-17T21:55:01.575+0000] {dagbag.py:355} ERROR - Failed to import: /opt/airflow/dags/weather_pipeline.py
Traceback (most recent call last):
  File "/home/airflow/.local/lib/python3.10/site-packages/airflow/models/dagbag.py", line 351, in parse
    loader.exec_module(new_module)
  File "<frozen importlib._bootstrap_external>", line 883, in exec_module
  File "<frozen importlib._bootstrap>", line 241, in _call_with_frames_removed
  File "/opt/airflow/dags/weather_pipeline.py", line 5, in <module>
    from scripts.script_01_extract import run_extraction
ModuleNotFoundError: No module named 'scripts.script_01_extract'
[2026-09-17T21:55:01.579+0000] {processor.py:842} WARNING - No viable dags retrieved from /opt/airflow/dags/weather_pipeline.py
[2026-09-17T21:55:01.649+0000] {processor.py:183} INFO - Processing /opt/airflow/dags/weather_pipeline.py took 0.106 seconds
[2026-09-17T21:55:31.940+0000] {processor.py:161} INFO - Started process (PID=102) to work on /opt/airflow/dags/weather_pipeline.py
[2026-09-17T21:55:31.942+0000] {processor.py:830} INFO - Processing file /opt/airflow/dags/weather_pipeline.py for tasks to queue
[2026-09-17T21:55:31.944+0000] {logging_mixin.py:188} INFO - [2026-09-17T21:55:31.943+0000] {dagbag.py:545} INFO - Filling up the DagBag from /opt/airflow/dags/weather_pipeline.py
[2026-09-17T21:55:31.956+0000] {logging_mixin.py:188} INFO - [2026-09-17T21:55:31.954+0000] {dagbag.py:355} ERROR - Failed to import: /opt/airflow/dags/weather_pipeline.py
Traceback (most recent call last):
  File "/home/airflow/.local/lib/python3.10/site-packages/airflow/models/dagbag.py", line 351, in parse
    loader.exec_module(new_module)
  File "<frozen importlib._bootstrap_external>", line 883, in exec_module
  File "<frozen importlib._bootstrap>", line 241, in _call_with_frames_removed
  File "/opt/airflow/dags/weather_pipeline.py", line 5, in <module>
    from scripts.script_01_extract import run_extraction
ModuleNotFoundError: No module named 'scripts.script_01_extract'
[2026-09-17T21:55:31.957+0000] {processor.py:842} WARNING - No viable dags retrieved from /opt/airflow/dags/weather_pipeline.py
[2026-09-17T21:55:32.037+0000] {processor.py:183} INFO - Processing /opt/airflow/dags/weather_pipeline.py took 0.115 seconds
[2026-09-17T21:56:02.215+0000] {processor.py:161} INFO - Started process (PID=103) to work on /opt/airflow/dags/weather_pipeline.py
[2026-09-17T21:56:02.218+0000] {processor.py:830} INFO - Processing file /opt/airflow/dags/weather_pipeline.py for tasks to queue
[2026-09-17T21:56:02.221+0000] {logging_mixin.py:188} INFO - [2026-09-17T21:56:02.220+0000] {dagbag.py:545} INFO - Filling up the DagBag from /opt/airflow/dags/weather_pipeline.py
[2026-09-17T21:56:02.232+0000] {logging_mixin.py:188} INFO - [2026-09-17T21:56:02.230+0000] {dagbag.py:355} ERROR - Failed to import: /opt/airflow/dags/weather_pipeline.py
Traceback (most recent call last):
  File "/home/airflow/.local/lib/python3.10/site-packages/airflow/models/dagbag.py", line 351, in parse
    loader.exec_module(new_module)
  File "<frozen importlib._bootstrap_external>", line 883, in exec_module
  File "<frozen importlib._bootstrap>", line 241, in _call_with_frames_removed
  File "/opt/airflow/dags/weather_pipeline.py", line 5, in <module>
    from scripts.script_01_extract import run_extraction
ModuleNotFoundError: No module named 'scripts.script_01_extract'
[2026-09-17T21:56:02.233+0000] {processor.py:842} WARNING - No viable dags retrieved from /opt/airflow/dags/weather_pipeline.py
[2026-09-17T21:56:02.319+0000] {processor.py:183} INFO - Processing /opt/airflow/dags/weather_pipeline.py took 0.124 seconds
[2026-09-17T21:56:32.494+0000] {processor.py:161} INFO - Started process (PID=104) to work on /opt/airflow/dags/weather_pipeline.py
[2026-09-17T21:56:32.496+0000] {processor.py:830} INFO - Processing file /opt/airflow/dags/weather_pipeline.py for tasks to queue
[2026-09-17T21:56:32.499+0000] {logging_mixin.py:188} INFO - [2026-09-17T21:56:32.498+0000] {dagbag.py:545} INFO - Filling up the DagBag from /opt/airflow/dags/weather_pipeline.py
[2026-09-17T21:56:32.511+0000] {logging_mixin.py:188} INFO - [2026-09-17T21:56:32.508+0000] {dagbag.py:355} ERROR - Failed to import: /opt/airflow/dags/weather_pipeline.py
Traceback (most recent call last):
  File "/home/airflow/.local/lib/python3.10/site-packages/airflow/models/dagbag.py", line 351, in parse
    loader.exec_module(new_module)
  File "<frozen importlib._bootstrap_external>", line 883, in exec_module
  File "<frozen importlib._bootstrap>", line 241, in _call_with_frames_removed
  File "/opt/airflow/dags/weather_pipeline.py", line 5, in <module>
    from scripts.script_01_extract import run_extraction
ModuleNotFoundError: No module named 'scripts.script_01_extract'
[2026-09-17T21:56:32.512+0000] {processor.py:842} WARNING - No viable dags retrieved from /opt/airflow/dags/weather_pipeline.py
[2026-09-17T21:56:32.591+0000] {processor.py:183} INFO - Processing /opt/airflow/dags/weather_pipeline.py took 0.116 seconds
[2026-09-17T21:57:02.784+0000] {processor.py:161} INFO - Started process (PID=105) to work on /opt/airflow/dags/weather_pipeline.py
[2026-09-17T21:57:02.788+0000] {processor.py:830} INFO - Processing file /opt/airflow/dags/weather_pipeline.py for tasks to queue
[2026-09-17T21:57:02.792+0000] {logging_mixin.py:188} INFO - [2026-09-17T21:57:02.791+0000] {dagbag.py:545} INFO - Filling up the DagBag from /opt/airflow/dags/weather_pipeline.py
[2026-09-17T21:57:02.806+0000] {logging_mixin.py:188} INFO - [2026-09-17T21:57:02.803+0000] {dagbag.py:355} ERROR - Failed to import: /opt/airflow/dags/weather_pipeline.py
Traceback (most recent call last):
  File "/home/airflow/.local/lib/python3.10/site-packages/airflow/models/dagbag.py", line 351, in parse
    loader.exec_module(new_module)
  File "<frozen importlib._bootstrap_external>", line 883, in exec_module
  File "<frozen importlib._bootstrap>", line 241, in _call_with_frames_removed
  File "/opt/airflow/dags/weather_pipeline.py", line 5, in <module>
    from scripts.script_01_extract import run_extraction
ModuleNotFoundError: No module named 'scripts.script_01_extract'
[2026-09-17T21:57:02.808+0000] {processor.py:842} WARNING - No viable dags retrieved from /opt/airflow/dags/weather_pipeline.py
[2026-09-17T21:57:02.891+0000] {processor.py:183} INFO - Processing /opt/airflow/dags/weather_pipeline.py took 0.128 seconds
[2026-09-17T21:57:08.914+0000] {processor.py:161} INFO - Started process (PID=106) to work on /opt/airflow/dags/weather_pipeline.py
[2026-09-17T21:57:08.917+0000] {processor.py:830} INFO - Processing file /opt/airflow/dags/weather_pipeline.py for tasks to queue
[2026-09-17T21:57:08.920+0000] {logging_mixin.py:188} INFO - [2026-09-17T21:57:08.919+0000] {dagbag.py:545} INFO - Filling up the DagBag from /opt/airflow/dags/weather_pipeline.py
[2026-09-17T21:57:08.932+0000] {logging_mixin.py:188} INFO - [2026-09-17T21:57:08.929+0000] {dagbag.py:355} ERROR - Failed to import: /opt/airflow/dags/weather_pipeline.py
Traceback (most recent call last):
  File "/home/airflow/.local/lib/python3.10/site-packages/airflow/models/dagbag.py", line 351, in parse
    loader.exec_module(new_module)
  File "<frozen importlib._bootstrap_external>", line 883, in exec_module
  File "<frozen importlib._bootstrap>", line 241, in _call_with_frames_removed
  File "/opt/airflow/dags/weather_pipeline.py", line 2, in <module>
    from extraction.extract import extract
ModuleNotFoundError: No module named 'extraction'
[2026-09-17T21:57:08.934+0000] {processor.py:842} WARNING - No viable dags retrieved from /opt/airflow/dags/weather_pipeline.py
[2026-09-17T21:57:09.047+0000] {processor.py:183} INFO - Processing /opt/airflow/dags/weather_pipeline.py took 0.158 seconds
[2026-09-17T21:57:17.080+0000] {processor.py:161} INFO - Started process (PID=107) to work on /opt/airflow/dags/weather_pipeline.py
[2026-09-17T21:57:17.082+0000] {processor.py:830} INFO - Processing file /opt/airflow/dags/weather_pipeline.py for tasks to queue
[2026-09-17T21:57:17.085+0000] {logging_mixin.py:188} INFO - [2026-09-17T21:57:17.084+0000] {dagbag.py:545} INFO - Filling up the DagBag from /opt/airflow/dags/weather_pipeline.py
[2026-09-17T21:57:17.095+0000] {logging_mixin.py:188} INFO - [2026-09-17T21:57:17.093+0000] {dagbag.py:355} ERROR - Failed to import: /opt/airflow/dags/weather_pipeline.py
Traceback (most recent call last):
  File "/home/airflow/.local/lib/python3.10/site-packages/airflow/models/dagbag.py", line 351, in parse
    loader.exec_module(new_module)
  File "<frozen importlib._bootstrap_external>", line 883, in exec_module
  File "<frozen importlib._bootstrap>", line 241, in _call_with_frames_removed
  File "/opt/airflow/dags/weather_pipeline.py", line 2, in <module>
    from extraction.extract import extract
ModuleNotFoundError: No module named 'extraction'
[2026-09-17T21:57:17.096+0000] {processor.py:842} WARNING - No viable dags retrieved from /opt/airflow/dags/weather_pipeline.py
[2026-09-17T21:57:17.177+0000] {processor.py:183} INFO - Processing /opt/airflow/dags/weather_pipeline.py took 0.116 seconds
[2026-09-17T21:57:31.273+0000] {processor.py:161} INFO - Started process (PID=108) to work on /opt/airflow/dags/weather_pipeline.py
[2026-09-17T21:57:31.276+0000] {processor.py:830} INFO - Processing file /opt/airflow/dags/weather_pipeline.py for tasks to queue
[2026-09-17T21:57:31.278+0000] {logging_mixin.py:188} INFO - [2026-09-17T21:57:31.277+0000] {dagbag.py:545} INFO - Filling up the DagBag from /opt/airflow/dags/weather_pipeline.py
[2026-09-17T21:57:31.288+0000] {logging_mixin.py:188} INFO - [2026-09-17T21:57:31.286+0000] {dagbag.py:355} ERROR - Failed to import: /opt/airflow/dags/weather_pipeline.py
Traceback (most recent call last):
  File "/home/airflow/.local/lib/python3.10/site-packages/airflow/models/dagbag.py", line 351, in parse
    loader.exec_module(new_module)
  File "<frozen importlib._bootstrap_external>", line 883, in exec_module
  File "<frozen importlib._bootstrap>", line 241, in _call_with_frames_removed
  File "/opt/airflow/dags/weather_pipeline.py", line 2, in <module>
    from sc import extract
ModuleNotFoundError: No module named 'sc'
[2026-09-17T21:57:31.290+0000] {processor.py:842} WARNING - No viable dags retrieved from /opt/airflow/dags/weather_pipeline.py
[2026-09-17T21:57:31.367+0000] {processor.py:183} INFO - Processing /opt/airflow/dags/weather_pipeline.py took 0.111 seconds
[2026-09-17T21:57:34.332+0000] {processor.py:161} INFO - Started process (PID=109) to work on /opt/airflow/dags/weather_pipeline.py
[2026-09-17T21:57:34.333+0000] {processor.py:830} INFO - Processing file /opt/airflow/dags/weather_pipeline.py for tasks to queue
[2026-09-17T21:57:34.334+0000] {logging_mixin.py:188} INFO - [2026-09-17T21:57:34.334+0000] {dagbag.py:545} INFO - Filling up the DagBag from /opt/airflow/dags/weather_pipeline.py
[2026-09-17T21:57:34.338+0000] {logging_mixin.py:188} INFO - [2026-09-17T21:57:34.337+0000] {dagbag.py:355} ERROR - Failed to import: /opt/airflow/dags/weather_pipeline.py
Traceback (most recent call last):
  File "/home/airflow/.local/lib/python3.10/site-packages/airflow/models/dagbag.py", line 351, in parse
    loader.exec_module(new_module)
  File "<frozen importlib._bootstrap_external>", line 879, in exec_module
  File "<frozen importlib._bootstrap_external>", line 1017, in get_code
  File "<frozen importlib._bootstrap_external>", line 947, in source_to_code
  File "<frozen importlib._bootstrap>", line 241, in _call_with_frames_removed
  File "/opt/airflow/dags/weather_pipeline.py", line 2
    from scripts. import extract
                  ^^^^^^
SyntaxError: invalid syntax
[2026-09-17T21:57:34.339+0000] {processor.py:842} WARNING - No viable dags retrieved from /opt/airflow/dags/weather_pipeline.py
[2026-09-17T21:57:34.375+0000] {processor.py:183} INFO - Processing /opt/airflow/dags/weather_pipeline.py took 0.052 seconds
[2026-09-17T21:57:35.383+0000] {processor.py:161} INFO - Started process (PID=110) to work on /opt/airflow/dags/weather_pipeline.py
[2026-09-17T21:57:35.385+0000] {processor.py:830} INFO - Processing file /opt/airflow/dags/weather_pipeline.py for tasks to queue
[2026-09-17T21:57:35.389+0000] {logging_mixin.py:188} INFO - [2026-09-17T21:57:35.387+0000] {dagbag.py:545} INFO - Filling up the DagBag from /opt/airflow/dags/weather_pipeline.py
[2026-09-17T21:57:35.405+0000] {logging_mixin.py:188} INFO - [2026-09-17T21:57:35.402+0000] {dagbag.py:355} ERROR - Failed to import: /opt/airflow/dags/weather_pipeline.py
Traceback (most recent call last):
  File "/home/airflow/.local/lib/python3.10/site-packages/airflow/models/dagbag.py", line 351, in parse
    loader.exec_module(new_module)
  File "<frozen importlib._bootstrap_external>", line 883, in exec_module
  File "<frozen importlib._bootstrap>", line 241, in _call_with_frames_removed
  File "/opt/airflow/dags/weather_pipeline.py", line 2, in <module>
    from scripts.script_01_extract import extract
ModuleNotFoundError: No module named 'scripts.script_01_extract'
[2026-09-17T21:57:35.407+0000] {processor.py:842} WARNING - No viable dags retrieved from /opt/airflow/dags/weather_pipeline.py
[2026-09-17T21:57:35.501+0000] {processor.py:183} INFO - Processing /opt/airflow/dags/weather_pipeline.py took 0.141 seconds
[2026-09-17T21:57:39.570+0000] {processor.py:161} INFO - Started process (PID=111) to work on /opt/airflow/dags/weather_pipeline.py
[2026-09-17T21:57:39.572+0000] {processor.py:830} INFO - Processing file /opt/airflow/dags/weather_pipeline.py for tasks to queue
[2026-09-17T21:57:39.574+0000] {logging_mixin.py:188} INFO - [2026-09-17T21:57:39.573+0000] {dagbag.py:545} INFO - Filling up the DagBag from /opt/airflow/dags/weather_pipeline.py
[2026-09-17T21:57:39.580+0000] {logging_mixin.py:188} INFO - [2026-09-17T21:57:39.578+0000] {dagbag.py:355} ERROR - Failed to import: /opt/airflow/dags/weather_pipeline.py
Traceback (most recent call last):
  File "/home/airflow/.local/lib/python3.10/site-packages/airflow/models/dagbag.py", line 351, in parse
    loader.exec_module(new_module)
  File "<frozen importlib._bootstrap_external>", line 883, in exec_module
  File "<frozen importlib._bootstrap>", line 241, in _call_with_frames_removed
  File "/opt/airflow/dags/weather_pipeline.py", line 2, in <module>
    from scripts.script_01_extract import run_extraction
ModuleNotFoundError: No module named 'scripts.script_01_extract'
[2026-09-17T21:57:39.581+0000] {processor.py:842} WARNING - No viable dags retrieved from /opt/airflow/dags/weather_pipeline.py
[2026-09-17T21:57:39.649+0000] {processor.py:183} INFO - Processing /opt/airflow/dags/weather_pipeline.py took 0.089 seconds
[2026-09-17T21:58:09.827+0000] {processor.py:161} INFO - Started process (PID=112) to work on /opt/airflow/dags/weather_pipeline.py
[2026-09-17T21:58:09.830+0000] {processor.py:830} INFO - Processing file /opt/airflow/dags/weather_pipeline.py for tasks to queue
[2026-09-17T21:58:09.833+0000] {logging_mixin.py:188} INFO - [2026-09-17T21:58:09.832+0000] {dagbag.py:545} INFO - Filling up the DagBag from /opt/airflow/dags/weather_pipeline.py
[2026-09-17T21:58:09.846+0000] {logging_mixin.py:188} INFO - [2026-09-17T21:58:09.844+0000] {dagbag.py:355} ERROR - Failed to import: /opt/airflow/dags/weather_pipeline.py
Traceback (most recent call last):
  File "/home/airflow/.local/lib/python3.10/site-packages/airflow/models/dagbag.py", line 351, in parse
    loader.exec_module(new_module)
  File "<frozen importlib._bootstrap_external>", line 883, in exec_module
  File "<frozen importlib._bootstrap>", line 241, in _call_with_frames_removed
  File "/opt/airflow/dags/weather_pipeline.py", line 2, in <module>
    from scripts.script_01_extract import run_extraction
ModuleNotFoundError: No module named 'scripts.script_01_extract'
[2026-09-17T21:58:09.848+0000] {processor.py:842} WARNING - No viable dags retrieved from /opt/airflow/dags/weather_pipeline.py
[2026-09-17T21:58:09.925+0000] {processor.py:183} INFO - Processing /opt/airflow/dags/weather_pipeline.py took 0.119 seconds
[2026-09-17T21:58:18.045+0000] {processor.py:161} INFO - Started process (PID=113) to work on /opt/airflow/dags/weather_pipeline.py
[2026-09-17T21:58:18.048+0000] {processor.py:830} INFO - Processing file /opt/airflow/dags/weather_pipeline.py for tasks to queue
[2026-09-17T21:58:18.052+0000] {logging_mixin.py:188} INFO - [2026-09-17T21:58:18.051+0000] {dagbag.py:545} INFO - Filling up the DagBag from /opt/airflow/dags/weather_pipeline.py
[2026-09-17T21:58:18.071+0000] {logging_mixin.py:188} INFO - [2026-09-17T21:58:18.066+0000] {dagbag.py:355} ERROR - Failed to import: /opt/airflow/dags/weather_pipeline.py
Traceback (most recent call last):
  File "/home/airflow/.local/lib/python3.10/site-packages/airflow/models/dagbag.py", line 351, in parse
    loader.exec_module(new_module)
  File "<frozen importlib._bootstrap_external>", line 883, in exec_module
  File "<frozen importlib._bootstrap>", line 241, in _call_with_frames_removed
  File "/opt/airflow/dags/weather_pipeline.py", line 2, in <module>
    from scripts.script_01_extract import run_extraction
ModuleNotFoundError: No module named 'scripts.script_01_extract'
[2026-09-17T21:58:18.073+0000] {processor.py:842} WARNING - No viable dags retrieved from /opt/airflow/dags/weather_pipeline.py
[2026-09-17T21:58:18.129+0000] {processor.py:183} INFO - Processing /opt/airflow/dags/weather_pipeline.py took 0.136 seconds
[2026-09-17T21:58:20.071+0000] {processor.py:161} INFO - Started process (PID=114) to work on /opt/airflow/dags/weather_pipeline.py
[2026-09-17T21:58:20.072+0000] {processor.py:830} INFO - Processing file /opt/airflow/dags/weather_pipeline.py for tasks to queue
[2026-09-17T21:58:20.074+0000] {logging_mixin.py:188} INFO - [2026-09-17T21:58:20.074+0000] {dagbag.py:545} INFO - Filling up the DagBag from /opt/airflow/dags/weather_pipeline.py
[2026-09-17T21:58:20.078+0000] {logging_mixin.py:188} INFO - [2026-09-17T21:58:20.077+0000] {dagbag.py:355} ERROR - Failed to import: /opt/airflow/dags/weather_pipeline.py
Traceback (most recent call last):
  File "/home/airflow/.local/lib/python3.10/site-packages/airflow/models/dagbag.py", line 351, in parse
    loader.exec_module(new_module)
  File "<frozen importlib._bootstrap_external>", line 879, in exec_module
  File "<frozen importlib._bootstrap_external>", line 1017, in get_code
  File "<frozen importlib._bootstrap_external>", line 947, in source_to_code
  File "<frozen importlib._bootstrap>", line 241, in _call_with_frames_removed
  File "/opt/airflow/dags/weather_pipeline.py", line 3
    from scripts. import transform
                  ^^^^^^
SyntaxError: invalid syntax
[2026-09-17T21:58:20.078+0000] {processor.py:842} WARNING - No viable dags retrieved from /opt/airflow/dags/weather_pipeline.py
[2026-09-17T21:58:20.116+0000] {processor.py:183} INFO - Processing /opt/airflow/dags/weather_pipeline.py took 0.054 seconds
[2026-09-17T21:58:21.114+0000] {processor.py:161} INFO - Started process (PID=115) to work on /opt/airflow/dags/weather_pipeline.py
[2026-09-17T21:58:21.117+0000] {processor.py:830} INFO - Processing file /opt/airflow/dags/weather_pipeline.py for tasks to queue
[2026-09-17T21:58:21.119+0000] {logging_mixin.py:188} INFO - [2026-09-17T21:58:21.118+0000] {dagbag.py:545} INFO - Filling up the DagBag from /opt/airflow/dags/weather_pipeline.py
[2026-09-17T21:58:21.132+0000] {logging_mixin.py:188} INFO - [2026-09-17T21:58:21.130+0000] {dagbag.py:355} ERROR - Failed to import: /opt/airflow/dags/weather_pipeline.py
Traceback (most recent call last):
  File "/home/airflow/.local/lib/python3.10/site-packages/airflow/models/dagbag.py", line 351, in parse
    loader.exec_module(new_module)
  File "<frozen importlib._bootstrap_external>", line 883, in exec_module
  File "<frozen importlib._bootstrap>", line 241, in _call_with_frames_removed
  File "/opt/airflow/dags/weather_pipeline.py", line 2, in <module>
    from scripts.script_01_extract import run_extraction
ModuleNotFoundError: No module named 'scripts.script_01_extract'
[2026-09-17T21:58:21.134+0000] {processor.py:842} WARNING - No viable dags retrieved from /opt/airflow/dags/weather_pipeline.py
[2026-09-17T21:58:21.232+0000] {processor.py:183} INFO - Processing /opt/airflow/dags/weather_pipeline.py took 0.138 seconds
[2026-09-17T21:58:25.186+0000] {processor.py:161} INFO - Started process (PID=116) to work on /opt/airflow/dags/weather_pipeline.py
[2026-09-17T21:58:25.188+0000] {processor.py:830} INFO - Processing file /opt/airflow/dags/weather_pipeline.py for tasks to queue
[2026-09-17T21:58:25.189+0000] {logging_mixin.py:188} INFO - [2026-09-17T21:58:25.189+0000] {dagbag.py:545} INFO - Filling up the DagBag from /opt/airflow/dags/weather_pipeline.py
[2026-09-17T21:58:25.195+0000] {logging_mixin.py:188} INFO - [2026-09-17T21:58:25.194+0000] {dagbag.py:355} ERROR - Failed to import: /opt/airflow/dags/weather_pipeline.py
Traceback (most recent call last):
  File "/home/airflow/.local/lib/python3.10/site-packages/airflow/models/dagbag.py", line 351, in parse
    loader.exec_module(new_module)
  File "<frozen importlib._bootstrap_external>", line 883, in exec_module
  File "<frozen importlib._bootstrap>", line 241, in _call_with_frames_removed
  File "/opt/airflow/dags/weather_pipeline.py", line 2, in <module>
    from scripts.script_01_extract import run_extraction
ModuleNotFoundError: No module named 'scripts.script_01_extract'
[2026-09-17T21:58:25.196+0000] {processor.py:842} WARNING - No viable dags retrieved from /opt/airflow/dags/weather_pipeline.py
[2026-09-17T21:58:25.235+0000] {processor.py:183} INFO - Processing /opt/airflow/dags/weather_pipeline.py took 0.058 seconds
[2026-09-17T21:58:26.218+0000] {processor.py:161} INFO - Started process (PID=117) to work on /opt/airflow/dags/weather_pipeline.py
[2026-09-17T21:58:26.220+0000] {processor.py:830} INFO - Processing file /opt/airflow/dags/weather_pipeline.py for tasks to queue
[2026-09-17T21:58:26.223+0000] {logging_mixin.py:188} INFO - [2026-09-17T21:58:26.222+0000] {dagbag.py:545} INFO - Filling up the DagBag from /opt/airflow/dags/weather_pipeline.py
[2026-09-17T21:58:26.233+0000] {logging_mixin.py:188} INFO - [2026-09-17T21:58:26.231+0000] {dagbag.py:355} ERROR - Failed to import: /opt/airflow/dags/weather_pipeline.py
Traceback (most recent call last):
  File "/home/airflow/.local/lib/python3.10/site-packages/airflow/models/dagbag.py", line 351, in parse
    loader.exec_module(new_module)
  File "<frozen importlib._bootstrap_external>", line 883, in exec_module
  File "<frozen importlib._bootstrap>", line 241, in _call_with_frames_removed
  File "/opt/airflow/dags/weather_pipeline.py", line 2, in <module>
    from scripts.script_01_extract import run_extraction
ModuleNotFoundError: No module named 'scripts.script_01_extract'
[2026-09-17T21:58:26.234+0000] {processor.py:842} WARNING - No viable dags retrieved from /opt/airflow/dags/weather_pipeline.py
[2026-09-17T21:58:26.300+0000] {processor.py:183} INFO - Processing /opt/airflow/dags/weather_pipeline.py took 0.099 seconds
[2026-09-17T21:58:31.332+0000] {processor.py:161} INFO - Started process (PID=118) to work on /opt/airflow/dags/weather_pipeline.py
[2026-09-17T21:58:31.334+0000] {processor.py:830} INFO - Processing file /opt/airflow/dags/weather_pipeline.py for tasks to queue
[2026-09-17T21:58:31.337+0000] {logging_mixin.py:188} INFO - [2026-09-17T21:58:31.336+0000] {dagbag.py:545} INFO - Filling up the DagBag from /opt/airflow/dags/weather_pipeline.py
[2026-09-17T21:58:31.349+0000] {logging_mixin.py:188} INFO - [2026-09-17T21:58:31.345+0000] {dagbag.py:355} ERROR - Failed to import: /opt/airflow/dags/weather_pipeline.py
Traceback (most recent call last):
  File "/home/airflow/.local/lib/python3.10/site-packages/airflow/models/dagbag.py", line 351, in parse
    loader.exec_module(new_module)
  File "<frozen importlib._bootstrap_external>", line 879, in exec_module
  File "<frozen importlib._bootstrap_external>", line 1017, in get_code
  File "<frozen importlib._bootstrap_external>", line 947, in source_to_code
  File "<frozen importlib._bootstrap>", line 241, in _call_with_frames_removed
  File "/opt/airflow/dags/weather_pipeline.py", line 4
    from scripts. import load_weather
                  ^^^^^^
SyntaxError: invalid syntax
[2026-09-17T21:58:31.351+0000] {processor.py:842} WARNING - No viable dags retrieved from /opt/airflow/dags/weather_pipeline.py
[2026-09-17T21:58:31.471+0000] {processor.py:183} INFO - Processing /opt/airflow/dags/weather_pipeline.py took 0.161 seconds
[2026-09-17T21:58:32.413+0000] {processor.py:161} INFO - Started process (PID=119) to work on /opt/airflow/dags/weather_pipeline.py
[2026-09-17T21:58:32.416+0000] {processor.py:830} INFO - Processing file /opt/airflow/dags/weather_pipeline.py for tasks to queue
[2026-09-17T21:58:32.419+0000] {logging_mixin.py:188} INFO - [2026-09-17T21:58:32.418+0000] {dagbag.py:545} INFO - Filling up the DagBag from /opt/airflow/dags/weather_pipeline.py
[2026-09-17T21:58:32.431+0000] {logging_mixin.py:188} INFO - [2026-09-17T21:58:32.428+0000] {dagbag.py:355} ERROR - Failed to import: /opt/airflow/dags/weather_pipeline.py
Traceback (most recent call last):
  File "/home/airflow/.local/lib/python3.10/site-packages/airflow/models/dagbag.py", line 351, in parse
    loader.exec_module(new_module)
  File "<frozen importlib._bootstrap_external>", line 883, in exec_module
  File "<frozen importlib._bootstrap>", line 241, in _call_with_frames_removed
  File "/opt/airflow/dags/weather_pipeline.py", line 2, in <module>
    from scripts.script_01_extract import run_extraction
ModuleNotFoundError: No module named 'scripts.script_01_extract'
[2026-09-17T21:58:32.433+0000] {processor.py:842} WARNING - No viable dags retrieved from /opt/airflow/dags/weather_pipeline.py
[2026-09-17T21:58:32.515+0000] {processor.py:183} INFO - Processing /opt/airflow/dags/weather_pipeline.py took 0.123 seconds
[2026-09-17T21:58:36.596+0000] {processor.py:161} INFO - Started process (PID=120) to work on /opt/airflow/dags/weather_pipeline.py
[2026-09-17T21:58:36.598+0000] {processor.py:830} INFO - Processing file /opt/airflow/dags/weather_pipeline.py for tasks to queue
[2026-09-17T21:58:36.601+0000] {logging_mixin.py:188} INFO - [2026-09-17T21:58:36.600+0000] {dagbag.py:545} INFO - Filling up the DagBag from /opt/airflow/dags/weather_pipeline.py
[2026-09-17T21:58:36.616+0000] {logging_mixin.py:188} INFO - [2026-09-17T21:58:36.613+0000] {dagbag.py:355} ERROR - Failed to import: /opt/airflow/dags/weather_pipeline.py
Traceback (most recent call last):
  File "/home/airflow/.local/lib/python3.10/site-packages/airflow/models/dagbag.py", line 351, in parse
    loader.exec_module(new_module)
  File "<frozen importlib._bootstrap_external>", line 883, in exec_module
  File "<frozen importlib._bootstrap>", line 241, in _call_with_frames_removed
  File "/opt/airflow/dags/weather_pipeline.py", line 2, in <module>
    from scripts.script_01_extract import run_extraction
ModuleNotFoundError: No module named 'scripts.script_01_extract'
[2026-09-17T21:58:36.618+0000] {processor.py:842} WARNING - No viable dags retrieved from /opt/airflow/dags/weather_pipeline.py
[2026-09-17T21:58:36.702+0000] {processor.py:183} INFO - Processing /opt/airflow/dags/weather_pipeline.py took 0.128 seconds
[2026-09-17T21:58:40.659+0000] {processor.py:161} INFO - Started process (PID=121) to work on /opt/airflow/dags/weather_pipeline.py
[2026-09-17T21:58:40.661+0000] {processor.py:830} INFO - Processing file /opt/airflow/dags/weather_pipeline.py for tasks to queue
[2026-09-17T21:58:40.664+0000] {logging_mixin.py:188} INFO - [2026-09-17T21:58:40.663+0000] {dagbag.py:545} INFO - Filling up the DagBag from /opt/airflow/dags/weather_pipeline.py
[2026-09-17T21:58:40.677+0000] {logging_mixin.py:188} INFO - [2026-09-17T21:58:40.675+0000] {dagbag.py:355} ERROR - Failed to import: /opt/airflow/dags/weather_pipeline.py
Traceback (most recent call last):
  File "/home/airflow/.local/lib/python3.10/site-packages/airflow/models/dagbag.py", line 351, in parse
    loader.exec_module(new_module)
  File "<frozen importlib._bootstrap_external>", line 883, in exec_module
  File "<frozen importlib._bootstrap>", line 241, in _call_with_frames_removed
  File "/opt/airflow/dags/weather_pipeline.py", line 2, in <module>
    from scripts.script_01_extract import run_extraction
ModuleNotFoundError: No module named 'scripts.script_01_extract'
[2026-09-17T21:58:40.679+0000] {processor.py:842} WARNING - No viable dags retrieved from /opt/airflow/dags/weather_pipeline.py
[2026-09-17T21:58:40.746+0000] {processor.py:183} INFO - Processing /opt/airflow/dags/weather_pipeline.py took 0.110 seconds
[2026-09-17T21:58:42.803+0000] {processor.py:161} INFO - Started process (PID=122) to work on /opt/airflow/dags/weather_pipeline.py
[2026-09-17T21:58:42.806+0000] {processor.py:830} INFO - Processing file /opt/airflow/dags/weather_pipeline.py for tasks to queue
[2026-09-17T21:58:42.809+0000] {logging_mixin.py:188} INFO - [2026-09-17T21:58:42.808+0000] {dagbag.py:545} INFO - Filling up the DagBag from /opt/airflow/dags/weather_pipeline.py
[2026-09-17T21:58:42.821+0000] {logging_mixin.py:188} INFO - [2026-09-17T21:58:42.819+0000] {dagbag.py:355} ERROR - Failed to import: /opt/airflow/dags/weather_pipeline.py
Traceback (most recent call last):
  File "/home/airflow/.local/lib/python3.10/site-packages/airflow/models/dagbag.py", line 351, in parse
    loader.exec_module(new_module)
  File "<frozen importlib._bootstrap_external>", line 883, in exec_module
  File "<frozen importlib._bootstrap>", line 241, in _call_with_frames_removed
  File "/opt/airflow/dags/weather_pipeline.py", line 2, in <module>
    from scripts.script_01_extract import run_extraction
ModuleNotFoundError: No module named 'scripts.script_01_extract'
[2026-09-17T21:58:42.823+0000] {processor.py:842} WARNING - No viable dags retrieved from /opt/airflow/dags/weather_pipeline.py
[2026-09-17T21:58:42.898+0000] {processor.py:183} INFO - Processing /opt/airflow/dags/weather_pipeline.py took 0.118 seconds
[2026-09-17T21:58:51.897+0000] {processor.py:161} INFO - Started process (PID=123) to work on /opt/airflow/dags/weather_pipeline.py
[2026-09-17T21:58:51.899+0000] {processor.py:830} INFO - Processing file /opt/airflow/dags/weather_pipeline.py for tasks to queue
[2026-09-17T21:58:51.901+0000] {logging_mixin.py:188} INFO - [2026-09-17T21:58:51.900+0000] {dagbag.py:545} INFO - Filling up the DagBag from /opt/airflow/dags/weather_pipeline.py
[2026-09-17T21:58:51.913+0000] {logging_mixin.py:188} INFO - [2026-09-17T21:58:51.910+0000] {dagbag.py:355} ERROR - Failed to import: /opt/airflow/dags/weather_pipeline.py
Traceback (most recent call last):
  File "/home/airflow/.local/lib/python3.10/site-packages/airflow/models/dagbag.py", line 351, in parse
    loader.exec_module(new_module)
  File "<frozen importlib._bootstrap_external>", line 883, in exec_module
  File "<frozen importlib._bootstrap>", line 241, in _call_with_frames_removed
  File "/opt/airflow/dags/weather_pipeline.py", line 2, in <module>
    from scripts.script_01_extract import run_extraction
ModuleNotFoundError: No module named 'scripts.script_01_extract'
[2026-09-17T21:58:51.915+0000] {processor.py:842} WARNING - No viable dags retrieved from /opt/airflow/dags/weather_pipeline.py
[2026-09-17T21:58:52.026+0000] {processor.py:183} INFO - Processing /opt/airflow/dags/weather_pipeline.py took 0.149 seconds
[2026-09-17T21:58:53.068+0000] {processor.py:161} INFO - Started process (PID=124) to work on /opt/airflow/dags/weather_pipeline.py
[2026-09-17T21:58:53.071+0000] {processor.py:830} INFO - Processing file /opt/airflow/dags/weather_pipeline.py for tasks to queue
[2026-09-17T21:58:53.075+0000] {logging_mixin.py:188} INFO - [2026-09-17T21:58:53.073+0000] {dagbag.py:545} INFO - Filling up the DagBag from /opt/airflow/dags/weather_pipeline.py
[2026-09-17T21:58:53.090+0000] {logging_mixin.py:188} INFO - [2026-09-17T21:58:53.087+0000] {dagbag.py:355} ERROR - Failed to import: /opt/airflow/dags/weather_pipeline.py
Traceback (most recent call last):
  File "/home/airflow/.local/lib/python3.10/site-packages/airflow/models/dagbag.py", line 351, in parse
    loader.exec_module(new_module)
  File "<frozen importlib._bootstrap_external>", line 883, in exec_module
  File "<frozen importlib._bootstrap>", line 241, in _call_with_frames_removed
  File "/opt/airflow/dags/weather_pipeline.py", line 2, in <module>
    from scripts.script_01_extract import run_extraction
ModuleNotFoundError: No module named 'scripts.script_01_extract'
[2026-09-17T21:58:53.092+0000] {processor.py:842} WARNING - No viable dags retrieved from /opt/airflow/dags/weather_pipeline.py
[2026-09-17T21:58:53.175+0000] {processor.py:183} INFO - Processing /opt/airflow/dags/weather_pipeline.py took 0.132 seconds
[2026-09-17T21:59:00.165+0000] {processor.py:161} INFO - Started process (PID=125) to work on /opt/airflow/dags/weather_pipeline.py
[2026-09-17T21:59:00.168+0000] {processor.py:830} INFO - Processing file /opt/airflow/dags/weather_pipeline.py for tasks to queue
[2026-09-17T21:59:00.171+0000] {logging_mixin.py:188} INFO - [2026-09-17T21:59:00.170+0000] {dagbag.py:545} INFO - Filling up the DagBag from /opt/airflow/dags/weather_pipeline.py
[2026-09-17T21:59:00.183+0000] {logging_mixin.py:188} INFO - [2026-09-17T21:59:00.180+0000] {dagbag.py:355} ERROR - Failed to import: /opt/airflow/dags/weather_pipeline.py
Traceback (most recent call last):
  File "/home/airflow/.local/lib/python3.10/site-packages/airflow/models/dagbag.py", line 351, in parse
    loader.exec_module(new_module)
  File "<frozen importlib._bootstrap_external>", line 883, in exec_module
  File "<frozen importlib._bootstrap>", line 241, in _call_with_frames_removed
  File "/opt/airflow/dags/weather_pipeline.py", line 2, in <module>
    from scripts.script_01_extract import run_extraction
ModuleNotFoundError: No module named 'scripts.script_01_extract'
[2026-09-17T21:59:00.184+0000] {processor.py:842} WARNING - No viable dags retrieved from /opt/airflow/dags/weather_pipeline.py
[2026-09-17T21:59:00.273+0000] {processor.py:183} INFO - Processing /opt/airflow/dags/weather_pipeline.py took 0.129 seconds
[2026-09-17T21:59:06.331+0000] {processor.py:161} INFO - Started process (PID=126) to work on /opt/airflow/dags/weather_pipeline.py
[2026-09-17T21:59:06.332+0000] {processor.py:830} INFO - Processing file /opt/airflow/dags/weather_pipeline.py for tasks to queue
[2026-09-17T21:59:06.334+0000] {logging_mixin.py:188} INFO - [2026-09-17T21:59:06.333+0000] {dagbag.py:545} INFO - Filling up the DagBag from /opt/airflow/dags/weather_pipeline.py
[2026-09-17T21:59:06.341+0000] {logging_mixin.py:188} INFO - [2026-09-17T21:59:06.339+0000] {dagbag.py:355} ERROR - Failed to import: /opt/airflow/dags/weather_pipeline.py
Traceback (most recent call last):
  File "/home/airflow/.local/lib/python3.10/site-packages/airflow/models/dagbag.py", line 351, in parse
    loader.exec_module(new_module)
  File "<frozen importlib._bootstrap_external>", line 883, in exec_module
  File "<frozen importlib._bootstrap>", line 241, in _call_with_frames_removed
  File "/opt/airflow/dags/weather_pipeline.py", line 2, in <module>
    from scripts.script_01_extract import run_extraction
ModuleNotFoundError: No module named 'scripts.script_01_extract'
[2026-09-17T21:59:06.342+0000] {processor.py:842} WARNING - No viable dags retrieved from /opt/airflow/dags/weather_pipeline.py
[2026-09-17T21:59:06.382+0000] {processor.py:183} INFO - Processing /opt/airflow/dags/weather_pipeline.py took 0.062 seconds
[2026-09-17T21:59:10.431+0000] {processor.py:161} INFO - Started process (PID=127) to work on /opt/airflow/dags/weather_pipeline.py
[2026-09-17T21:59:10.434+0000] {processor.py:830} INFO - Processing file /opt/airflow/dags/weather_pipeline.py for tasks to queue
[2026-09-17T21:59:10.436+0000] {logging_mixin.py:188} INFO - [2026-09-17T21:59:10.435+0000] {dagbag.py:545} INFO - Filling up the DagBag from /opt/airflow/dags/weather_pipeline.py
[2026-09-17T21:59:10.446+0000] {logging_mixin.py:188} INFO - [2026-09-17T21:59:10.444+0000] {dagbag.py:355} ERROR - Failed to import: /opt/airflow/dags/weather_pipeline.py
Traceback (most recent call last):
  File "/home/airflow/.local/lib/python3.10/site-packages/airflow/models/dagbag.py", line 351, in parse
    loader.exec_module(new_module)
  File "<frozen importlib._bootstrap_external>", line 879, in exec_module
  File "<frozen importlib._bootstrap_external>", line 1017, in get_code
  File "<frozen importlib._bootstrap_external>", line 947, in source_to_code
  File "<frozen importlib._bootstrap>", line 241, in _call_with_frames_removed
  File "/opt/airflow/dags/weather_pipeline.py", line 40
    )
IndentationError: unexpected indent
[2026-09-17T21:59:10.448+0000] {processor.py:842} WARNING - No viable dags retrieved from /opt/airflow/dags/weather_pipeline.py
[2026-09-17T21:59:10.540+0000] {processor.py:183} INFO - Processing /opt/airflow/dags/weather_pipeline.py took 0.133 seconds
[2026-09-17T21:59:15.493+0000] {processor.py:161} INFO - Started process (PID=128) to work on /opt/airflow/dags/weather_pipeline.py
[2026-09-17T21:59:15.495+0000] {processor.py:830} INFO - Processing file /opt/airflow/dags/weather_pipeline.py for tasks to queue
[2026-09-17T21:59:15.497+0000] {logging_mixin.py:188} INFO - [2026-09-17T21:59:15.496+0000] {dagbag.py:545} INFO - Filling up the DagBag from /opt/airflow/dags/weather_pipeline.py
[2026-09-17T21:59:15.504+0000] {logging_mixin.py:188} INFO - [2026-09-17T21:59:15.502+0000] {dagbag.py:355} ERROR - Failed to import: /opt/airflow/dags/weather_pipeline.py
Traceback (most recent call last):
  File "/home/airflow/.local/lib/python3.10/site-packages/airflow/models/dagbag.py", line 351, in parse
    loader.exec_module(new_module)
  File "<frozen importlib._bootstrap_external>", line 883, in exec_module
  File "<frozen importlib._bootstrap>", line 241, in _call_with_frames_removed
  File "/opt/airflow/dags/weather_pipeline.py", line 2, in <module>
    from scripts.script_01_extract import run_extraction
ModuleNotFoundError: No module named 'scripts.script_01_extract'
[2026-09-17T21:59:15.505+0000] {processor.py:842} WARNING - No viable dags retrieved from /opt/airflow/dags/weather_pipeline.py
[2026-09-17T21:59:15.540+0000] {processor.py:183} INFO - Processing /opt/airflow/dags/weather_pipeline.py took 0.058 seconds
[2026-09-17T21:59:23.585+0000] {processor.py:161} INFO - Started process (PID=129) to work on /opt/airflow/dags/weather_pipeline.py
[2026-09-17T21:59:23.588+0000] {processor.py:830} INFO - Processing file /opt/airflow/dags/weather_pipeline.py for tasks to queue
[2026-09-17T21:59:23.591+0000] {logging_mixin.py:188} INFO - [2026-09-17T21:59:23.590+0000] {dagbag.py:545} INFO - Filling up the DagBag from /opt/airflow/dags/weather_pipeline.py
[2026-09-17T21:59:23.604+0000] {logging_mixin.py:188} INFO - [2026-09-17T21:59:23.601+0000] {dagbag.py:355} ERROR - Failed to import: /opt/airflow/dags/weather_pipeline.py
Traceback (most recent call last):
  File "/home/airflow/.local/lib/python3.10/site-packages/airflow/models/dagbag.py", line 351, in parse
    loader.exec_module(new_module)
  File "<frozen importlib._bootstrap_external>", line 883, in exec_module
  File "<frozen importlib._bootstrap>", line 241, in _call_with_frames_removed
  File "/opt/airflow/dags/weather_pipeline.py", line 2, in <module>
    from scripts.script_01_extract import run_extraction
ModuleNotFoundError: No module named 'scripts.script_01_extract'
[2026-09-17T21:59:23.606+0000] {processor.py:842} WARNING - No viable dags retrieved from /opt/airflow/dags/weather_pipeline.py
[2026-09-17T21:59:23.688+0000] {processor.py:183} INFO - Processing /opt/airflow/dags/weather_pipeline.py took 0.126 seconds
[2026-09-17T21:59:32.707+0000] {processor.py:161} INFO - Started process (PID=130) to work on /opt/airflow/dags/weather_pipeline.py
[2026-09-17T21:59:32.709+0000] {processor.py:830} INFO - Processing file /opt/airflow/dags/weather_pipeline.py for tasks to queue
[2026-09-17T21:59:32.711+0000] {logging_mixin.py:188} INFO - [2026-09-17T21:59:32.710+0000] {dagbag.py:545} INFO - Filling up the DagBag from /opt/airflow/dags/weather_pipeline.py
[2026-09-17T21:59:32.720+0000] {logging_mixin.py:188} INFO - [2026-09-17T21:59:32.718+0000] {dagbag.py:355} ERROR - Failed to import: /opt/airflow/dags/weather_pipeline.py
Traceback (most recent call last):
  File "/home/airflow/.local/lib/python3.10/site-packages/airflow/models/dagbag.py", line 351, in parse
    loader.exec_module(new_module)
  File "<frozen importlib._bootstrap_external>", line 883, in exec_module
  File "<frozen importlib._bootstrap>", line 241, in _call_with_frames_removed
  File "/opt/airflow/dags/weather_pipeline.py", line 2, in <module>
    from scripts.script_01_extract import run_extraction
ModuleNotFoundError: No module named 'scripts.script_01_extract'
[2026-09-17T21:59:32.721+0000] {processor.py:842} WARNING - No viable dags retrieved from /opt/airflow/dags/weather_pipeline.py
[2026-09-17T21:59:32.776+0000] {processor.py:183} INFO - Processing /opt/airflow/dags/weather_pipeline.py took 0.085 seconds
[2026-09-17T21:59:35.802+0000] {processor.py:161} INFO - Started process (PID=131) to work on /opt/airflow/dags/weather_pipeline.py
[2026-09-17T21:59:35.803+0000] {processor.py:830} INFO - Processing file /opt/airflow/dags/weather_pipeline.py for tasks to queue
[2026-09-17T21:59:35.804+0000] {logging_mixin.py:188} INFO - [2026-09-17T21:59:35.804+0000] {dagbag.py:545} INFO - Filling up the DagBag from /opt/airflow/dags/weather_pipeline.py
[2026-09-17T21:59:35.811+0000] {logging_mixin.py:188} INFO - [2026-09-17T21:59:35.810+0000] {dagbag.py:355} ERROR - Failed to import: /opt/airflow/dags/weather_pipeline.py
Traceback (most recent call last):
  File "/home/airflow/.local/lib/python3.10/site-packages/airflow/models/dagbag.py", line 351, in parse
    loader.exec_module(new_module)
  File "<frozen importlib._bootstrap_external>", line 883, in exec_module
  File "<frozen importlib._bootstrap>", line 241, in _call_with_frames_removed
  File "/opt/airflow/dags/weather_pipeline.py", line 2, in <module>
    from scripts.script_01_extract import run_extraction
ModuleNotFoundError: No module named 'scripts.script_01_extract'
[2026-09-17T21:59:35.811+0000] {processor.py:842} WARNING - No viable dags retrieved from /opt/airflow/dags/weather_pipeline.py
[2026-09-17T21:59:35.849+0000] {processor.py:183} INFO - Processing /opt/airflow/dags/weather_pipeline.py took 0.055 seconds
[2026-09-17T21:59:38.879+0000] {processor.py:161} INFO - Started process (PID=132) to work on /opt/airflow/dags/weather_pipeline.py
[2026-09-17T21:59:38.882+0000] {processor.py:830} INFO - Processing file /opt/airflow/dags/weather_pipeline.py for tasks to queue
[2026-09-17T21:59:38.884+0000] {logging_mixin.py:188} INFO - [2026-09-17T21:59:38.883+0000] {dagbag.py:545} INFO - Filling up the DagBag from /opt/airflow/dags/weather_pipeline.py
[2026-09-17T21:59:38.896+0000] {logging_mixin.py:188} INFO - [2026-09-17T21:59:38.894+0000] {dagbag.py:355} ERROR - Failed to import: /opt/airflow/dags/weather_pipeline.py
Traceback (most recent call last):
  File "/home/airflow/.local/lib/python3.10/site-packages/airflow/models/dagbag.py", line 351, in parse
    loader.exec_module(new_module)
  File "<frozen importlib._bootstrap_external>", line 883, in exec_module
  File "<frozen importlib._bootstrap>", line 241, in _call_with_frames_removed
  File "/opt/airflow/dags/weather_pipeline.py", line 2, in <module>
    from scripts.script_01_extract import run_extraction
ModuleNotFoundError: No module named 'scripts.script_01_extract'
[2026-09-17T21:59:38.898+0000] {processor.py:842} WARNING - No viable dags retrieved from /opt/airflow/dags/weather_pipeline.py
[2026-09-17T21:59:38.980+0000] {processor.py:183} INFO - Processing /opt/airflow/dags/weather_pipeline.py took 0.124 seconds
[2026-09-17T21:59:41.951+0000] {processor.py:161} INFO - Started process (PID=133) to work on /opt/airflow/dags/weather_pipeline.py
[2026-09-17T21:59:41.953+0000] {processor.py:830} INFO - Processing file /opt/airflow/dags/weather_pipeline.py for tasks to queue
[2026-09-17T21:59:41.956+0000] {logging_mixin.py:188} INFO - [2026-09-17T21:59:41.955+0000] {dagbag.py:545} INFO - Filling up the DagBag from /opt/airflow/dags/weather_pipeline.py
[2026-09-17T21:59:41.969+0000] {logging_mixin.py:188} INFO - [2026-09-17T21:59:41.966+0000] {dagbag.py:355} ERROR - Failed to import: /opt/airflow/dags/weather_pipeline.py
Traceback (most recent call last):
  File "/home/airflow/.local/lib/python3.10/site-packages/airflow/models/dagbag.py", line 351, in parse
    loader.exec_module(new_module)
  File "<frozen importlib._bootstrap_external>", line 883, in exec_module
  File "<frozen importlib._bootstrap>", line 241, in _call_with_frames_removed
  File "/opt/airflow/dags/weather_pipeline.py", line 2, in <module>
    from scripts.script_01_extract import run_extraction
ModuleNotFoundError: No module named 'scripts.script_01_extract'
[2026-09-17T21:59:41.971+0000] {processor.py:842} WARNING - No viable dags retrieved from /opt/airflow/dags/weather_pipeline.py
[2026-09-17T21:59:42.062+0000] {processor.py:183} INFO - Processing /opt/airflow/dags/weather_pipeline.py took 0.131 seconds
[2026-09-17T21:59:45.074+0000] {processor.py:161} INFO - Started process (PID=134) to work on /opt/airflow/dags/weather_pipeline.py
[2026-09-17T21:59:45.075+0000] {processor.py:830} INFO - Processing file /opt/airflow/dags/weather_pipeline.py for tasks to queue
[2026-09-17T21:59:45.076+0000] {logging_mixin.py:188} INFO - [2026-09-17T21:59:45.076+0000] {dagbag.py:545} INFO - Filling up the DagBag from /opt/airflow/dags/weather_pipeline.py
[2026-09-17T21:59:45.082+0000] {logging_mixin.py:188} INFO - [2026-09-17T21:59:45.080+0000] {dagbag.py:355} ERROR - Failed to import: /opt/airflow/dags/weather_pipeline.py
Traceback (most recent call last):
  File "/home/airflow/.local/lib/python3.10/site-packages/airflow/models/dagbag.py", line 351, in parse
    loader.exec_module(new_module)
  File "<frozen importlib._bootstrap_external>", line 883, in exec_module
  File "<frozen importlib._bootstrap>", line 241, in _call_with_frames_removed
  File "/opt/airflow/dags/weather_pipeline.py", line 2, in <module>
    from scripts.script_01_extract import run_extraction
ModuleNotFoundError: No module named 'scripts.script_01_extract'
[2026-09-17T21:59:45.082+0000] {processor.py:842} WARNING - No viable dags retrieved from /opt/airflow/dags/weather_pipeline.py
[2026-09-17T21:59:45.117+0000] {processor.py:183} INFO - Processing /opt/airflow/dags/weather_pipeline.py took 0.053 seconds
[2026-09-17T21:59:47.164+0000] {processor.py:161} INFO - Started process (PID=135) to work on /opt/airflow/dags/weather_pipeline.py
[2026-09-17T21:59:47.167+0000] {processor.py:830} INFO - Processing file /opt/airflow/dags/weather_pipeline.py for tasks to queue
[2026-09-17T21:59:47.170+0000] {logging_mixin.py:188} INFO - [2026-09-17T21:59:47.169+0000] {dagbag.py:545} INFO - Filling up the DagBag from /opt/airflow/dags/weather_pipeline.py
[2026-09-17T21:59:47.179+0000] {logging_mixin.py:188} INFO - [2026-09-17T21:59:47.177+0000] {dagbag.py:355} ERROR - Failed to import: /opt/airflow/dags/weather_pipeline.py
Traceback (most recent call last):
  File "/home/airflow/.local/lib/python3.10/site-packages/airflow/models/dagbag.py", line 351, in parse
    loader.exec_module(new_module)
  File "<frozen importlib._bootstrap_external>", line 879, in exec_module
  File "<frozen importlib._bootstrap_external>", line 1017, in get_code
  File "<frozen importlib._bootstrap_external>", line 947, in source_to_code
  File "<frozen importlib._bootstrap>", line 241, in _call_with_frames_removed
  File "/opt/airflow/dags/weather_pipeline.py", line 37
    python_callable=,
                    ^
SyntaxError: invalid syntax
[2026-09-17T21:59:47.181+0000] {processor.py:842} WARNING - No viable dags retrieved from /opt/airflow/dags/weather_pipeline.py
[2026-09-17T21:59:47.270+0000] {processor.py:183} INFO - Processing /opt/airflow/dags/weather_pipeline.py took 0.126 seconds
[2026-09-17T21:59:51.202+0000] {processor.py:161} INFO - Started process (PID=136) to work on /opt/airflow/dags/weather_pipeline.py
[2026-09-17T21:59:51.203+0000] {processor.py:830} INFO - Processing file /opt/airflow/dags/weather_pipeline.py for tasks to queue
[2026-09-17T21:59:51.204+0000] {logging_mixin.py:188} INFO - [2026-09-17T21:59:51.204+0000] {dagbag.py:545} INFO - Filling up the DagBag from /opt/airflow/dags/weather_pipeline.py
[2026-09-17T21:59:51.209+0000] {logging_mixin.py:188} INFO - [2026-09-17T21:59:51.208+0000] {dagbag.py:355} ERROR - Failed to import: /opt/airflow/dags/weather_pipeline.py
Traceback (most recent call last):
  File "/home/airflow/.local/lib/python3.10/site-packages/airflow/models/dagbag.py", line 351, in parse
    loader.exec_module(new_module)
  File "<frozen importlib._bootstrap_external>", line 883, in exec_module
  File "<frozen importlib._bootstrap>", line 241, in _call_with_frames_removed
  File "/opt/airflow/dags/weather_pipeline.py", line 2, in <module>
    from scripts.script_01_extract import run_extraction
ModuleNotFoundError: No module named 'scripts.script_01_extract'
[2026-09-17T21:59:51.209+0000] {processor.py:842} WARNING - No viable dags retrieved from /opt/airflow/dags/weather_pipeline.py
[2026-09-17T21:59:51.245+0000] {processor.py:183} INFO - Processing /opt/airflow/dags/weather_pipeline.py took 0.053 seconds
[2026-09-17T22:00:06.364+0000] {processor.py:161} INFO - Started process (PID=137) to work on /opt/airflow/dags/weather_pipeline.py
[2026-09-17T22:00:06.366+0000] {processor.py:830} INFO - Processing file /opt/airflow/dags/weather_pipeline.py for tasks to queue
[2026-09-17T22:00:06.370+0000] {logging_mixin.py:188} INFO - [2026-09-17T22:00:06.368+0000] {dagbag.py:545} INFO - Filling up the DagBag from /opt/airflow/dags/weather_pipeline.py
[2026-09-17T22:00:06.382+0000] {logging_mixin.py:188} INFO - [2026-09-17T22:00:06.379+0000] {dagbag.py:355} ERROR - Failed to import: /opt/airflow/dags/weather_pipeline.py
Traceback (most recent call last):
  File "/home/airflow/.local/lib/python3.10/site-packages/airflow/models/dagbag.py", line 351, in parse
    loader.exec_module(new_module)
  File "<frozen importlib._bootstrap_external>", line 883, in exec_module
  File "<frozen importlib._bootstrap>", line 241, in _call_with_frames_removed
  File "/opt/airflow/dags/weather_pipeline.py", line 2, in <module>
    from scripts.script_01_extract import run_extraction
ModuleNotFoundError: No module named 'scripts.script_01_extract'
[2026-09-17T22:00:06.384+0000] {processor.py:842} WARNING - No viable dags retrieved from /opt/airflow/dags/weather_pipeline.py
[2026-09-17T22:00:06.473+0000] {processor.py:183} INFO - Processing /opt/airflow/dags/weather_pipeline.py took 0.129 seconds
[2026-09-17T22:00:08.433+0000] {processor.py:161} INFO - Started process (PID=138) to work on /opt/airflow/dags/weather_pipeline.py
[2026-09-17T22:00:08.436+0000] {processor.py:830} INFO - Processing file /opt/airflow/dags/weather_pipeline.py for tasks to queue
[2026-09-17T22:00:08.440+0000] {logging_mixin.py:188} INFO - [2026-09-17T22:00:08.438+0000] {dagbag.py:545} INFO - Filling up the DagBag from /opt/airflow/dags/weather_pipeline.py
[2026-09-17T22:00:08.456+0000] {logging_mixin.py:188} INFO - [2026-09-17T22:00:08.452+0000] {dagbag.py:355} ERROR - Failed to import: /opt/airflow/dags/weather_pipeline.py
Traceback (most recent call last):
  File "/home/airflow/.local/lib/python3.10/site-packages/airflow/models/dagbag.py", line 351, in parse
    loader.exec_module(new_module)
  File "<frozen importlib._bootstrap_external>", line 883, in exec_module
  File "<frozen importlib._bootstrap>", line 241, in _call_with_frames_removed
  File "/opt/airflow/dags/weather_pipeline.py", line 2, in <module>
    from scripts.script_01_extract import run_extraction
ModuleNotFoundError: No module named 'scripts.script_01_extract'
[2026-09-17T22:00:08.458+0000] {processor.py:842} WARNING - No viable dags retrieved from /opt/airflow/dags/weather_pipeline.py
[2026-09-17T22:00:08.542+0000] {processor.py:183} INFO - Processing /opt/airflow/dags/weather_pipeline.py took 0.137 seconds
[2026-09-17T22:00:38.731+0000] {processor.py:161} INFO - Started process (PID=139) to work on /opt/airflow/dags/weather_pipeline.py
[2026-09-17T22:00:38.733+0000] {processor.py:830} INFO - Processing file /opt/airflow/dags/weather_pipeline.py for tasks to queue
[2026-09-17T22:00:38.735+0000] {logging_mixin.py:188} INFO - [2026-09-17T22:00:38.734+0000] {dagbag.py:545} INFO - Filling up the DagBag from /opt/airflow/dags/weather_pipeline.py
[2026-09-17T22:00:38.739+0000] {logging_mixin.py:188} INFO - [2026-09-17T22:00:38.738+0000] {dagbag.py:355} ERROR - Failed to import: /opt/airflow/dags/weather_pipeline.py
Traceback (most recent call last):
  File "/home/airflow/.local/lib/python3.10/site-packages/airflow/models/dagbag.py", line 351, in parse
    loader.exec_module(new_module)
  File "<frozen importlib._bootstrap_external>", line 883, in exec_module
  File "<frozen importlib._bootstrap>", line 241, in _call_with_frames_removed
  File "/opt/airflow/dags/weather_pipeline.py", line 2, in <module>
    from scripts.script_01_extract import run_extraction
ModuleNotFoundError: No module named 'scripts.script_01_extract'
[2026-09-17T22:00:38.740+0000] {processor.py:842} WARNING - No viable dags retrieved from /opt/airflow/dags/weather_pipeline.py
[2026-09-17T22:00:38.778+0000] {processor.py:183} INFO - Processing /opt/airflow/dags/weather_pipeline.py took 0.054 seconds
[2026-09-17T22:01:08.994+0000] {processor.py:161} INFO - Started process (PID=140) to work on /opt/airflow/dags/weather_pipeline.py
[2026-09-17T22:01:08.997+0000] {processor.py:830} INFO - Processing file /opt/airflow/dags/weather_pipeline.py for tasks to queue
[2026-09-17T22:01:08.999+0000] {logging_mixin.py:188} INFO - [2026-09-17T22:01:08.998+0000] {dagbag.py:545} INFO - Filling up the DagBag from /opt/airflow/dags/weather_pipeline.py
[2026-09-17T22:01:09.016+0000] {logging_mixin.py:188} INFO - [2026-09-17T22:01:09.014+0000] {dagbag.py:355} ERROR - Failed to import: /opt/airflow/dags/weather_pipeline.py
Traceback (most recent call last):
  File "/home/airflow/.local/lib/python3.10/site-packages/airflow/models/dagbag.py", line 351, in parse
    loader.exec_module(new_module)
  File "<frozen importlib._bootstrap_external>", line 883, in exec_module
  File "<frozen importlib._bootstrap>", line 241, in _call_with_frames_removed
  File "/opt/airflow/dags/weather_pipeline.py", line 2, in <module>
    from scripts.script_01_extract import run_extraction
ModuleNotFoundError: No module named 'scripts.script_01_extract'
[2026-09-17T22:01:09.018+0000] {processor.py:842} WARNING - No viable dags retrieved from /opt/airflow/dags/weather_pipeline.py
[2026-09-17T22:01:09.093+0000] {processor.py:183} INFO - Processing /opt/airflow/dags/weather_pipeline.py took 0.125 seconds
[2026-09-17T22:01:39.264+0000] {processor.py:161} INFO - Started process (PID=141) to work on /opt/airflow/dags/weather_pipeline.py
[2026-09-17T22:01:39.267+0000] {processor.py:830} INFO - Processing file /opt/airflow/dags/weather_pipeline.py for tasks to queue
[2026-09-17T22:01:39.270+0000] {logging_mixin.py:188} INFO - [2026-09-17T22:01:39.269+0000] {dagbag.py:545} INFO - Filling up the DagBag from /opt/airflow/dags/weather_pipeline.py
[2026-09-17T22:01:39.286+0000] {logging_mixin.py:188} INFO - [2026-09-17T22:01:39.284+0000] {dagbag.py:355} ERROR - Failed to import: /opt/airflow/dags/weather_pipeline.py
Traceback (most recent call last):
  File "/home/airflow/.local/lib/python3.10/site-packages/airflow/models/dagbag.py", line 351, in parse
    loader.exec_module(new_module)
  File "<frozen importlib._bootstrap_external>", line 883, in exec_module
  File "<frozen importlib._bootstrap>", line 241, in _call_with_frames_removed
  File "/opt/airflow/dags/weather_pipeline.py", line 2, in <module>
    from scripts.script_01_extract import run_extraction
ModuleNotFoundError: No module named 'scripts.script_01_extract'
[2026-09-17T22:01:39.288+0000] {processor.py:842} WARNING - No viable dags retrieved from /opt/airflow/dags/weather_pipeline.py
[2026-09-17T22:01:39.369+0000] {processor.py:183} INFO - Processing /opt/airflow/dags/weather_pipeline.py took 0.125 seconds
[2026-09-17T22:02:09.586+0000] {processor.py:161} INFO - Started process (PID=142) to work on /opt/airflow/dags/weather_pipeline.py
[2026-09-17T22:02:09.588+0000] {processor.py:830} INFO - Processing file /opt/airflow/dags/weather_pipeline.py for tasks to queue
[2026-09-17T22:02:09.592+0000] {logging_mixin.py:188} INFO - [2026-09-17T22:02:09.591+0000] {dagbag.py:545} INFO - Filling up the DagBag from /opt/airflow/dags/weather_pipeline.py
[2026-09-17T22:02:09.602+0000] {logging_mixin.py:188} INFO - [2026-09-17T22:02:09.599+0000] {dagbag.py:355} ERROR - Failed to import: /opt/airflow/dags/weather_pipeline.py
Traceback (most recent call last):
  File "/home/airflow/.local/lib/python3.10/site-packages/airflow/models/dagbag.py", line 351, in parse
    loader.exec_module(new_module)
  File "<frozen importlib._bootstrap_external>", line 883, in exec_module
  File "<frozen importlib._bootstrap>", line 241, in _call_with_frames_removed
  File "/opt/airflow/dags/weather_pipeline.py", line 2, in <module>
    from scripts.script_01_extract import run_extraction
ModuleNotFoundError: No module named 'scripts.script_01_extract'
[2026-09-17T22:02:09.603+0000] {processor.py:842} WARNING - No viable dags retrieved from /opt/airflow/dags/weather_pipeline.py
[2026-09-17T22:02:09.670+0000] {processor.py:183} INFO - Processing /opt/airflow/dags/weather_pipeline.py took 0.100 seconds
[2026-09-17T22:02:39.868+0000] {processor.py:161} INFO - Started process (PID=143) to work on /opt/airflow/dags/weather_pipeline.py
[2026-09-17T22:02:39.872+0000] {processor.py:830} INFO - Processing file /opt/airflow/dags/weather_pipeline.py for tasks to queue
[2026-09-17T22:02:39.875+0000] {logging_mixin.py:188} INFO - [2026-09-17T22:02:39.874+0000] {dagbag.py:545} INFO - Filling up the DagBag from /opt/airflow/dags/weather_pipeline.py
[2026-09-17T22:02:39.886+0000] {logging_mixin.py:188} INFO - [2026-09-17T22:02:39.883+0000] {dagbag.py:355} ERROR - Failed to import: /opt/airflow/dags/weather_pipeline.py
Traceback (most recent call last):
  File "/home/airflow/.local/lib/python3.10/site-packages/airflow/models/dagbag.py", line 351, in parse
    loader.exec_module(new_module)
  File "<frozen importlib._bootstrap_external>", line 883, in exec_module
  File "<frozen importlib._bootstrap>", line 241, in _call_with_frames_removed
  File "/opt/airflow/dags/weather_pipeline.py", line 2, in <module>
    from scripts.script_01_extract import run_extraction
ModuleNotFoundError: No module named 'scripts.script_01_extract'
[2026-09-17T22:02:39.887+0000] {processor.py:842} WARNING - No viable dags retrieved from /opt/airflow/dags/weather_pipeline.py
[2026-09-17T22:02:39.978+0000] {processor.py:183} INFO - Processing /opt/airflow/dags/weather_pipeline.py took 0.130 seconds
[2026-09-17T22:03:10.162+0000] {processor.py:161} INFO - Started process (PID=144) to work on /opt/airflow/dags/weather_pipeline.py
[2026-09-17T22:03:10.164+0000] {processor.py:830} INFO - Processing file /opt/airflow/dags/weather_pipeline.py for tasks to queue
[2026-09-17T22:03:10.167+0000] {logging_mixin.py:188} INFO - [2026-09-17T22:03:10.166+0000] {dagbag.py:545} INFO - Filling up the DagBag from /opt/airflow/dags/weather_pipeline.py
[2026-09-17T22:03:10.178+0000] {logging_mixin.py:188} INFO - [2026-09-17T22:03:10.175+0000] {dagbag.py:355} ERROR - Failed to import: /opt/airflow/dags/weather_pipeline.py
Traceback (most recent call last):
  File "/home/airflow/.local/lib/python3.10/site-packages/airflow/models/dagbag.py", line 351, in parse
    loader.exec_module(new_module)
  File "<frozen importlib._bootstrap_external>", line 883, in exec_module
  File "<frozen importlib._bootstrap>", line 241, in _call_with_frames_removed
  File "/opt/airflow/dags/weather_pipeline.py", line 2, in <module>
    from scripts.script_01_extract import run_extraction
ModuleNotFoundError: No module named 'scripts.script_01_extract'
[2026-09-17T22:03:10.180+0000] {processor.py:842} WARNING - No viable dags retrieved from /opt/airflow/dags/weather_pipeline.py
[2026-09-17T22:03:10.261+0000] {processor.py:183} INFO - Processing /opt/airflow/dags/weather_pipeline.py took 0.121 seconds
[2026-09-17T22:03:40.483+0000] {processor.py:161} INFO - Started process (PID=145) to work on /opt/airflow/dags/weather_pipeline.py
[2026-09-17T22:03:40.486+0000] {processor.py:830} INFO - Processing file /opt/airflow/dags/weather_pipeline.py for tasks to queue
[2026-09-17T22:03:40.488+0000] {logging_mixin.py:188} INFO - [2026-09-17T22:03:40.487+0000] {dagbag.py:545} INFO - Filling up the DagBag from /opt/airflow/dags/weather_pipeline.py
[2026-09-17T22:03:40.499+0000] {logging_mixin.py:188} INFO - [2026-09-17T22:03:40.497+0000] {dagbag.py:355} ERROR - Failed to import: /opt/airflow/dags/weather_pipeline.py
Traceback (most recent call last):
  File "/home/airflow/.local/lib/python3.10/site-packages/airflow/models/dagbag.py", line 351, in parse
    loader.exec_module(new_module)
  File "<frozen importlib._bootstrap_external>", line 883, in exec_module
  File "<frozen importlib._bootstrap>", line 241, in _call_with_frames_removed
  File "/opt/airflow/dags/weather_pipeline.py", line 2, in <module>
    from scripts.script_01_extract import run_extraction
ModuleNotFoundError: No module named 'scripts.script_01_extract'
[2026-09-17T22:03:40.501+0000] {processor.py:842} WARNING - No viable dags retrieved from /opt/airflow/dags/weather_pipeline.py
[2026-09-17T22:03:40.577+0000] {processor.py:183} INFO - Processing /opt/airflow/dags/weather_pipeline.py took 0.116 seconds
[2026-09-17T22:04:10.713+0000] {processor.py:161} INFO - Started process (PID=146) to work on /opt/airflow/dags/weather_pipeline.py
[2026-09-17T22:04:10.716+0000] {processor.py:830} INFO - Processing file /opt/airflow/dags/weather_pipeline.py for tasks to queue
[2026-09-17T22:04:10.718+0000] {logging_mixin.py:188} INFO - [2026-09-17T22:04:10.717+0000] {dagbag.py:545} INFO - Filling up the DagBag from /opt/airflow/dags/weather_pipeline.py
[2026-09-17T22:04:10.730+0000] {logging_mixin.py:188} INFO - [2026-09-17T22:04:10.727+0000] {dagbag.py:355} ERROR - Failed to import: /opt/airflow/dags/weather_pipeline.py
Traceback (most recent call last):
  File "/home/airflow/.local/lib/python3.10/site-packages/airflow/models/dagbag.py", line 351, in parse
    loader.exec_module(new_module)
  File "<frozen importlib._bootstrap_external>", line 883, in exec_module
  File "<frozen importlib._bootstrap>", line 241, in _call_with_frames_removed
  File "/opt/airflow/dags/weather_pipeline.py", line 2, in <module>
    from scripts.script_01_extract import run_extraction
ModuleNotFoundError: No module named 'scripts.script_01_extract'
[2026-09-17T22:04:10.731+0000] {processor.py:842} WARNING - No viable dags retrieved from /opt/airflow/dags/weather_pipeline.py
[2026-09-17T22:04:10.811+0000] {processor.py:183} INFO - Processing /opt/airflow/dags/weather_pipeline.py took 0.118 seconds
[2026-09-17T22:04:41.051+0000] {processor.py:161} INFO - Started process (PID=147) to work on /opt/airflow/dags/weather_pipeline.py
[2026-09-17T22:04:41.054+0000] {processor.py:830} INFO - Processing file /opt/airflow/dags/weather_pipeline.py for tasks to queue
[2026-09-17T22:04:41.057+0000] {logging_mixin.py:188} INFO - [2026-09-17T22:04:41.056+0000] {dagbag.py:545} INFO - Filling up the DagBag from /opt/airflow/dags/weather_pipeline.py
[2026-09-17T22:04:41.069+0000] {logging_mixin.py:188} INFO - [2026-09-17T22:04:41.066+0000] {dagbag.py:355} ERROR - Failed to import: /opt/airflow/dags/weather_pipeline.py
Traceback (most recent call last):
  File "/home/airflow/.local/lib/python3.10/site-packages/airflow/models/dagbag.py", line 351, in parse
    loader.exec_module(new_module)
  File "<frozen importlib._bootstrap_external>", line 883, in exec_module
  File "<frozen importlib._bootstrap>", line 241, in _call_with_frames_removed
  File "/opt/airflow/dags/weather_pipeline.py", line 2, in <module>
    from scripts.script_01_extract import run_extraction
ModuleNotFoundError: No module named 'scripts.script_01_extract'
[2026-09-17T22:04:41.070+0000] {processor.py:842} WARNING - No viable dags retrieved from /opt/airflow/dags/weather_pipeline.py
[2026-09-17T22:04:41.150+0000] {processor.py:183} INFO - Processing /opt/airflow/dags/weather_pipeline.py took 0.118 seconds
[2026-09-17T22:05:11.280+0000] {processor.py:161} INFO - Started process (PID=148) to work on /opt/airflow/dags/weather_pipeline.py
[2026-09-17T22:05:11.281+0000] {processor.py:830} INFO - Processing file /opt/airflow/dags/weather_pipeline.py for tasks to queue
[2026-09-17T22:05:11.282+0000] {logging_mixin.py:188} INFO - [2026-09-17T22:05:11.281+0000] {dagbag.py:545} INFO - Filling up the DagBag from /opt/airflow/dags/weather_pipeline.py
[2026-09-17T22:05:11.287+0000] {logging_mixin.py:188} INFO - [2026-09-17T22:05:11.286+0000] {dagbag.py:355} ERROR - Failed to import: /opt/airflow/dags/weather_pipeline.py
Traceback (most recent call last):
  File "/home/airflow/.local/lib/python3.10/site-packages/airflow/models/dagbag.py", line 351, in parse
    loader.exec_module(new_module)
  File "<frozen importlib._bootstrap_external>", line 883, in exec_module
  File "<frozen importlib._bootstrap>", line 241, in _call_with_frames_removed
  File "/opt/airflow/dags/weather_pipeline.py", line 2, in <module>
    from scripts.script_01_extract import run_extraction
ModuleNotFoundError: No module named 'scripts.script_01_extract'
[2026-09-17T22:05:11.287+0000] {processor.py:842} WARNING - No viable dags retrieved from /opt/airflow/dags/weather_pipeline.py
[2026-09-17T22:05:11.324+0000] {processor.py:183} INFO - Processing /opt/airflow/dags/weather_pipeline.py took 0.054 seconds
[2026-09-17T22:05:41.501+0000] {processor.py:161} INFO - Started process (PID=149) to work on /opt/airflow/dags/weather_pipeline.py
[2026-09-17T22:05:41.504+0000] {processor.py:830} INFO - Processing file /opt/airflow/dags/weather_pipeline.py for tasks to queue
[2026-09-17T22:05:41.505+0000] {logging_mixin.py:188} INFO - [2026-09-17T22:05:41.504+0000] {dagbag.py:545} INFO - Filling up the DagBag from /opt/airflow/dags/weather_pipeline.py
[2026-09-17T22:05:41.509+0000] {logging_mixin.py:188} INFO - [2026-09-17T22:05:41.508+0000] {dagbag.py:355} ERROR - Failed to import: /opt/airflow/dags/weather_pipeline.py
Traceback (most recent call last):
  File "/home/airflow/.local/lib/python3.10/site-packages/airflow/models/dagbag.py", line 351, in parse
    loader.exec_module(new_module)
  File "<frozen importlib._bootstrap_external>", line 883, in exec_module
  File "<frozen importlib._bootstrap>", line 241, in _call_with_frames_removed
  File "/opt/airflow/dags/weather_pipeline.py", line 2, in <module>
    from scripts.script_01_extract import run_extraction
ModuleNotFoundError: No module named 'scripts.script_01_extract'
[2026-09-17T22:05:41.510+0000] {processor.py:842} WARNING - No viable dags retrieved from /opt/airflow/dags/weather_pipeline.py
[2026-09-17T22:05:41.546+0000] {processor.py:183} INFO - Processing /opt/airflow/dags/weather_pipeline.py took 0.053 seconds
[2026-09-17T22:06:11.778+0000] {processor.py:161} INFO - Started process (PID=150) to work on /opt/airflow/dags/weather_pipeline.py
[2026-09-17T22:06:11.779+0000] {processor.py:830} INFO - Processing file /opt/airflow/dags/weather_pipeline.py for tasks to queue
[2026-09-17T22:06:11.781+0000] {logging_mixin.py:188} INFO - [2026-09-17T22:06:11.780+0000] {dagbag.py:545} INFO - Filling up the DagBag from /opt/airflow/dags/weather_pipeline.py
[2026-09-17T22:06:11.790+0000] {logging_mixin.py:188} INFO - [2026-09-17T22:06:11.788+0000] {dagbag.py:355} ERROR - Failed to import: /opt/airflow/dags/weather_pipeline.py
Traceback (most recent call last):
  File "/home/airflow/.local/lib/python3.10/site-packages/airflow/models/dagbag.py", line 351, in parse
    loader.exec_module(new_module)
  File "<frozen importlib._bootstrap_external>", line 883, in exec_module
  File "<frozen importlib._bootstrap>", line 241, in _call_with_frames_removed
  File "/opt/airflow/dags/weather_pipeline.py", line 2, in <module>
    from scripts.script_01_extract import run_extraction
ModuleNotFoundError: No module named 'scripts.script_01_extract'
[2026-09-17T22:06:11.792+0000] {processor.py:842} WARNING - No viable dags retrieved from /opt/airflow/dags/weather_pipeline.py
[2026-09-17T22:06:11.849+0000] {processor.py:183} INFO - Processing /opt/airflow/dags/weather_pipeline.py took 0.087 seconds
[2026-09-17T22:06:42.057+0000] {processor.py:161} INFO - Started process (PID=151) to work on /opt/airflow/dags/weather_pipeline.py
[2026-09-17T22:06:42.061+0000] {processor.py:830} INFO - Processing file /opt/airflow/dags/weather_pipeline.py for tasks to queue
[2026-09-17T22:06:42.063+0000] {logging_mixin.py:188} INFO - [2026-09-17T22:06:42.063+0000] {dagbag.py:545} INFO - Filling up the DagBag from /opt/airflow/dags/weather_pipeline.py
[2026-09-17T22:06:42.079+0000] {logging_mixin.py:188} INFO - [2026-09-17T22:06:42.075+0000] {dagbag.py:355} ERROR - Failed to import: /opt/airflow/dags/weather_pipeline.py
Traceback (most recent call last):
  File "/home/airflow/.local/lib/python3.10/site-packages/airflow/models/dagbag.py", line 351, in parse
    loader.exec_module(new_module)
  File "<frozen importlib._bootstrap_external>", line 883, in exec_module
  File "<frozen importlib._bootstrap>", line 241, in _call_with_frames_removed
  File "/opt/airflow/dags/weather_pipeline.py", line 2, in <module>
    from scripts.script_01_extract import run_extraction
ModuleNotFoundError: No module named 'scripts.script_01_extract'
[2026-09-17T22:06:42.081+0000] {processor.py:842} WARNING - No viable dags retrieved from /opt/airflow/dags/weather_pipeline.py
[2026-09-17T22:06:42.181+0000] {processor.py:183} INFO - Processing /opt/airflow/dags/weather_pipeline.py took 0.148 seconds
[2026-09-17T22:07:12.318+0000] {processor.py:161} INFO - Started process (PID=152) to work on /opt/airflow/dags/weather_pipeline.py
[2026-09-17T22:07:12.319+0000] {processor.py:830} INFO - Processing file /opt/airflow/dags/weather_pipeline.py for tasks to queue
[2026-09-17T22:07:12.320+0000] {logging_mixin.py:188} INFO - [2026-09-17T22:07:12.319+0000] {dagbag.py:545} INFO - Filling up the DagBag from /opt/airflow/dags/weather_pipeline.py
[2026-09-17T22:07:12.325+0000] {logging_mixin.py:188} INFO - [2026-09-17T22:07:12.324+0000] {dagbag.py:355} ERROR - Failed to import: /opt/airflow/dags/weather_pipeline.py
Traceback (most recent call last):
  File "/home/airflow/.local/lib/python3.10/site-packages/airflow/models/dagbag.py", line 351, in parse
    loader.exec_module(new_module)
  File "<frozen importlib._bootstrap_external>", line 883, in exec_module
  File "<frozen importlib._bootstrap>", line 241, in _call_with_frames_removed
  File "/opt/airflow/dags/weather_pipeline.py", line 2, in <module>
    from scripts.script_01_extract import run_extraction
ModuleNotFoundError: No module named 'scripts.script_01_extract'
[2026-09-17T22:07:12.325+0000] {processor.py:842} WARNING - No viable dags retrieved from /opt/airflow/dags/weather_pipeline.py
[2026-09-17T22:07:12.363+0000] {processor.py:183} INFO - Processing /opt/airflow/dags/weather_pipeline.py took 0.054 seconds
[2026-09-17T22:07:42.528+0000] {processor.py:161} INFO - Started process (PID=153) to work on /opt/airflow/dags/weather_pipeline.py
[2026-09-17T22:07:42.529+0000] {processor.py:830} INFO - Processing file /opt/airflow/dags/weather_pipeline.py for tasks to queue
[2026-09-17T22:07:42.531+0000] {logging_mixin.py:188} INFO - [2026-09-17T22:07:42.530+0000] {dagbag.py:545} INFO - Filling up the DagBag from /opt/airflow/dags/weather_pipeline.py
[2026-09-17T22:07:42.538+0000] {logging_mixin.py:188} INFO - [2026-09-17T22:07:42.536+0000] {dagbag.py:355} ERROR - Failed to import: /opt/airflow/dags/weather_pipeline.py
Traceback (most recent call last):
  File "/home/airflow/.local/lib/python3.10/site-packages/airflow/models/dagbag.py", line 351, in parse
    loader.exec_module(new_module)
  File "<frozen importlib._bootstrap_external>", line 883, in exec_module
  File "<frozen importlib._bootstrap>", line 241, in _call_with_frames_removed
  File "/opt/airflow/dags/weather_pipeline.py", line 2, in <module>
    from scripts.script_01_extract import run_extraction
ModuleNotFoundError: No module named 'scripts.script_01_extract'
[2026-09-17T22:07:42.539+0000] {processor.py:842} WARNING - No viable dags retrieved from /opt/airflow/dags/weather_pipeline.py
[2026-09-17T22:07:42.581+0000] {processor.py:183} INFO - Processing /opt/airflow/dags/weather_pipeline.py took 0.065 seconds
[2026-09-17T22:08:12.776+0000] {processor.py:161} INFO - Started process (PID=154) to work on /opt/airflow/dags/weather_pipeline.py
[2026-09-17T22:08:12.779+0000] {processor.py:830} INFO - Processing file /opt/airflow/dags/weather_pipeline.py for tasks to queue
[2026-09-17T22:08:12.781+0000] {logging_mixin.py:188} INFO - [2026-09-17T22:08:12.780+0000] {dagbag.py:545} INFO - Filling up the DagBag from /opt/airflow/dags/weather_pipeline.py
[2026-09-17T22:08:12.793+0000] {logging_mixin.py:188} INFO - [2026-09-17T22:08:12.791+0000] {dagbag.py:355} ERROR - Failed to import: /opt/airflow/dags/weather_pipeline.py
Traceback (most recent call last):
  File "/home/airflow/.local/lib/python3.10/site-packages/airflow/models/dagbag.py", line 351, in parse
    loader.exec_module(new_module)
  File "<frozen importlib._bootstrap_external>", line 883, in exec_module
  File "<frozen importlib._bootstrap>", line 241, in _call_with_frames_removed
  File "/opt/airflow/dags/weather_pipeline.py", line 2, in <module>
    from scripts.script_01_extract import run_extraction
ModuleNotFoundError: No module named 'scripts.script_01_extract'
[2026-09-17T22:08:12.794+0000] {processor.py:842} WARNING - No viable dags retrieved from /opt/airflow/dags/weather_pipeline.py
[2026-09-17T22:08:12.868+0000] {processor.py:183} INFO - Processing /opt/airflow/dags/weather_pipeline.py took 0.109 seconds
[2026-09-17T22:08:43.039+0000] {processor.py:161} INFO - Started process (PID=155) to work on /opt/airflow/dags/weather_pipeline.py
[2026-09-17T22:08:43.044+0000] {processor.py:830} INFO - Processing file /opt/airflow/dags/weather_pipeline.py for tasks to queue
[2026-09-17T22:08:43.048+0000] {logging_mixin.py:188} INFO - [2026-09-17T22:08:43.047+0000] {dagbag.py:545} INFO - Filling up the DagBag from /opt/airflow/dags/weather_pipeline.py
[2026-09-17T22:08:43.061+0000] {logging_mixin.py:188} INFO - [2026-09-17T22:08:43.059+0000] {dagbag.py:355} ERROR - Failed to import: /opt/airflow/dags/weather_pipeline.py
Traceback (most recent call last):
  File "/home/airflow/.local/lib/python3.10/site-packages/airflow/models/dagbag.py", line 351, in parse
    loader.exec_module(new_module)
  File "<frozen importlib._bootstrap_external>", line 883, in exec_module
  File "<frozen importlib._bootstrap>", line 241, in _call_with_frames_removed
  File "/opt/airflow/dags/weather_pipeline.py", line 2, in <module>
    from scripts.script_01_extract import run_extraction
ModuleNotFoundError: No module named 'scripts.script_01_extract'
[2026-09-17T22:08:43.063+0000] {processor.py:842} WARNING - No viable dags retrieved from /opt/airflow/dags/weather_pipeline.py
[2026-09-17T22:08:43.161+0000] {processor.py:183} INFO - Processing /opt/airflow/dags/weather_pipeline.py took 0.148 seconds
[2026-09-17T22:09:13.343+0000] {processor.py:161} INFO - Started process (PID=156) to work on /opt/airflow/dags/weather_pipeline.py
[2026-09-17T22:09:13.345+0000] {processor.py:830} INFO - Processing file /opt/airflow/dags/weather_pipeline.py for tasks to queue
[2026-09-17T22:09:13.349+0000] {logging_mixin.py:188} INFO - [2026-09-17T22:09:13.348+0000] {dagbag.py:545} INFO - Filling up the DagBag from /opt/airflow/dags/weather_pipeline.py
[2026-09-17T22:09:13.361+0000] {logging_mixin.py:188} INFO - [2026-09-17T22:09:13.359+0000] {dagbag.py:355} ERROR - Failed to import: /opt/airflow/dags/weather_pipeline.py
Traceback (most recent call last):
  File "/home/airflow/.local/lib/python3.10/site-packages/airflow/models/dagbag.py", line 351, in parse
    loader.exec_module(new_module)
  File "<frozen importlib._bootstrap_external>", line 883, in exec_module
  File "<frozen importlib._bootstrap>", line 241, in _call_with_frames_removed
  File "/opt/airflow/dags/weather_pipeline.py", line 2, in <module>
    from scripts.script_01_extract import run_extraction
ModuleNotFoundError: No module named 'scripts.script_01_extract'
[2026-09-17T22:09:13.363+0000] {processor.py:842} WARNING - No viable dags retrieved from /opt/airflow/dags/weather_pipeline.py
[2026-09-17T22:09:13.460+0000] {processor.py:183} INFO - Processing /opt/airflow/dags/weather_pipeline.py took 0.137 seconds
[2026-09-17T22:09:43.554+0000] {processor.py:161} INFO - Started process (PID=157) to work on /opt/airflow/dags/weather_pipeline.py
[2026-09-17T22:09:43.556+0000] {processor.py:830} INFO - Processing file /opt/airflow/dags/weather_pipeline.py for tasks to queue
[2026-09-17T22:09:43.557+0000] {logging_mixin.py:188} INFO - [2026-09-17T22:09:43.557+0000] {dagbag.py:545} INFO - Filling up the DagBag from /opt/airflow/dags/weather_pipeline.py
[2026-09-17T22:09:43.562+0000] {logging_mixin.py:188} INFO - [2026-09-17T22:09:43.561+0000] {dagbag.py:355} ERROR - Failed to import: /opt/airflow/dags/weather_pipeline.py
Traceback (most recent call last):
  File "/home/airflow/.local/lib/python3.10/site-packages/airflow/models/dagbag.py", line 351, in parse
    loader.exec_module(new_module)
  File "<frozen importlib._bootstrap_external>", line 883, in exec_module
  File "<frozen importlib._bootstrap>", line 241, in _call_with_frames_removed
  File "/opt/airflow/dags/weather_pipeline.py", line 2, in <module>
    from scripts.script_01_extract import run_extraction
ModuleNotFoundError: No module named 'scripts.script_01_extract'
[2026-09-17T22:09:43.563+0000] {processor.py:842} WARNING - No viable dags retrieved from /opt/airflow/dags/weather_pipeline.py
[2026-09-17T22:09:43.602+0000] {processor.py:183} INFO - Processing /opt/airflow/dags/weather_pipeline.py took 0.058 seconds
[2026-09-17T22:10:13.790+0000] {processor.py:161} INFO - Started process (PID=158) to work on /opt/airflow/dags/weather_pipeline.py
[2026-09-17T22:10:13.792+0000] {processor.py:830} INFO - Processing file /opt/airflow/dags/weather_pipeline.py for tasks to queue
[2026-09-17T22:10:13.795+0000] {logging_mixin.py:188} INFO - [2026-09-17T22:10:13.794+0000] {dagbag.py:545} INFO - Filling up the DagBag from /opt/airflow/dags/weather_pipeline.py
[2026-09-17T22:10:13.807+0000] {logging_mixin.py:188} INFO - [2026-09-17T22:10:13.805+0000] {dagbag.py:355} ERROR - Failed to import: /opt/airflow/dags/weather_pipeline.py
Traceback (most recent call last):
  File "/home/airflow/.local/lib/python3.10/site-packages/airflow/models/dagbag.py", line 351, in parse
    loader.exec_module(new_module)
  File "<frozen importlib._bootstrap_external>", line 883, in exec_module
  File "<frozen importlib._bootstrap>", line 241, in _call_with_frames_removed
  File "/opt/airflow/dags/weather_pipeline.py", line 2, in <module>
    from scripts.script_01_extract import run_extraction
ModuleNotFoundError: No module named 'scripts.script_01_extract'
[2026-09-17T22:10:13.809+0000] {processor.py:842} WARNING - No viable dags retrieved from /opt/airflow/dags/weather_pipeline.py
[2026-09-17T22:10:13.879+0000] {processor.py:183} INFO - Processing /opt/airflow/dags/weather_pipeline.py took 0.107 seconds
[2026-09-17T22:10:44.045+0000] {processor.py:161} INFO - Started process (PID=159) to work on /opt/airflow/dags/weather_pipeline.py
[2026-09-17T22:10:44.049+0000] {processor.py:830} INFO - Processing file /opt/airflow/dags/weather_pipeline.py for tasks to queue
[2026-09-17T22:10:44.052+0000] {logging_mixin.py:188} INFO - [2026-09-17T22:10:44.051+0000] {dagbag.py:545} INFO - Filling up the DagBag from /opt/airflow/dags/weather_pipeline.py
[2026-09-17T22:10:44.063+0000] {logging_mixin.py:188} INFO - [2026-09-17T22:10:44.060+0000] {dagbag.py:355} ERROR - Failed to import: /opt/airflow/dags/weather_pipeline.py
Traceback (most recent call last):
  File "/home/airflow/.local/lib/python3.10/site-packages/airflow/models/dagbag.py", line 351, in parse
    loader.exec_module(new_module)
  File "<frozen importlib._bootstrap_external>", line 883, in exec_module
  File "<frozen importlib._bootstrap>", line 241, in _call_with_frames_removed
  File "/opt/airflow/dags/weather_pipeline.py", line 2, in <module>
    from scripts.script_01_extract import run_extraction
ModuleNotFoundError: No module named 'scripts.script_01_extract'
[2026-09-17T22:10:44.064+0000] {processor.py:842} WARNING - No viable dags retrieved from /opt/airflow/dags/weather_pipeline.py
[2026-09-17T22:10:44.153+0000] {processor.py:183} INFO - Processing /opt/airflow/dags/weather_pipeline.py took 0.128 seconds
[2026-09-17T22:11:14.412+0000] {processor.py:161} INFO - Started process (PID=160) to work on /opt/airflow/dags/weather_pipeline.py
[2026-09-17T22:11:14.415+0000] {processor.py:830} INFO - Processing file /opt/airflow/dags/weather_pipeline.py for tasks to queue
[2026-09-17T22:11:14.419+0000] {logging_mixin.py:188} INFO - [2026-09-17T22:11:14.418+0000] {dagbag.py:545} INFO - Filling up the DagBag from /opt/airflow/dags/weather_pipeline.py
[2026-09-17T22:11:14.437+0000] {logging_mixin.py:188} INFO - [2026-09-17T22:11:14.434+0000] {dagbag.py:355} ERROR - Failed to import: /opt/airflow/dags/weather_pipeline.py
Traceback (most recent call last):
  File "/home/airflow/.local/lib/python3.10/site-packages/airflow/models/dagbag.py", line 351, in parse
    loader.exec_module(new_module)
  File "<frozen importlib._bootstrap_external>", line 883, in exec_module
  File "<frozen importlib._bootstrap>", line 241, in _call_with_frames_removed
  File "/opt/airflow/dags/weather_pipeline.py", line 2, in <module>
    from scripts.script_01_extract import run_extraction
ModuleNotFoundError: No module named 'scripts.script_01_extract'
[2026-09-17T22:11:14.439+0000] {processor.py:842} WARNING - No viable dags retrieved from /opt/airflow/dags/weather_pipeline.py
[2026-09-17T22:11:14.546+0000] {processor.py:183} INFO - Processing /opt/airflow/dags/weather_pipeline.py took 0.165 seconds
[2026-09-17T22:11:44.688+0000] {processor.py:161} INFO - Started process (PID=161) to work on /opt/airflow/dags/weather_pipeline.py
[2026-09-17T22:11:44.692+0000] {processor.py:830} INFO - Processing file /opt/airflow/dags/weather_pipeline.py for tasks to queue
[2026-09-17T22:11:44.695+0000] {logging_mixin.py:188} INFO - [2026-09-17T22:11:44.694+0000] {dagbag.py:545} INFO - Filling up the DagBag from /opt/airflow/dags/weather_pipeline.py
[2026-09-17T22:11:44.710+0000] {logging_mixin.py:188} INFO - [2026-09-17T22:11:44.706+0000] {dagbag.py:355} ERROR - Failed to import: /opt/airflow/dags/weather_pipeline.py
Traceback (most recent call last):
  File "/home/airflow/.local/lib/python3.10/site-packages/airflow/models/dagbag.py", line 351, in parse
    loader.exec_module(new_module)
  File "<frozen importlib._bootstrap_external>", line 883, in exec_module
  File "<frozen importlib._bootstrap>", line 241, in _call_with_frames_removed
  File "/opt/airflow/dags/weather_pipeline.py", line 2, in <module>
    from scripts.script_01_extract import run_extraction
ModuleNotFoundError: No module named 'scripts.script_01_extract'
[2026-09-17T22:11:44.713+0000] {processor.py:842} WARNING - No viable dags retrieved from /opt/airflow/dags/weather_pipeline.py
[2026-09-17T22:11:44.828+0000] {processor.py:183} INFO - Processing /opt/airflow/dags/weather_pipeline.py took 0.160 seconds
[2026-09-17T22:12:14.984+0000] {processor.py:161} INFO - Started process (PID=162) to work on /opt/airflow/dags/weather_pipeline.py
[2026-09-17T22:12:14.986+0000] {processor.py:830} INFO - Processing file /opt/airflow/dags/weather_pipeline.py for tasks to queue
[2026-09-17T22:12:14.987+0000] {logging_mixin.py:188} INFO - [2026-09-17T22:12:14.987+0000] {dagbag.py:545} INFO - Filling up the DagBag from /opt/airflow/dags/weather_pipeline.py
[2026-09-17T22:12:14.993+0000] {logging_mixin.py:188} INFO - [2026-09-17T22:12:14.992+0000] {dagbag.py:355} ERROR - Failed to import: /opt/airflow/dags/weather_pipeline.py
Traceback (most recent call last):
  File "/home/airflow/.local/lib/python3.10/site-packages/airflow/models/dagbag.py", line 351, in parse
    loader.exec_module(new_module)
  File "<frozen importlib._bootstrap_external>", line 883, in exec_module
  File "<frozen importlib._bootstrap>", line 241, in _call_with_frames_removed
  File "/opt/airflow/dags/weather_pipeline.py", line 2, in <module>
    from scripts.script_01_extract import run_extraction
ModuleNotFoundError: No module named 'scripts.script_01_extract'
[2026-09-17T22:12:14.993+0000] {processor.py:842} WARNING - No viable dags retrieved from /opt/airflow/dags/weather_pipeline.py
[2026-09-17T22:12:15.039+0000] {processor.py:183} INFO - Processing /opt/airflow/dags/weather_pipeline.py took 0.065 seconds
[2026-09-17T22:12:45.215+0000] {processor.py:161} INFO - Started process (PID=163) to work on /opt/airflow/dags/weather_pipeline.py
[2026-09-17T22:12:45.217+0000] {processor.py:830} INFO - Processing file /opt/airflow/dags/weather_pipeline.py for tasks to queue
[2026-09-17T22:12:45.219+0000] {logging_mixin.py:188} INFO - [2026-09-17T22:12:45.218+0000] {dagbag.py:545} INFO - Filling up the DagBag from /opt/airflow/dags/weather_pipeline.py
[2026-09-17T22:12:45.223+0000] {logging_mixin.py:188} INFO - [2026-09-17T22:12:45.222+0000] {dagbag.py:355} ERROR - Failed to import: /opt/airflow/dags/weather_pipeline.py
Traceback (most recent call last):
  File "/home/airflow/.local/lib/python3.10/site-packages/airflow/models/dagbag.py", line 351, in parse
    loader.exec_module(new_module)
  File "<frozen importlib._bootstrap_external>", line 883, in exec_module
  File "<frozen importlib._bootstrap>", line 241, in _call_with_frames_removed
  File "/opt/airflow/dags/weather_pipeline.py", line 2, in <module>
    from scripts.script_01_extract import run_extraction
ModuleNotFoundError: No module named 'scripts.script_01_extract'
[2026-09-17T22:12:45.224+0000] {processor.py:842} WARNING - No viable dags retrieved from /opt/airflow/dags/weather_pipeline.py
[2026-09-17T22:12:45.269+0000] {processor.py:183} INFO - Processing /opt/airflow/dags/weather_pipeline.py took 0.065 seconds
[2026-09-17T22:13:15.427+0000] {processor.py:161} INFO - Started process (PID=164) to work on /opt/airflow/dags/weather_pipeline.py
[2026-09-17T22:13:15.429+0000] {processor.py:830} INFO - Processing file /opt/airflow/dags/weather_pipeline.py for tasks to queue
[2026-09-17T22:13:15.432+0000] {logging_mixin.py:188} INFO - [2026-09-17T22:13:15.431+0000] {dagbag.py:545} INFO - Filling up the DagBag from /opt/airflow/dags/weather_pipeline.py
[2026-09-17T22:13:15.443+0000] {logging_mixin.py:188} INFO - [2026-09-17T22:13:15.440+0000] {dagbag.py:355} ERROR - Failed to import: /opt/airflow/dags/weather_pipeline.py
Traceback (most recent call last):
  File "/home/airflow/.local/lib/python3.10/site-packages/airflow/models/dagbag.py", line 351, in parse
    loader.exec_module(new_module)
  File "<frozen importlib._bootstrap_external>", line 883, in exec_module
  File "<frozen importlib._bootstrap>", line 241, in _call_with_frames_removed
  File "/opt/airflow/dags/weather_pipeline.py", line 2, in <module>
    from scripts.script_01_extract import run_extraction
ModuleNotFoundError: No module named 'scripts.script_01_extract'
[2026-09-17T22:13:15.444+0000] {processor.py:842} WARNING - No viable dags retrieved from /opt/airflow/dags/weather_pipeline.py
[2026-09-17T22:13:15.512+0000] {processor.py:183} INFO - Processing /opt/airflow/dags/weather_pipeline.py took 0.105 seconds
[2026-09-17T22:13:45.725+0000] {processor.py:161} INFO - Started process (PID=165) to work on /opt/airflow/dags/weather_pipeline.py
[2026-09-17T22:13:45.729+0000] {processor.py:830} INFO - Processing file /opt/airflow/dags/weather_pipeline.py for tasks to queue
[2026-09-17T22:13:45.733+0000] {logging_mixin.py:188} INFO - [2026-09-17T22:13:45.732+0000] {dagbag.py:545} INFO - Filling up the DagBag from /opt/airflow/dags/weather_pipeline.py
[2026-09-17T22:13:45.745+0000] {logging_mixin.py:188} INFO - [2026-09-17T22:13:45.743+0000] {dagbag.py:355} ERROR - Failed to import: /opt/airflow/dags/weather_pipeline.py
Traceback (most recent call last):
  File "/home/airflow/.local/lib/python3.10/site-packages/airflow/models/dagbag.py", line 351, in parse
    loader.exec_module(new_module)
  File "<frozen importlib._bootstrap_external>", line 883, in exec_module
  File "<frozen importlib._bootstrap>", line 241, in _call_with_frames_removed
  File "/opt/airflow/dags/weather_pipeline.py", line 2, in <module>
    from scripts.script_01_extract import run_extraction
ModuleNotFoundError: No module named 'scripts.script_01_extract'
[2026-09-17T22:13:45.746+0000] {processor.py:842} WARNING - No viable dags retrieved from /opt/airflow/dags/weather_pipeline.py
[2026-09-17T22:13:45.825+0000] {processor.py:183} INFO - Processing /opt/airflow/dags/weather_pipeline.py took 0.124 seconds
[2026-09-17T22:14:15.953+0000] {processor.py:161} INFO - Started process (PID=166) to work on /opt/airflow/dags/weather_pipeline.py
[2026-09-17T22:14:15.955+0000] {processor.py:830} INFO - Processing file /opt/airflow/dags/weather_pipeline.py for tasks to queue
[2026-09-17T22:14:15.956+0000] {logging_mixin.py:188} INFO - [2026-09-17T22:14:15.955+0000] {dagbag.py:545} INFO - Filling up the DagBag from /opt/airflow/dags/weather_pipeline.py
[2026-09-17T22:14:15.962+0000] {logging_mixin.py:188} INFO - [2026-09-17T22:14:15.961+0000] {dagbag.py:355} ERROR - Failed to import: /opt/airflow/dags/weather_pipeline.py
Traceback (most recent call last):
  File "/home/airflow/.local/lib/python3.10/site-packages/airflow/models/dagbag.py", line 351, in parse
    loader.exec_module(new_module)
  File "<frozen importlib._bootstrap_external>", line 883, in exec_module
  File "<frozen importlib._bootstrap>", line 241, in _call_with_frames_removed
  File "/opt/airflow/dags/weather_pipeline.py", line 2, in <module>
    from scripts.script_01_extract import run_extraction
ModuleNotFoundError: No module named 'scripts.script_01_extract'
[2026-09-17T22:14:15.963+0000] {processor.py:842} WARNING - No viable dags retrieved from /opt/airflow/dags/weather_pipeline.py
[2026-09-17T22:14:16.008+0000] {processor.py:183} INFO - Processing /opt/airflow/dags/weather_pipeline.py took 0.067 seconds
[2026-09-17T22:14:46.223+0000] {processor.py:161} INFO - Started process (PID=167) to work on /opt/airflow/dags/weather_pipeline.py
[2026-09-17T22:14:46.229+0000] {processor.py:830} INFO - Processing file /opt/airflow/dags/weather_pipeline.py for tasks to queue
[2026-09-17T22:14:46.233+0000] {logging_mixin.py:188} INFO - [2026-09-17T22:14:46.232+0000] {dagbag.py:545} INFO - Filling up the DagBag from /opt/airflow/dags/weather_pipeline.py
[2026-09-17T22:14:46.249+0000] {logging_mixin.py:188} INFO - [2026-09-17T22:14:46.246+0000] {dagbag.py:355} ERROR - Failed to import: /opt/airflow/dags/weather_pipeline.py
Traceback (most recent call last):
  File "/home/airflow/.local/lib/python3.10/site-packages/airflow/models/dagbag.py", line 351, in parse
    loader.exec_module(new_module)
  File "<frozen importlib._bootstrap_external>", line 883, in exec_module
  File "<frozen importlib._bootstrap>", line 241, in _call_with_frames_removed
  File "/opt/airflow/dags/weather_pipeline.py", line 2, in <module>
    from scripts.script_01_extract import run_extraction
ModuleNotFoundError: No module named 'scripts.script_01_extract'
[2026-09-17T22:14:46.251+0000] {processor.py:842} WARNING - No viable dags retrieved from /opt/airflow/dags/weather_pipeline.py
[2026-09-17T22:14:46.343+0000] {processor.py:183} INFO - Processing /opt/airflow/dags/weather_pipeline.py took 0.142 seconds
[2026-09-17T22:15:16.618+0000] {processor.py:161} INFO - Started process (PID=168) to work on /opt/airflow/dags/weather_pipeline.py
[2026-09-17T22:15:16.622+0000] {processor.py:830} INFO - Processing file /opt/airflow/dags/weather_pipeline.py for tasks to queue
[2026-09-17T22:15:16.629+0000] {logging_mixin.py:188} INFO - [2026-09-17T22:15:16.627+0000] {dagbag.py:545} INFO - Filling up the DagBag from /opt/airflow/dags/weather_pipeline.py
[2026-09-17T22:15:16.646+0000] {logging_mixin.py:188} INFO - [2026-09-17T22:15:16.643+0000] {dagbag.py:355} ERROR - Failed to import: /opt/airflow/dags/weather_pipeline.py
Traceback (most recent call last):
  File "/home/airflow/.local/lib/python3.10/site-packages/airflow/models/dagbag.py", line 351, in parse
    loader.exec_module(new_module)
  File "<frozen importlib._bootstrap_external>", line 883, in exec_module
  File "<frozen importlib._bootstrap>", line 241, in _call_with_frames_removed
  File "/opt/airflow/dags/weather_pipeline.py", line 2, in <module>
    from scripts.script_01_extract import run_extraction
ModuleNotFoundError: No module named 'scripts.script_01_extract'
[2026-09-17T22:15:16.648+0000] {processor.py:842} WARNING - No viable dags retrieved from /opt/airflow/dags/weather_pipeline.py
[2026-09-17T22:15:16.722+0000] {processor.py:183} INFO - Processing /opt/airflow/dags/weather_pipeline.py took 0.122 seconds
[2026-09-17T22:15:46.861+0000] {processor.py:161} INFO - Started process (PID=169) to work on /opt/airflow/dags/weather_pipeline.py
[2026-09-17T22:15:46.864+0000] {processor.py:830} INFO - Processing file /opt/airflow/dags/weather_pipeline.py for tasks to queue
[2026-09-17T22:15:46.867+0000] {logging_mixin.py:188} INFO - [2026-09-17T22:15:46.866+0000] {dagbag.py:545} INFO - Filling up the DagBag from /opt/airflow/dags/weather_pipeline.py
[2026-09-17T22:15:46.876+0000] {logging_mixin.py:188} INFO - [2026-09-17T22:15:46.874+0000] {dagbag.py:355} ERROR - Failed to import: /opt/airflow/dags/weather_pipeline.py
Traceback (most recent call last):
  File "/home/airflow/.local/lib/python3.10/site-packages/airflow/models/dagbag.py", line 351, in parse
    loader.exec_module(new_module)
  File "<frozen importlib._bootstrap_external>", line 883, in exec_module
  File "<frozen importlib._bootstrap>", line 241, in _call_with_frames_removed
  File "/opt/airflow/dags/weather_pipeline.py", line 2, in <module>
    from scripts.script_01_extract import run_extraction
ModuleNotFoundError: No module named 'scripts.script_01_extract'
[2026-09-17T22:15:46.878+0000] {processor.py:842} WARNING - No viable dags retrieved from /opt/airflow/dags/weather_pipeline.py
[2026-09-17T22:15:46.943+0000] {processor.py:183} INFO - Processing /opt/airflow/dags/weather_pipeline.py took 0.101 seconds
[2026-09-17T22:16:01.059+0000] {processor.py:161} INFO - Started process (PID=170) to work on /opt/airflow/dags/weather_pipeline.py
[2026-09-17T22:16:01.060+0000] {processor.py:830} INFO - Processing file /opt/airflow/dags/weather_pipeline.py for tasks to queue
[2026-09-17T22:16:01.062+0000] {logging_mixin.py:188} INFO - [2026-09-17T22:16:01.062+0000] {dagbag.py:545} INFO - Filling up the DagBag from /opt/airflow/dags/weather_pipeline.py
[2026-09-17T22:16:01.069+0000] {logging_mixin.py:188} INFO - [2026-09-17T22:16:01.068+0000] {dagbag.py:355} ERROR - Failed to import: /opt/airflow/dags/weather_pipeline.py
Traceback (most recent call last):
  File "/home/airflow/.local/lib/python3.10/site-packages/airflow/models/dagbag.py", line 351, in parse
    loader.exec_module(new_module)
  File "<frozen importlib._bootstrap_external>", line 883, in exec_module
  File "<frozen importlib._bootstrap>", line 241, in _call_with_frames_removed
  File "/opt/airflow/dags/weather_pipeline.py", line 2, in <module>
    from scripts.script_01_extract import run_extraction
ModuleNotFoundError: No module named 'scripts.script_01_extract'
[2026-09-17T22:16:01.070+0000] {processor.py:842} WARNING - No viable dags retrieved from /opt/airflow/dags/weather_pipeline.py
[2026-09-17T22:16:01.115+0000] {processor.py:183} INFO - Processing /opt/airflow/dags/weather_pipeline.py took 0.071 seconds
[2026-09-17T22:16:31.338+0000] {processor.py:161} INFO - Started process (PID=171) to work on /opt/airflow/dags/weather_pipeline.py
[2026-09-17T22:16:31.340+0000] {processor.py:830} INFO - Processing file /opt/airflow/dags/weather_pipeline.py for tasks to queue
[2026-09-17T22:16:31.342+0000] {logging_mixin.py:188} INFO - [2026-09-17T22:16:31.342+0000] {dagbag.py:545} INFO - Filling up the DagBag from /opt/airflow/dags/weather_pipeline.py
[2026-09-17T22:16:31.355+0000] {logging_mixin.py:188} INFO - [2026-09-17T22:16:31.353+0000] {dagbag.py:355} ERROR - Failed to import: /opt/airflow/dags/weather_pipeline.py
Traceback (most recent call last):
  File "/home/airflow/.local/lib/python3.10/site-packages/airflow/models/dagbag.py", line 351, in parse
    loader.exec_module(new_module)
  File "<frozen importlib._bootstrap_external>", line 883, in exec_module
  File "<frozen importlib._bootstrap>", line 241, in _call_with_frames_removed
  File "/opt/airflow/dags/weather_pipeline.py", line 2, in <module>
    from scripts.script_01_extract import run_extraction
ModuleNotFoundError: No module named 'scripts.script_01_extract'
[2026-09-17T22:16:31.357+0000] {processor.py:842} WARNING - No viable dags retrieved from /opt/airflow/dags/weather_pipeline.py
[2026-09-17T22:16:31.436+0000] {processor.py:183} INFO - Processing /opt/airflow/dags/weather_pipeline.py took 0.116 seconds
[2026-09-17T22:17:01.636+0000] {processor.py:161} INFO - Started process (PID=172) to work on /opt/airflow/dags/weather_pipeline.py
[2026-09-17T22:17:01.639+0000] {processor.py:830} INFO - Processing file /opt/airflow/dags/weather_pipeline.py for tasks to queue
[2026-09-17T22:17:01.642+0000] {logging_mixin.py:188} INFO - [2026-09-17T22:17:01.641+0000] {dagbag.py:545} INFO - Filling up the DagBag from /opt/airflow/dags/weather_pipeline.py
[2026-09-17T22:17:01.659+0000] {logging_mixin.py:188} INFO - [2026-09-17T22:17:01.656+0000] {dagbag.py:355} ERROR - Failed to import: /opt/airflow/dags/weather_pipeline.py
Traceback (most recent call last):
  File "/home/airflow/.local/lib/python3.10/site-packages/airflow/models/dagbag.py", line 351, in parse
    loader.exec_module(new_module)
  File "<frozen importlib._bootstrap_external>", line 883, in exec_module
  File "<frozen importlib._bootstrap>", line 241, in _call_with_frames_removed
  File "/opt/airflow/dags/weather_pipeline.py", line 2, in <module>
    from scripts.script_01_extract import run_extraction
ModuleNotFoundError: No module named 'scripts.script_01_extract'
[2026-09-17T22:17:01.661+0000] {processor.py:842} WARNING - No viable dags retrieved from /opt/airflow/dags/weather_pipeline.py
[2026-09-17T22:17:01.761+0000] {processor.py:183} INFO - Processing /opt/airflow/dags/weather_pipeline.py took 0.148 seconds
[2026-09-17T22:17:31.933+0000] {processor.py:161} INFO - Started process (PID=173) to work on /opt/airflow/dags/weather_pipeline.py
[2026-09-17T22:17:31.937+0000] {processor.py:830} INFO - Processing file /opt/airflow/dags/weather_pipeline.py for tasks to queue
[2026-09-17T22:17:31.939+0000] {logging_mixin.py:188} INFO - [2026-09-17T22:17:31.938+0000] {dagbag.py:545} INFO - Filling up the DagBag from /opt/airflow/dags/weather_pipeline.py
[2026-09-17T22:17:31.951+0000] {logging_mixin.py:188} INFO - [2026-09-17T22:17:31.948+0000] {dagbag.py:355} ERROR - Failed to import: /opt/airflow/dags/weather_pipeline.py
Traceback (most recent call last):
  File "/home/airflow/.local/lib/python3.10/site-packages/airflow/models/dagbag.py", line 351, in parse
    loader.exec_module(new_module)
  File "<frozen importlib._bootstrap_external>", line 883, in exec_module
  File "<frozen importlib._bootstrap>", line 241, in _call_with_frames_removed
  File "/opt/airflow/dags/weather_pipeline.py", line 2, in <module>
    from scripts.script_01_extract import run_extraction
ModuleNotFoundError: No module named 'scripts.script_01_extract'
[2026-09-17T22:17:31.952+0000] {processor.py:842} WARNING - No viable dags retrieved from /opt/airflow/dags/weather_pipeline.py
[2026-09-17T22:17:32.028+0000] {processor.py:183} INFO - Processing /opt/airflow/dags/weather_pipeline.py took 0.113 seconds
[2026-09-17T22:18:02.217+0000] {processor.py:161} INFO - Started process (PID=174) to work on /opt/airflow/dags/weather_pipeline.py
[2026-09-17T22:18:02.218+0000] {processor.py:830} INFO - Processing file /opt/airflow/dags/weather_pipeline.py for tasks to queue
[2026-09-17T22:18:02.219+0000] {logging_mixin.py:188} INFO - [2026-09-17T22:18:02.219+0000] {dagbag.py:545} INFO - Filling up the DagBag from /opt/airflow/dags/weather_pipeline.py
[2026-09-17T22:18:02.225+0000] {logging_mixin.py:188} INFO - [2026-09-17T22:18:02.224+0000] {dagbag.py:355} ERROR - Failed to import: /opt/airflow/dags/weather_pipeline.py
Traceback (most recent call last):
  File "/home/airflow/.local/lib/python3.10/site-packages/airflow/models/dagbag.py", line 351, in parse
    loader.exec_module(new_module)
  File "<frozen importlib._bootstrap_external>", line 883, in exec_module
  File "<frozen importlib._bootstrap>", line 241, in _call_with_frames_removed
  File "/opt/airflow/dags/weather_pipeline.py", line 2, in <module>
    from scripts.script_01_extract import run_extraction
ModuleNotFoundError: No module named 'scripts.script_01_extract'
[2026-09-17T22:18:02.226+0000] {processor.py:842} WARNING - No viable dags retrieved from /opt/airflow/dags/weather_pipeline.py
[2026-09-17T22:18:02.272+0000] {processor.py:183} INFO - Processing /opt/airflow/dags/weather_pipeline.py took 0.065 seconds
[2026-09-17T22:18:32.503+0000] {processor.py:161} INFO - Started process (PID=175) to work on /opt/airflow/dags/weather_pipeline.py
[2026-09-17T22:18:32.505+0000] {processor.py:830} INFO - Processing file /opt/airflow/dags/weather_pipeline.py for tasks to queue
[2026-09-17T22:18:32.507+0000] {logging_mixin.py:188} INFO - [2026-09-17T22:18:32.506+0000] {dagbag.py:545} INFO - Filling up the DagBag from /opt/airflow/dags/weather_pipeline.py
[2026-09-17T22:18:32.515+0000] {logging_mixin.py:188} INFO - [2026-09-17T22:18:32.513+0000] {dagbag.py:355} ERROR - Failed to import: /opt/airflow/dags/weather_pipeline.py
Traceback (most recent call last):
  File "/home/airflow/.local/lib/python3.10/site-packages/airflow/models/dagbag.py", line 351, in parse
    loader.exec_module(new_module)
  File "<frozen importlib._bootstrap_external>", line 883, in exec_module
  File "<frozen importlib._bootstrap>", line 241, in _call_with_frames_removed
  File "/opt/airflow/dags/weather_pipeline.py", line 2, in <module>
    from scripts.script_01_extract import run_extraction
ModuleNotFoundError: No module named 'scripts.script_01_extract'
[2026-09-17T22:18:32.516+0000] {processor.py:842} WARNING - No viable dags retrieved from /opt/airflow/dags/weather_pipeline.py
[2026-09-17T22:18:32.559+0000] {processor.py:183} INFO - Processing /opt/airflow/dags/weather_pipeline.py took 0.070 seconds
[2026-09-17T22:19:02.778+0000] {processor.py:161} INFO - Started process (PID=176) to work on /opt/airflow/dags/weather_pipeline.py
[2026-09-17T22:19:02.780+0000] {processor.py:830} INFO - Processing file /opt/airflow/dags/weather_pipeline.py for tasks to queue
[2026-09-17T22:19:02.784+0000] {logging_mixin.py:188} INFO - [2026-09-17T22:19:02.783+0000] {dagbag.py:545} INFO - Filling up the DagBag from /opt/airflow/dags/weather_pipeline.py
[2026-09-17T22:19:02.798+0000] {logging_mixin.py:188} INFO - [2026-09-17T22:19:02.795+0000] {dagbag.py:355} ERROR - Failed to import: /opt/airflow/dags/weather_pipeline.py
Traceback (most recent call last):
  File "/home/airflow/.local/lib/python3.10/site-packages/airflow/models/dagbag.py", line 351, in parse
    loader.exec_module(new_module)
  File "<frozen importlib._bootstrap_external>", line 883, in exec_module
  File "<frozen importlib._bootstrap>", line 241, in _call_with_frames_removed
  File "/opt/airflow/dags/weather_pipeline.py", line 2, in <module>
    from scripts.script_01_extract import run_extraction
ModuleNotFoundError: No module named 'scripts.script_01_extract'
[2026-09-17T22:19:02.799+0000] {processor.py:842} WARNING - No viable dags retrieved from /opt/airflow/dags/weather_pipeline.py
[2026-09-17T22:19:02.885+0000] {processor.py:183} INFO - Processing /opt/airflow/dags/weather_pipeline.py took 0.129 seconds
[2026-09-17T22:19:33.093+0000] {processor.py:161} INFO - Started process (PID=177) to work on /opt/airflow/dags/weather_pipeline.py
[2026-09-17T22:19:33.097+0000] {processor.py:830} INFO - Processing file /opt/airflow/dags/weather_pipeline.py for tasks to queue
[2026-09-17T22:19:33.099+0000] {logging_mixin.py:188} INFO - [2026-09-17T22:19:33.098+0000] {dagbag.py:545} INFO - Filling up the DagBag from /opt/airflow/dags/weather_pipeline.py
[2026-09-17T22:19:33.113+0000] {logging_mixin.py:188} INFO - [2026-09-17T22:19:33.110+0000] {dagbag.py:355} ERROR - Failed to import: /opt/airflow/dags/weather_pipeline.py
Traceback (most recent call last):
  File "/home/airflow/.local/lib/python3.10/site-packages/airflow/models/dagbag.py", line 351, in parse
    loader.exec_module(new_module)
  File "<frozen importlib._bootstrap_external>", line 883, in exec_module
  File "<frozen importlib._bootstrap>", line 241, in _call_with_frames_removed
  File "/opt/airflow/dags/weather_pipeline.py", line 2, in <module>
    from scripts.script_01_extract import run_extraction
ModuleNotFoundError: No module named 'scripts.script_01_extract'
[2026-09-17T22:19:33.115+0000] {processor.py:842} WARNING - No viable dags retrieved from /opt/airflow/dags/weather_pipeline.py
[2026-09-17T22:19:33.219+0000] {processor.py:183} INFO - Processing /opt/airflow/dags/weather_pipeline.py took 0.153 seconds
[2026-09-17T22:20:03.424+0000] {processor.py:161} INFO - Started process (PID=178) to work on /opt/airflow/dags/weather_pipeline.py
[2026-09-17T22:20:03.426+0000] {processor.py:830} INFO - Processing file /opt/airflow/dags/weather_pipeline.py for tasks to queue
[2026-09-17T22:20:03.428+0000] {logging_mixin.py:188} INFO - [2026-09-17T22:20:03.427+0000] {dagbag.py:545} INFO - Filling up the DagBag from /opt/airflow/dags/weather_pipeline.py
[2026-09-17T22:20:03.438+0000] {logging_mixin.py:188} INFO - [2026-09-17T22:20:03.435+0000] {dagbag.py:355} ERROR - Failed to import: /opt/airflow/dags/weather_pipeline.py
Traceback (most recent call last):
  File "/home/airflow/.local/lib/python3.10/site-packages/airflow/models/dagbag.py", line 351, in parse
    loader.exec_module(new_module)
  File "<frozen importlib._bootstrap_external>", line 883, in exec_module
  File "<frozen importlib._bootstrap>", line 241, in _call_with_frames_removed
  File "/opt/airflow/dags/weather_pipeline.py", line 2, in <module>
    from scripts.script_01_extract import run_extraction
ModuleNotFoundError: No module named 'scripts.script_01_extract'
[2026-09-17T22:20:03.439+0000] {processor.py:842} WARNING - No viable dags retrieved from /opt/airflow/dags/weather_pipeline.py
[2026-09-17T22:20:03.483+0000] {processor.py:183} INFO - Processing /opt/airflow/dags/weather_pipeline.py took 0.071 seconds
[2026-09-17T22:20:33.841+0000] {processor.py:161} INFO - Started process (PID=179) to work on /opt/airflow/dags/weather_pipeline.py
[2026-09-17T22:20:33.847+0000] {processor.py:830} INFO - Processing file /opt/airflow/dags/weather_pipeline.py for tasks to queue
[2026-09-17T22:20:33.851+0000] {logging_mixin.py:188} INFO - [2026-09-17T22:20:33.850+0000] {dagbag.py:545} INFO - Filling up the DagBag from /opt/airflow/dags/weather_pipeline.py
[2026-09-17T22:20:33.872+0000] {logging_mixin.py:188} INFO - [2026-09-17T22:20:33.869+0000] {dagbag.py:355} ERROR - Failed to import: /opt/airflow/dags/weather_pipeline.py
Traceback (most recent call last):
  File "/home/airflow/.local/lib/python3.10/site-packages/airflow/models/dagbag.py", line 351, in parse
    loader.exec_module(new_module)
  File "<frozen importlib._bootstrap_external>", line 883, in exec_module
  File "<frozen importlib._bootstrap>", line 241, in _call_with_frames_removed
  File "/opt/airflow/dags/weather_pipeline.py", line 2, in <module>
    from scripts.script_01_extract import run_extraction
ModuleNotFoundError: No module named 'scripts.script_01_extract'
[2026-09-17T22:20:33.875+0000] {processor.py:842} WARNING - No viable dags retrieved from /opt/airflow/dags/weather_pipeline.py
[2026-09-17T22:20:33.990+0000] {processor.py:183} INFO - Processing /opt/airflow/dags/weather_pipeline.py took 0.180 seconds
[2026-09-17T22:21:04.098+0000] {processor.py:161} INFO - Started process (PID=180) to work on /opt/airflow/dags/weather_pipeline.py
[2026-09-17T22:21:04.101+0000] {processor.py:830} INFO - Processing file /opt/airflow/dags/weather_pipeline.py for tasks to queue
[2026-09-17T22:21:04.104+0000] {logging_mixin.py:188} INFO - [2026-09-17T22:21:04.103+0000] {dagbag.py:545} INFO - Filling up the DagBag from /opt/airflow/dags/weather_pipeline.py
[2026-09-17T22:21:04.114+0000] {logging_mixin.py:188} INFO - [2026-09-17T22:21:04.112+0000] {dagbag.py:355} ERROR - Failed to import: /opt/airflow/dags/weather_pipeline.py
Traceback (most recent call last):
  File "/home/airflow/.local/lib/python3.10/site-packages/airflow/models/dagbag.py", line 351, in parse
    loader.exec_module(new_module)
  File "<frozen importlib._bootstrap_external>", line 883, in exec_module
  File "<frozen importlib._bootstrap>", line 241, in _call_with_frames_removed
  File "/opt/airflow/dags/weather_pipeline.py", line 2, in <module>
    from scripts.script_01_extract import run_extraction
ModuleNotFoundError: No module named 'scripts.script_01_extract'
[2026-09-17T22:21:04.115+0000] {processor.py:842} WARNING - No viable dags retrieved from /opt/airflow/dags/weather_pipeline.py
[2026-09-17T22:21:04.180+0000] {processor.py:183} INFO - Processing /opt/airflow/dags/weather_pipeline.py took 0.101 seconds
[2026-09-17T22:21:34.232+0000] {processor.py:161} INFO - Started process (PID=181) to work on /opt/airflow/dags/weather_pipeline.py
[2026-09-17T22:21:34.232+0000] {processor.py:830} INFO - Processing file /opt/airflow/dags/weather_pipeline.py for tasks to queue
[2026-09-17T22:21:34.234+0000] {logging_mixin.py:188} INFO - [2026-09-17T22:21:34.233+0000] {dagbag.py:545} INFO - Filling up the DagBag from /opt/airflow/dags/weather_pipeline.py
[2026-09-17T22:21:34.240+0000] {logging_mixin.py:188} INFO - [2026-09-17T22:21:34.239+0000] {dagbag.py:355} ERROR - Failed to import: /opt/airflow/dags/weather_pipeline.py
Traceback (most recent call last):
  File "/home/airflow/.local/lib/python3.10/site-packages/airflow/models/dagbag.py", line 351, in parse
    loader.exec_module(new_module)
  File "<frozen importlib._bootstrap_external>", line 883, in exec_module
  File "<frozen importlib._bootstrap>", line 241, in _call_with_frames_removed
  File "/opt/airflow/dags/weather_pipeline.py", line 2, in <module>
    from scripts.script_01_extract import run_extraction
ModuleNotFoundError: No module named 'scripts.script_01_extract'
[2026-09-17T22:21:34.240+0000] {processor.py:842} WARNING - No viable dags retrieved from /opt/airflow/dags/weather_pipeline.py
[2026-09-17T22:21:34.273+0000] {processor.py:183} INFO - Processing /opt/airflow/dags/weather_pipeline.py took 0.050 seconds
[2026-09-17T22:22:25.714+0000] {processor.py:161} INFO - Started process (PID=51) to work on /opt/airflow/dags/weather_pipeline.py
[2026-09-17T22:22:25.715+0000] {processor.py:830} INFO - Processing file /opt/airflow/dags/weather_pipeline.py for tasks to queue
[2026-09-17T22:22:25.718+0000] {logging_mixin.py:188} INFO - [2026-09-17T22:22:25.717+0000] {dagbag.py:545} INFO - Filling up the DagBag from /opt/airflow/dags/weather_pipeline.py
[2026-09-17T22:22:25.723+0000] {logging_mixin.py:188} INFO - [2026-09-17T22:22:25.722+0000] {dagbag.py:355} ERROR - Failed to import: /opt/airflow/dags/weather_pipeline.py
Traceback (most recent call last):
  File "/home/airflow/.local/lib/python3.10/site-packages/airflow/models/dagbag.py", line 351, in parse
    loader.exec_module(new_module)
  File "<frozen importlib._bootstrap_external>", line 883, in exec_module
  File "<frozen importlib._bootstrap>", line 241, in _call_with_frames_removed
  File "/opt/airflow/dags/weather_pipeline.py", line 2, in <module>
    from scripts.script_01_extract import run_extraction
ModuleNotFoundError: No module named 'scripts.script_01_extract'
[2026-09-17T22:22:25.724+0000] {processor.py:842} WARNING - No viable dags retrieved from /opt/airflow/dags/weather_pipeline.py
[2026-09-17T22:22:25.762+0000] {processor.py:183} INFO - Processing /opt/airflow/dags/weather_pipeline.py took 0.058 seconds
[2026-09-17T22:22:55.919+0000] {processor.py:161} INFO - Started process (PID=67) to work on /opt/airflow/dags/weather_pipeline.py
[2026-09-17T22:22:55.920+0000] {processor.py:830} INFO - Processing file /opt/airflow/dags/weather_pipeline.py for tasks to queue
[2026-09-17T22:22:55.924+0000] {logging_mixin.py:188} INFO - [2026-09-17T22:22:55.923+0000] {dagbag.py:545} INFO - Filling up the DagBag from /opt/airflow/dags/weather_pipeline.py
[2026-09-17T22:22:55.931+0000] {logging_mixin.py:188} INFO - [2026-09-17T22:22:55.930+0000] {dagbag.py:355} ERROR - Failed to import: /opt/airflow/dags/weather_pipeline.py
Traceback (most recent call last):
  File "/home/airflow/.local/lib/python3.10/site-packages/airflow/models/dagbag.py", line 351, in parse
    loader.exec_module(new_module)
  File "<frozen importlib._bootstrap_external>", line 883, in exec_module
  File "<frozen importlib._bootstrap>", line 241, in _call_with_frames_removed
  File "/opt/airflow/dags/weather_pipeline.py", line 2, in <module>
    from scripts.script_01_extract import run_extraction
ModuleNotFoundError: No module named 'scripts.script_01_extract'
[2026-09-17T22:22:55.932+0000] {processor.py:842} WARNING - No viable dags retrieved from /opt/airflow/dags/weather_pipeline.py
[2026-09-17T22:22:55.992+0000] {processor.py:183} INFO - Processing /opt/airflow/dags/weather_pipeline.py took 0.090 seconds
[2026-09-17T22:23:26.176+0000] {processor.py:161} INFO - Started process (PID=72) to work on /opt/airflow/dags/weather_pipeline.py
[2026-09-17T22:23:26.180+0000] {processor.py:830} INFO - Processing file /opt/airflow/dags/weather_pipeline.py for tasks to queue
[2026-09-17T22:23:26.185+0000] {logging_mixin.py:188} INFO - [2026-09-17T22:23:26.184+0000] {dagbag.py:545} INFO - Filling up the DagBag from /opt/airflow/dags/weather_pipeline.py
[2026-09-17T22:23:26.196+0000] {logging_mixin.py:188} INFO - [2026-09-17T22:23:26.194+0000] {dagbag.py:355} ERROR - Failed to import: /opt/airflow/dags/weather_pipeline.py
Traceback (most recent call last):
  File "/home/airflow/.local/lib/python3.10/site-packages/airflow/models/dagbag.py", line 351, in parse
    loader.exec_module(new_module)
  File "<frozen importlib._bootstrap_external>", line 883, in exec_module
  File "<frozen importlib._bootstrap>", line 241, in _call_with_frames_removed
  File "/opt/airflow/dags/weather_pipeline.py", line 2, in <module>
    from scripts.script_01_extract import run_extraction
ModuleNotFoundError: No module named 'scripts.script_01_extract'
[2026-09-17T22:23:26.198+0000] {processor.py:842} WARNING - No viable dags retrieved from /opt/airflow/dags/weather_pipeline.py
[2026-09-17T22:23:26.279+0000] {processor.py:183} INFO - Processing /opt/airflow/dags/weather_pipeline.py took 0.124 seconds
[2026-09-17T22:23:56.450+0000] {processor.py:161} INFO - Started process (PID=73) to work on /opt/airflow/dags/weather_pipeline.py
[2026-09-17T22:23:56.452+0000] {processor.py:830} INFO - Processing file /opt/airflow/dags/weather_pipeline.py for tasks to queue
[2026-09-17T22:23:56.454+0000] {logging_mixin.py:188} INFO - [2026-09-17T22:23:56.454+0000] {dagbag.py:545} INFO - Filling up the DagBag from /opt/airflow/dags/weather_pipeline.py
[2026-09-17T22:23:56.459+0000] {logging_mixin.py:188} INFO - [2026-09-17T22:23:56.458+0000] {dagbag.py:355} ERROR - Failed to import: /opt/airflow/dags/weather_pipeline.py
Traceback (most recent call last):
  File "/home/airflow/.local/lib/python3.10/site-packages/airflow/models/dagbag.py", line 351, in parse
    loader.exec_module(new_module)
  File "<frozen importlib._bootstrap_external>", line 883, in exec_module
  File "<frozen importlib._bootstrap>", line 241, in _call_with_frames_removed
  File "/opt/airflow/dags/weather_pipeline.py", line 2, in <module>
    from scripts.script_01_extract import run_extraction
ModuleNotFoundError: No module named 'scripts.script_01_extract'
[2026-09-17T22:23:56.459+0000] {processor.py:842} WARNING - No viable dags retrieved from /opt/airflow/dags/weather_pipeline.py
[2026-09-17T22:23:56.498+0000] {processor.py:183} INFO - Processing /opt/airflow/dags/weather_pipeline.py took 0.056 seconds
[2026-09-17T22:24:26.720+0000] {processor.py:161} INFO - Started process (PID=75) to work on /opt/airflow/dags/weather_pipeline.py
[2026-09-17T22:24:26.722+0000] {processor.py:830} INFO - Processing file /opt/airflow/dags/weather_pipeline.py for tasks to queue
[2026-09-17T22:24:26.727+0000] {logging_mixin.py:188} INFO - [2026-09-17T22:24:26.726+0000] {dagbag.py:545} INFO - Filling up the DagBag from /opt/airflow/dags/weather_pipeline.py
[2026-09-17T22:24:26.740+0000] {logging_mixin.py:188} INFO - [2026-09-17T22:24:26.737+0000] {dagbag.py:355} ERROR - Failed to import: /opt/airflow/dags/weather_pipeline.py
Traceback (most recent call last):
  File "/home/airflow/.local/lib/python3.10/site-packages/airflow/models/dagbag.py", line 351, in parse
    loader.exec_module(new_module)
  File "<frozen importlib._bootstrap_external>", line 883, in exec_module
  File "<frozen importlib._bootstrap>", line 241, in _call_with_frames_removed
  File "/opt/airflow/dags/weather_pipeline.py", line 2, in <module>
    from scripts.script_01_extract import run_extraction
ModuleNotFoundError: No module named 'scripts.script_01_extract'
[2026-09-17T22:24:26.741+0000] {processor.py:842} WARNING - No viable dags retrieved from /opt/airflow/dags/weather_pipeline.py
[2026-09-17T22:24:26.829+0000] {processor.py:183} INFO - Processing /opt/airflow/dags/weather_pipeline.py took 0.128 seconds
[2026-09-17T22:24:48.906+0000] {processor.py:161} INFO - Started process (PID=76) to work on /opt/airflow/dags/weather_pipeline.py
[2026-09-17T22:24:48.908+0000] {processor.py:830} INFO - Processing file /opt/airflow/dags/weather_pipeline.py for tasks to queue
[2026-09-17T22:24:48.911+0000] {logging_mixin.py:188} INFO - [2026-09-17T22:24:48.910+0000] {dagbag.py:545} INFO - Filling up the DagBag from /opt/airflow/dags/weather_pipeline.py
[2026-09-17T22:24:48.972+0000] {processor.py:840} INFO - DAG(s) 'weather_pipeline' retrieved from /opt/airflow/dags/weather_pipeline.py
[2026-09-17T22:24:49.260+0000] {logging_mixin.py:188} INFO - [2026-09-17T22:24:49.259+0000] {dag.py:3096} INFO - Sync 1 DAGs
[2026-09-17T22:24:49.298+0000] {logging_mixin.py:188} INFO - [2026-09-17T22:24:49.298+0000] {dag.py:3954} INFO - Setting next_dagrun for weather_pipeline to 2026-09-17 00:00:00+00:00, run_after=2026-09-18 00:00:00+00:00
[2026-09-17T22:24:49.349+0000] {processor.py:183} INFO - Processing /opt/airflow/dags/weather_pipeline.py took 0.455 seconds
[2026-09-17T22:25:19.633+0000] {processor.py:161} INFO - Started process (PID=77) to work on /opt/airflow/dags/weather_pipeline.py
[2026-09-17T22:25:19.635+0000] {processor.py:830} INFO - Processing file /opt/airflow/dags/weather_pipeline.py for tasks to queue
[2026-09-17T22:25:19.641+0000] {logging_mixin.py:188} INFO - [2026-09-17T22:25:19.640+0000] {dagbag.py:545} INFO - Filling up the DagBag from /opt/airflow/dags/weather_pipeline.py
[2026-09-17T22:25:19.718+0000] {processor.py:840} INFO - DAG(s) 'weather_pipeline' retrieved from /opt/airflow/dags/weather_pipeline.py
[2026-09-17T22:25:19.855+0000] {logging_mixin.py:188} INFO - [2026-09-17T22:25:19.855+0000] {dag.py:3096} INFO - Sync 1 DAGs
[2026-09-17T22:25:19.949+0000] {logging_mixin.py:188} INFO - [2026-09-17T22:25:19.948+0000] {dag.py:3954} INFO - Setting next_dagrun for weather_pipeline to 2026-09-17 00:00:00+00:00, run_after=2026-09-18 00:00:00+00:00
[2026-09-17T22:25:20.028+0000] {processor.py:183} INFO - Processing /opt/airflow/dags/weather_pipeline.py took 0.416 seconds
[2026-09-17T22:25:50.325+0000] {processor.py:161} INFO - Started process (PID=78) to work on /opt/airflow/dags/weather_pipeline.py
[2026-09-17T22:25:50.328+0000] {processor.py:830} INFO - Processing file /opt/airflow/dags/weather_pipeline.py for tasks to queue
[2026-09-17T22:25:50.334+0000] {logging_mixin.py:188} INFO - [2026-09-17T22:25:50.333+0000] {dagbag.py:545} INFO - Filling up the DagBag from /opt/airflow/dags/weather_pipeline.py
[2026-09-17T22:25:50.416+0000] {processor.py:840} INFO - DAG(s) 'weather_pipeline' retrieved from /opt/airflow/dags/weather_pipeline.py
[2026-09-17T22:25:50.545+0000] {logging_mixin.py:188} INFO - [2026-09-17T22:25:50.544+0000] {dag.py:3096} INFO - Sync 1 DAGs
[2026-09-17T22:25:50.636+0000] {logging_mixin.py:188} INFO - [2026-09-17T22:25:50.635+0000] {dag.py:3954} INFO - Setting next_dagrun for weather_pipeline to 2026-09-17 00:00:00+00:00, run_after=2026-09-18 00:00:00+00:00
[2026-09-17T22:25:50.712+0000] {processor.py:183} INFO - Processing /opt/airflow/dags/weather_pipeline.py took 0.412 seconds
[2026-09-17T22:26:00.403+0000] {processor.py:161} INFO - Started process (PID=79) to work on /opt/airflow/dags/weather_pipeline.py
[2026-09-17T22:26:00.405+0000] {processor.py:830} INFO - Processing file /opt/airflow/dags/weather_pipeline.py for tasks to queue
[2026-09-17T22:26:00.412+0000] {logging_mixin.py:188} INFO - [2026-09-17T22:26:00.411+0000] {dagbag.py:545} INFO - Filling up the DagBag from /opt/airflow/dags/weather_pipeline.py
[2026-09-17T22:26:00.427+0000] {logging_mixin.py:188} INFO - [2026-09-17T22:26:00.424+0000] {dagbag.py:355} ERROR - Failed to import: /opt/airflow/dags/weather_pipeline.py
Traceback (most recent call last):
  File "/home/airflow/.local/lib/python3.10/site-packages/airflow/models/dagbag.py", line 351, in parse
    loader.exec_module(new_module)
  File "<frozen importlib._bootstrap_external>", line 883, in exec_module
  File "<frozen importlib._bootstrap>", line 241, in _call_with_frames_removed
  File "/opt/airflow/dags/weather_pipeline.py", line 2, in <module>
    from scripts.script_01_extract import run_extraction
ModuleNotFoundError: No module named 'scripts.script_01_extract'
[2026-09-17T22:26:00.428+0000] {processor.py:842} WARNING - No viable dags retrieved from /opt/airflow/dags/weather_pipeline.py
[2026-09-17T22:26:00.525+0000] {processor.py:183} INFO - Processing /opt/airflow/dags/weather_pipeline.py took 0.141 seconds
[2026-09-17T22:26:30.634+0000] {processor.py:161} INFO - Started process (PID=80) to work on /opt/airflow/dags/weather_pipeline.py
[2026-09-17T22:26:30.636+0000] {processor.py:830} INFO - Processing file /opt/airflow/dags/weather_pipeline.py for tasks to queue
[2026-09-17T22:26:30.646+0000] {logging_mixin.py:188} INFO - [2026-09-17T22:26:30.644+0000] {dagbag.py:545} INFO - Filling up the DagBag from /opt/airflow/dags/weather_pipeline.py
[2026-09-17T22:26:30.665+0000] {logging_mixin.py:188} INFO - [2026-09-17T22:26:30.659+0000] {dagbag.py:355} ERROR - Failed to import: /opt/airflow/dags/weather_pipeline.py
Traceback (most recent call last):
  File "/home/airflow/.local/lib/python3.10/site-packages/airflow/models/dagbag.py", line 351, in parse
    loader.exec_module(new_module)
  File "<frozen importlib._bootstrap_external>", line 883, in exec_module
  File "<frozen importlib._bootstrap>", line 241, in _call_with_frames_removed
  File "/opt/airflow/dags/weather_pipeline.py", line 2, in <module>
    from scripts.script_01_extract import run_extraction
ModuleNotFoundError: No module named 'scripts.script_01_extract'
[2026-09-17T22:26:30.667+0000] {processor.py:842} WARNING - No viable dags retrieved from /opt/airflow/dags/weather_pipeline.py
[2026-09-17T22:26:30.781+0000] {processor.py:183} INFO - Processing /opt/airflow/dags/weather_pipeline.py took 0.177 seconds
[2026-09-17T22:27:01.046+0000] {processor.py:161} INFO - Started process (PID=81) to work on /opt/airflow/dags/weather_pipeline.py
[2026-09-17T22:27:01.050+0000] {processor.py:830} INFO - Processing file /opt/airflow/dags/weather_pipeline.py for tasks to queue
[2026-09-17T22:27:01.057+0000] {logging_mixin.py:188} INFO - [2026-09-17T22:27:01.056+0000] {dagbag.py:545} INFO - Filling up the DagBag from /opt/airflow/dags/weather_pipeline.py
[2026-09-17T22:27:01.074+0000] {logging_mixin.py:188} INFO - [2026-09-17T22:27:01.070+0000] {dagbag.py:355} ERROR - Failed to import: /opt/airflow/dags/weather_pipeline.py
Traceback (most recent call last):
  File "/home/airflow/.local/lib/python3.10/site-packages/airflow/models/dagbag.py", line 351, in parse
    loader.exec_module(new_module)
  File "<frozen importlib._bootstrap_external>", line 883, in exec_module
  File "<frozen importlib._bootstrap>", line 241, in _call_with_frames_removed
  File "/opt/airflow/dags/weather_pipeline.py", line 2, in <module>
    from scripts.script_01_extract import run_extraction
ModuleNotFoundError: No module named 'scripts.script_01_extract'
[2026-09-17T22:27:01.076+0000] {processor.py:842} WARNING - No viable dags retrieved from /opt/airflow/dags/weather_pipeline.py
[2026-09-17T22:27:01.190+0000] {processor.py:183} INFO - Processing /opt/airflow/dags/weather_pipeline.py took 0.176 seconds
[2026-09-17T22:27:31.390+0000] {processor.py:161} INFO - Started process (PID=82) to work on /opt/airflow/dags/weather_pipeline.py
[2026-09-17T22:27:31.394+0000] {processor.py:830} INFO - Processing file /opt/airflow/dags/weather_pipeline.py for tasks to queue
[2026-09-17T22:27:31.397+0000] {logging_mixin.py:188} INFO - [2026-09-17T22:27:31.396+0000] {dagbag.py:545} INFO - Filling up the DagBag from /opt/airflow/dags/weather_pipeline.py
[2026-09-17T22:27:31.411+0000] {logging_mixin.py:188} INFO - [2026-09-17T22:27:31.408+0000] {dagbag.py:355} ERROR - Failed to import: /opt/airflow/dags/weather_pipeline.py
Traceback (most recent call last):
  File "/home/airflow/.local/lib/python3.10/site-packages/airflow/models/dagbag.py", line 351, in parse
    loader.exec_module(new_module)
  File "<frozen importlib._bootstrap_external>", line 883, in exec_module
  File "<frozen importlib._bootstrap>", line 241, in _call_with_frames_removed
  File "/opt/airflow/dags/weather_pipeline.py", line 2, in <module>
    from scripts.script_01_extract import run_extraction
ModuleNotFoundError: No module named 'scripts.script_01_extract'
[2026-09-17T22:27:31.413+0000] {processor.py:842} WARNING - No viable dags retrieved from /opt/airflow/dags/weather_pipeline.py
[2026-09-17T22:27:31.504+0000] {processor.py:183} INFO - Processing /opt/airflow/dags/weather_pipeline.py took 0.142 seconds
[2026-09-17T22:28:01.711+0000] {processor.py:161} INFO - Started process (PID=83) to work on /opt/airflow/dags/weather_pipeline.py
[2026-09-17T22:28:01.714+0000] {processor.py:830} INFO - Processing file /opt/airflow/dags/weather_pipeline.py for tasks to queue
[2026-09-17T22:28:01.717+0000] {logging_mixin.py:188} INFO - [2026-09-17T22:28:01.716+0000] {dagbag.py:545} INFO - Filling up the DagBag from /opt/airflow/dags/weather_pipeline.py
[2026-09-17T22:28:01.735+0000] {logging_mixin.py:188} INFO - [2026-09-17T22:28:01.730+0000] {dagbag.py:355} ERROR - Failed to import: /opt/airflow/dags/weather_pipeline.py
Traceback (most recent call last):
  File "/home/airflow/.local/lib/python3.10/site-packages/airflow/models/dagbag.py", line 351, in parse
    loader.exec_module(new_module)
  File "<frozen importlib._bootstrap_external>", line 883, in exec_module
  File "<frozen importlib._bootstrap>", line 241, in _call_with_frames_removed
  File "/opt/airflow/dags/weather_pipeline.py", line 2, in <module>
    from scripts.script_01_extract import run_extraction
ModuleNotFoundError: No module named 'scripts.script_01_extract'
[2026-09-17T22:28:01.737+0000] {processor.py:842} WARNING - No viable dags retrieved from /opt/airflow/dags/weather_pipeline.py
[2026-09-17T22:28:01.839+0000] {processor.py:183} INFO - Processing /opt/airflow/dags/weather_pipeline.py took 0.151 seconds
[2026-09-17T22:28:32.024+0000] {processor.py:161} INFO - Started process (PID=84) to work on /opt/airflow/dags/weather_pipeline.py
[2026-09-17T22:28:32.028+0000] {processor.py:830} INFO - Processing file /opt/airflow/dags/weather_pipeline.py for tasks to queue
[2026-09-17T22:28:32.036+0000] {logging_mixin.py:188} INFO - [2026-09-17T22:28:32.033+0000] {dagbag.py:545} INFO - Filling up the DagBag from /opt/airflow/dags/weather_pipeline.py
[2026-09-17T22:28:32.065+0000] {logging_mixin.py:188} INFO - [2026-09-17T22:28:32.060+0000] {dagbag.py:355} ERROR - Failed to import: /opt/airflow/dags/weather_pipeline.py
Traceback (most recent call last):
  File "/home/airflow/.local/lib/python3.10/site-packages/airflow/models/dagbag.py", line 351, in parse
    loader.exec_module(new_module)
  File "<frozen importlib._bootstrap_external>", line 883, in exec_module
  File "<frozen importlib._bootstrap>", line 241, in _call_with_frames_removed
  File "/opt/airflow/dags/weather_pipeline.py", line 2, in <module>
    from scripts.script_01_extract import run_extraction
ModuleNotFoundError: No module named 'scripts.script_01_extract'
[2026-09-17T22:28:32.067+0000] {processor.py:842} WARNING - No viable dags retrieved from /opt/airflow/dags/weather_pipeline.py
[2026-09-17T22:28:32.146+0000] {processor.py:183} INFO - Processing /opt/airflow/dags/weather_pipeline.py took 0.157 seconds
[2026-09-17T22:29:02.358+0000] {processor.py:161} INFO - Started process (PID=85) to work on /opt/airflow/dags/weather_pipeline.py
[2026-09-17T22:29:02.362+0000] {processor.py:830} INFO - Processing file /opt/airflow/dags/weather_pipeline.py for tasks to queue
[2026-09-17T22:29:02.368+0000] {logging_mixin.py:188} INFO - [2026-09-17T22:29:02.366+0000] {dagbag.py:545} INFO - Filling up the DagBag from /opt/airflow/dags/weather_pipeline.py
[2026-09-17T22:29:02.392+0000] {logging_mixin.py:188} INFO - [2026-09-17T22:29:02.386+0000] {dagbag.py:355} ERROR - Failed to import: /opt/airflow/dags/weather_pipeline.py
Traceback (most recent call last):
  File "/home/airflow/.local/lib/python3.10/site-packages/airflow/models/dagbag.py", line 351, in parse
    loader.exec_module(new_module)
  File "<frozen importlib._bootstrap_external>", line 883, in exec_module
  File "<frozen importlib._bootstrap>", line 241, in _call_with_frames_removed
  File "/opt/airflow/dags/weather_pipeline.py", line 2, in <module>
    from scripts.script_01_extract import run_extraction
ModuleNotFoundError: No module named 'scripts.script_01_extract'
[2026-09-17T22:29:02.394+0000] {processor.py:842} WARNING - No viable dags retrieved from /opt/airflow/dags/weather_pipeline.py
[2026-09-17T22:29:02.513+0000] {processor.py:183} INFO - Processing /opt/airflow/dags/weather_pipeline.py took 0.185 seconds
[2026-09-17T22:29:32.631+0000] {processor.py:161} INFO - Started process (PID=86) to work on /opt/airflow/dags/weather_pipeline.py
[2026-09-17T22:29:32.635+0000] {processor.py:830} INFO - Processing file /opt/airflow/dags/weather_pipeline.py for tasks to queue
[2026-09-17T22:29:32.638+0000] {logging_mixin.py:188} INFO - [2026-09-17T22:29:32.637+0000] {dagbag.py:545} INFO - Filling up the DagBag from /opt/airflow/dags/weather_pipeline.py
[2026-09-17T22:29:32.650+0000] {logging_mixin.py:188} INFO - [2026-09-17T22:29:32.647+0000] {dagbag.py:355} ERROR - Failed to import: /opt/airflow/dags/weather_pipeline.py
Traceback (most recent call last):
  File "/home/airflow/.local/lib/python3.10/site-packages/airflow/models/dagbag.py", line 351, in parse
    loader.exec_module(new_module)
  File "<frozen importlib._bootstrap_external>", line 883, in exec_module
  File "<frozen importlib._bootstrap>", line 241, in _call_with_frames_removed
  File "/opt/airflow/dags/weather_pipeline.py", line 2, in <module>
    from scripts.script_01_extract import run_extraction
ModuleNotFoundError: No module named 'scripts.script_01_extract'
[2026-09-17T22:29:32.651+0000] {processor.py:842} WARNING - No viable dags retrieved from /opt/airflow/dags/weather_pipeline.py
[2026-09-17T22:29:32.726+0000] {processor.py:183} INFO - Processing /opt/airflow/dags/weather_pipeline.py took 0.116 seconds
[2026-09-17T22:30:02.982+0000] {processor.py:161} INFO - Started process (PID=87) to work on /opt/airflow/dags/weather_pipeline.py
[2026-09-17T22:30:02.984+0000] {processor.py:830} INFO - Processing file /opt/airflow/dags/weather_pipeline.py for tasks to queue
[2026-09-17T22:30:02.987+0000] {logging_mixin.py:188} INFO - [2026-09-17T22:30:02.986+0000] {dagbag.py:545} INFO - Filling up the DagBag from /opt/airflow/dags/weather_pipeline.py
[2026-09-17T22:30:03.000+0000] {logging_mixin.py:188} INFO - [2026-09-17T22:30:02.997+0000] {dagbag.py:355} ERROR - Failed to import: /opt/airflow/dags/weather_pipeline.py
Traceback (most recent call last):
  File "/home/airflow/.local/lib/python3.10/site-packages/airflow/models/dagbag.py", line 351, in parse
    loader.exec_module(new_module)
  File "<frozen importlib._bootstrap_external>", line 883, in exec_module
  File "<frozen importlib._bootstrap>", line 241, in _call_with_frames_removed
  File "/opt/airflow/dags/weather_pipeline.py", line 2, in <module>
    from scripts.script_01_extract import run_extraction
ModuleNotFoundError: No module named 'scripts.script_01_extract'
[2026-09-17T22:30:03.002+0000] {processor.py:842} WARNING - No viable dags retrieved from /opt/airflow/dags/weather_pipeline.py
[2026-09-17T22:30:03.090+0000] {processor.py:183} INFO - Processing /opt/airflow/dags/weather_pipeline.py took 0.135 seconds
[2026-09-17T22:30:33.268+0000] {processor.py:161} INFO - Started process (PID=88) to work on /opt/airflow/dags/weather_pipeline.py
[2026-09-17T22:30:33.272+0000] {processor.py:830} INFO - Processing file /opt/airflow/dags/weather_pipeline.py for tasks to queue
[2026-09-17T22:30:33.276+0000] {logging_mixin.py:188} INFO - [2026-09-17T22:30:33.275+0000] {dagbag.py:545} INFO - Filling up the DagBag from /opt/airflow/dags/weather_pipeline.py
[2026-09-17T22:30:33.292+0000] {logging_mixin.py:188} INFO - [2026-09-17T22:30:33.288+0000] {dagbag.py:355} ERROR - Failed to import: /opt/airflow/dags/weather_pipeline.py
Traceback (most recent call last):
  File "/home/airflow/.local/lib/python3.10/site-packages/airflow/models/dagbag.py", line 351, in parse
    loader.exec_module(new_module)
  File "<frozen importlib._bootstrap_external>", line 883, in exec_module
  File "<frozen importlib._bootstrap>", line 241, in _call_with_frames_removed
  File "/opt/airflow/dags/weather_pipeline.py", line 2, in <module>
    from scripts.script_01_extract import run_extraction
ModuleNotFoundError: No module named 'scripts.script_01_extract'
[2026-09-17T22:30:33.294+0000] {processor.py:842} WARNING - No viable dags retrieved from /opt/airflow/dags/weather_pipeline.py
[2026-09-17T22:30:33.389+0000] {processor.py:183} INFO - Processing /opt/airflow/dags/weather_pipeline.py took 0.144 seconds
[2026-09-17T22:31:03.684+0000] {processor.py:161} INFO - Started process (PID=89) to work on /opt/airflow/dags/weather_pipeline.py
[2026-09-17T22:31:03.687+0000] {processor.py:830} INFO - Processing file /opt/airflow/dags/weather_pipeline.py for tasks to queue
[2026-09-17T22:31:03.692+0000] {logging_mixin.py:188} INFO - [2026-09-17T22:31:03.690+0000] {dagbag.py:545} INFO - Filling up the DagBag from /opt/airflow/dags/weather_pipeline.py
[2026-09-17T22:31:03.741+0000] {logging_mixin.py:188} INFO - [2026-09-17T22:31:03.737+0000] {dagbag.py:355} ERROR - Failed to import: /opt/airflow/dags/weather_pipeline.py
Traceback (most recent call last):
  File "/home/airflow/.local/lib/python3.10/site-packages/airflow/models/dagbag.py", line 351, in parse
    loader.exec_module(new_module)
  File "<frozen importlib._bootstrap_external>", line 883, in exec_module
  File "<frozen importlib._bootstrap>", line 241, in _call_with_frames_removed
  File "/opt/airflow/dags/weather_pipeline.py", line 2, in <module>
    from scripts.script_01_extract import run_extraction
ModuleNotFoundError: No module named 'scripts.script_01_extract'
[2026-09-17T22:31:03.744+0000] {processor.py:842} WARNING - No viable dags retrieved from /opt/airflow/dags/weather_pipeline.py
[2026-09-17T22:31:03.957+0000] {processor.py:183} INFO - Processing /opt/airflow/dags/weather_pipeline.py took 0.304 seconds
[2026-09-17T22:31:26.862+0000] {processor.py:161} INFO - Started process (PID=90) to work on /opt/airflow/dags/weather_pipeline.py
[2026-09-17T22:31:26.864+0000] {processor.py:830} INFO - Processing file /opt/airflow/dags/weather_pipeline.py for tasks to queue
[2026-09-17T22:31:26.866+0000] {logging_mixin.py:188} INFO - [2026-09-17T22:31:26.865+0000] {dagbag.py:545} INFO - Filling up the DagBag from /opt/airflow/dags/weather_pipeline.py
[2026-09-17T22:31:28.331+0000] {logging_mixin.py:188} INFO - [2026-09-17T22:31:28.327+0000] {dagbag.py:355} ERROR - Failed to import: /opt/airflow/dags/weather_pipeline.py
Traceback (most recent call last):
  File "/home/airflow/.local/lib/python3.10/site-packages/airflow/models/dagbag.py", line 351, in parse
    loader.exec_module(new_module)
  File "<frozen importlib._bootstrap_external>", line 883, in exec_module
  File "<frozen importlib._bootstrap>", line 241, in _call_with_frames_removed
  File "/opt/airflow/dags/weather_pipeline.py", line 20, in <module>
    from scripts.script_03_load import run_load
  File "/opt/airflow/scripts/script_03_load.py", line 3, in <module>
    from sqlalchemy import (
ImportError: cannot import name 'Double' from 'sqlalchemy' (/home/airflow/.local/lib/python3.10/site-packages/sqlalchemy/__init__.py)
[2026-09-17T22:31:28.332+0000] {processor.py:842} WARNING - No viable dags retrieved from /opt/airflow/dags/weather_pipeline.py
[2026-09-17T22:31:28.472+0000] {processor.py:183} INFO - Processing /opt/airflow/dags/weather_pipeline.py took 1.625 seconds
[2026-09-17T22:31:58.760+0000] {processor.py:161} INFO - Started process (PID=92) to work on /opt/airflow/dags/weather_pipeline.py
[2026-09-17T22:31:58.764+0000] {processor.py:830} INFO - Processing file /opt/airflow/dags/weather_pipeline.py for tasks to queue
[2026-09-17T22:31:58.767+0000] {logging_mixin.py:188} INFO - [2026-09-17T22:31:58.766+0000] {dagbag.py:545} INFO - Filling up the DagBag from /opt/airflow/dags/weather_pipeline.py
[2026-09-17T22:32:00.017+0000] {logging_mixin.py:188} INFO - [2026-09-17T22:32:00.010+0000] {dagbag.py:355} ERROR - Failed to import: /opt/airflow/dags/weather_pipeline.py
Traceback (most recent call last):
  File "/home/airflow/.local/lib/python3.10/site-packages/airflow/models/dagbag.py", line 351, in parse
    loader.exec_module(new_module)
  File "<frozen importlib._bootstrap_external>", line 883, in exec_module
  File "<frozen importlib._bootstrap>", line 241, in _call_with_frames_removed
  File "/opt/airflow/dags/weather_pipeline.py", line 20, in <module>
    from scripts.script_03_load import run_load
  File "/opt/airflow/scripts/script_03_load.py", line 4, in <module>
    from sqlalchemy import (
ImportError: cannot import name 'Double' from 'sqlalchemy' (/home/airflow/.local/lib/python3.10/site-packages/sqlalchemy/__init__.py)
[2026-09-17T22:32:00.019+0000] {processor.py:842} WARNING - No viable dags retrieved from /opt/airflow/dags/weather_pipeline.py
[2026-09-17T22:32:00.126+0000] {processor.py:183} INFO - Processing /opt/airflow/dags/weather_pipeline.py took 1.393 seconds
[2026-09-17T22:32:30.502+0000] {processor.py:161} INFO - Started process (PID=94) to work on /opt/airflow/dags/weather_pipeline.py
[2026-09-17T22:32:30.506+0000] {processor.py:830} INFO - Processing file /opt/airflow/dags/weather_pipeline.py for tasks to queue
[2026-09-17T22:32:30.508+0000] {logging_mixin.py:188} INFO - [2026-09-17T22:32:30.507+0000] {dagbag.py:545} INFO - Filling up the DagBag from /opt/airflow/dags/weather_pipeline.py
[2026-09-17T22:32:32.024+0000] {logging_mixin.py:188} INFO - [2026-09-17T22:32:32.017+0000] {dagbag.py:355} ERROR - Failed to import: /opt/airflow/dags/weather_pipeline.py
Traceback (most recent call last):
  File "/home/airflow/.local/lib/python3.10/site-packages/airflow/models/dagbag.py", line 351, in parse
    loader.exec_module(new_module)
  File "<frozen importlib._bootstrap_external>", line 883, in exec_module
  File "<frozen importlib._bootstrap>", line 241, in _call_with_frames_removed
  File "/opt/airflow/dags/weather_pipeline.py", line 20, in <module>
    from scripts.script_03_load import run_load
  File "/opt/airflow/scripts/script_03_load.py", line 4, in <module>
    from sqlalchemy import (
ImportError: cannot import name 'Double' from 'sqlalchemy' (/home/airflow/.local/lib/python3.10/site-packages/sqlalchemy/__init__.py)
[2026-09-17T22:32:32.025+0000] {processor.py:842} WARNING - No viable dags retrieved from /opt/airflow/dags/weather_pipeline.py
[2026-09-17T22:32:32.162+0000] {processor.py:183} INFO - Processing /opt/airflow/dags/weather_pipeline.py took 1.686 seconds
[2026-09-17T22:33:02.561+0000] {processor.py:161} INFO - Started process (PID=96) to work on /opt/airflow/dags/weather_pipeline.py
[2026-09-17T22:33:02.565+0000] {processor.py:830} INFO - Processing file /opt/airflow/dags/weather_pipeline.py for tasks to queue
[2026-09-17T22:33:02.569+0000] {logging_mixin.py:188} INFO - [2026-09-17T22:33:02.567+0000] {dagbag.py:545} INFO - Filling up the DagBag from /opt/airflow/dags/weather_pipeline.py
[2026-09-17T22:33:04.044+0000] {logging_mixin.py:188} INFO - [2026-09-17T22:33:04.035+0000] {dagbag.py:355} ERROR - Failed to import: /opt/airflow/dags/weather_pipeline.py
Traceback (most recent call last):
  File "/home/airflow/.local/lib/python3.10/site-packages/airflow/models/dagbag.py", line 351, in parse
    loader.exec_module(new_module)
  File "<frozen importlib._bootstrap_external>", line 883, in exec_module
  File "<frozen importlib._bootstrap>", line 241, in _call_with_frames_removed
  File "/opt/airflow/dags/weather_pipeline.py", line 20, in <module>
    from scripts.script_03_load import run_load
  File "/opt/airflow/scripts/script_03_load.py", line 4, in <module>
    from sqlalchemy import (
ImportError: cannot import name 'Double' from 'sqlalchemy' (/home/airflow/.local/lib/python3.10/site-packages/sqlalchemy/__init__.py)
[2026-09-17T22:33:04.046+0000] {processor.py:842} WARNING - No viable dags retrieved from /opt/airflow/dags/weather_pipeline.py
[2026-09-17T22:33:04.170+0000] {processor.py:183} INFO - Processing /opt/airflow/dags/weather_pipeline.py took 1.645 seconds
[2026-09-17T22:33:34.561+0000] {processor.py:161} INFO - Started process (PID=98) to work on /opt/airflow/dags/weather_pipeline.py
[2026-09-17T22:33:34.565+0000] {processor.py:830} INFO - Processing file /opt/airflow/dags/weather_pipeline.py for tasks to queue
[2026-09-17T22:33:34.571+0000] {logging_mixin.py:188} INFO - [2026-09-17T22:33:34.567+0000] {dagbag.py:545} INFO - Filling up the DagBag from /opt/airflow/dags/weather_pipeline.py
[2026-09-17T22:33:36.013+0000] {logging_mixin.py:188} INFO - [2026-09-17T22:33:36.006+0000] {dagbag.py:355} ERROR - Failed to import: /opt/airflow/dags/weather_pipeline.py
Traceback (most recent call last):
  File "/home/airflow/.local/lib/python3.10/site-packages/airflow/models/dagbag.py", line 351, in parse
    loader.exec_module(new_module)
  File "<frozen importlib._bootstrap_external>", line 883, in exec_module
  File "<frozen importlib._bootstrap>", line 241, in _call_with_frames_removed
  File "/opt/airflow/dags/weather_pipeline.py", line 20, in <module>
    from scripts.script_03_load import run_load
  File "/opt/airflow/scripts/script_03_load.py", line 4, in <module>
    from sqlalchemy import (
ImportError: cannot import name 'Double' from 'sqlalchemy' (/home/airflow/.local/lib/python3.10/site-packages/sqlalchemy/__init__.py)
[2026-09-17T22:33:36.014+0000] {processor.py:842} WARNING - No viable dags retrieved from /opt/airflow/dags/weather_pipeline.py
[2026-09-17T22:33:36.058+0000] {processor.py:183} INFO - Processing /opt/airflow/dags/weather_pipeline.py took 1.538 seconds
[2026-09-17T22:34:06.345+0000] {processor.py:161} INFO - Started process (PID=100) to work on /opt/airflow/dags/weather_pipeline.py
[2026-09-17T22:34:06.348+0000] {processor.py:830} INFO - Processing file /opt/airflow/dags/weather_pipeline.py for tasks to queue
[2026-09-17T22:34:06.351+0000] {logging_mixin.py:188} INFO - [2026-09-17T22:34:06.349+0000] {dagbag.py:545} INFO - Filling up the DagBag from /opt/airflow/dags/weather_pipeline.py
[2026-09-17T22:34:07.701+0000] {logging_mixin.py:188} INFO - [2026-09-17T22:34:07.695+0000] {dagbag.py:355} ERROR - Failed to import: /opt/airflow/dags/weather_pipeline.py
Traceback (most recent call last):
  File "/home/airflow/.local/lib/python3.10/site-packages/airflow/models/dagbag.py", line 351, in parse
    loader.exec_module(new_module)
  File "<frozen importlib._bootstrap_external>", line 883, in exec_module
  File "<frozen importlib._bootstrap>", line 241, in _call_with_frames_removed
  File "/opt/airflow/dags/weather_pipeline.py", line 20, in <module>
    from scripts.script_03_load import run_load
  File "/opt/airflow/scripts/script_03_load.py", line 4, in <module>
    from sqlalchemy import (
ImportError: cannot import name 'Double' from 'sqlalchemy' (/home/airflow/.local/lib/python3.10/site-packages/sqlalchemy/__init__.py)
[2026-09-17T22:34:07.702+0000] {processor.py:842} WARNING - No viable dags retrieved from /opt/airflow/dags/weather_pipeline.py
[2026-09-17T22:34:07.785+0000] {processor.py:183} INFO - Processing /opt/airflow/dags/weather_pipeline.py took 1.461 seconds
[2026-09-17T22:34:38.074+0000] {processor.py:161} INFO - Started process (PID=102) to work on /opt/airflow/dags/weather_pipeline.py
[2026-09-17T22:34:38.078+0000] {processor.py:830} INFO - Processing file /opt/airflow/dags/weather_pipeline.py for tasks to queue
[2026-09-17T22:34:38.083+0000] {logging_mixin.py:188} INFO - [2026-09-17T22:34:38.079+0000] {dagbag.py:545} INFO - Filling up the DagBag from /opt/airflow/dags/weather_pipeline.py
[2026-09-17T22:34:39.584+0000] {logging_mixin.py:188} INFO - [2026-09-17T22:34:39.579+0000] {dagbag.py:355} ERROR - Failed to import: /opt/airflow/dags/weather_pipeline.py
Traceback (most recent call last):
  File "/home/airflow/.local/lib/python3.10/site-packages/airflow/models/dagbag.py", line 351, in parse
    loader.exec_module(new_module)
  File "<frozen importlib._bootstrap_external>", line 883, in exec_module
  File "<frozen importlib._bootstrap>", line 241, in _call_with_frames_removed
  File "/opt/airflow/dags/weather_pipeline.py", line 20, in <module>
    from scripts.script_03_load import run_load
  File "/opt/airflow/scripts/script_03_load.py", line 4, in <module>
    from sqlalchemy import (
ImportError: cannot import name 'Double' from 'sqlalchemy' (/home/airflow/.local/lib/python3.10/site-packages/sqlalchemy/__init__.py)
[2026-09-17T22:34:39.585+0000] {processor.py:842} WARNING - No viable dags retrieved from /opt/airflow/dags/weather_pipeline.py
[2026-09-17T22:34:39.643+0000] {processor.py:183} INFO - Processing /opt/airflow/dags/weather_pipeline.py took 1.605 seconds
[2026-09-17T22:35:09.817+0000] {processor.py:161} INFO - Started process (PID=104) to work on /opt/airflow/dags/weather_pipeline.py
[2026-09-17T22:35:09.821+0000] {processor.py:830} INFO - Processing file /opt/airflow/dags/weather_pipeline.py for tasks to queue
[2026-09-17T22:35:09.826+0000] {logging_mixin.py:188} INFO - [2026-09-17T22:35:09.823+0000] {dagbag.py:545} INFO - Filling up the DagBag from /opt/airflow/dags/weather_pipeline.py
[2026-09-17T22:35:11.128+0000] {logging_mixin.py:188} INFO - [2026-09-17T22:35:11.125+0000] {dagbag.py:355} ERROR - Failed to import: /opt/airflow/dags/weather_pipeline.py
Traceback (most recent call last):
  File "/home/airflow/.local/lib/python3.10/site-packages/airflow/models/dagbag.py", line 351, in parse
    loader.exec_module(new_module)
  File "<frozen importlib._bootstrap_external>", line 883, in exec_module
  File "<frozen importlib._bootstrap>", line 241, in _call_with_frames_removed
  File "/opt/airflow/dags/weather_pipeline.py", line 20, in <module>
    from scripts.script_03_load import run_load
  File "/opt/airflow/scripts/script_03_load.py", line 4, in <module>
    from sqlalchemy import (
ImportError: cannot import name 'Double' from 'sqlalchemy' (/home/airflow/.local/lib/python3.10/site-packages/sqlalchemy/__init__.py)
[2026-09-17T22:35:11.129+0000] {processor.py:842} WARNING - No viable dags retrieved from /opt/airflow/dags/weather_pipeline.py
[2026-09-17T22:35:11.173+0000] {processor.py:183} INFO - Processing /opt/airflow/dags/weather_pipeline.py took 1.391 seconds
[2026-09-17T22:35:41.476+0000] {processor.py:161} INFO - Started process (PID=106) to work on /opt/airflow/dags/weather_pipeline.py
[2026-09-17T22:35:41.479+0000] {processor.py:830} INFO - Processing file /opt/airflow/dags/weather_pipeline.py for tasks to queue
[2026-09-17T22:35:41.485+0000] {logging_mixin.py:188} INFO - [2026-09-17T22:35:41.481+0000] {dagbag.py:545} INFO - Filling up the DagBag from /opt/airflow/dags/weather_pipeline.py
[2026-09-17T22:35:42.967+0000] {logging_mixin.py:188} INFO - [2026-09-17T22:35:42.963+0000] {dagbag.py:355} ERROR - Failed to import: /opt/airflow/dags/weather_pipeline.py
Traceback (most recent call last):
  File "/home/airflow/.local/lib/python3.10/site-packages/airflow/models/dagbag.py", line 351, in parse
    loader.exec_module(new_module)
  File "<frozen importlib._bootstrap_external>", line 883, in exec_module
  File "<frozen importlib._bootstrap>", line 241, in _call_with_frames_removed
  File "/opt/airflow/dags/weather_pipeline.py", line 20, in <module>
    from scripts.script_03_load import run_load
  File "/opt/airflow/scripts/script_03_load.py", line 4, in <module>
    from sqlalchemy import (
ImportError: cannot import name 'Double' from 'sqlalchemy' (/home/airflow/.local/lib/python3.10/site-packages/sqlalchemy/__init__.py)
[2026-09-17T22:35:42.968+0000] {processor.py:842} WARNING - No viable dags retrieved from /opt/airflow/dags/weather_pipeline.py
[2026-09-17T22:35:43.070+0000] {processor.py:183} INFO - Processing /opt/airflow/dags/weather_pipeline.py took 1.629 seconds
[2026-09-17T22:36:13.380+0000] {processor.py:161} INFO - Started process (PID=108) to work on /opt/airflow/dags/weather_pipeline.py
[2026-09-17T22:36:13.383+0000] {processor.py:830} INFO - Processing file /opt/airflow/dags/weather_pipeline.py for tasks to queue
[2026-09-17T22:36:13.388+0000] {logging_mixin.py:188} INFO - [2026-09-17T22:36:13.385+0000] {dagbag.py:545} INFO - Filling up the DagBag from /opt/airflow/dags/weather_pipeline.py
[2026-09-17T22:36:14.515+0000] {logging_mixin.py:188} INFO - [2026-09-17T22:36:14.512+0000] {dagbag.py:355} ERROR - Failed to import: /opt/airflow/dags/weather_pipeline.py
Traceback (most recent call last):
  File "/home/airflow/.local/lib/python3.10/site-packages/airflow/models/dagbag.py", line 351, in parse
    loader.exec_module(new_module)
  File "<frozen importlib._bootstrap_external>", line 883, in exec_module
  File "<frozen importlib._bootstrap>", line 241, in _call_with_frames_removed
  File "/opt/airflow/dags/weather_pipeline.py", line 20, in <module>
    from scripts.script_03_load import run_load
  File "/opt/airflow/scripts/script_03_load.py", line 4, in <module>
    from sqlalchemy import (
ImportError: cannot import name 'Double' from 'sqlalchemy' (/home/airflow/.local/lib/python3.10/site-packages/sqlalchemy/__init__.py)
[2026-09-17T22:36:14.516+0000] {processor.py:842} WARNING - No viable dags retrieved from /opt/airflow/dags/weather_pipeline.py
[2026-09-17T22:36:14.584+0000] {processor.py:183} INFO - Processing /opt/airflow/dags/weather_pipeline.py took 1.237 seconds
[2026-09-17T22:36:44.883+0000] {processor.py:161} INFO - Started process (PID=110) to work on /opt/airflow/dags/weather_pipeline.py
[2026-09-17T22:36:44.885+0000] {processor.py:830} INFO - Processing file /opt/airflow/dags/weather_pipeline.py for tasks to queue
[2026-09-17T22:36:44.890+0000] {logging_mixin.py:188} INFO - [2026-09-17T22:36:44.887+0000] {dagbag.py:545} INFO - Filling up the DagBag from /opt/airflow/dags/weather_pipeline.py
[2026-09-17T22:36:46.247+0000] {logging_mixin.py:188} INFO - [2026-09-17T22:36:46.242+0000] {dagbag.py:355} ERROR - Failed to import: /opt/airflow/dags/weather_pipeline.py
Traceback (most recent call last):
  File "/home/airflow/.local/lib/python3.10/site-packages/airflow/models/dagbag.py", line 351, in parse
    loader.exec_module(new_module)
  File "<frozen importlib._bootstrap_external>", line 883, in exec_module
  File "<frozen importlib._bootstrap>", line 241, in _call_with_frames_removed
  File "/opt/airflow/dags/weather_pipeline.py", line 20, in <module>
    from scripts.script_03_load import run_load
  File "/opt/airflow/scripts/script_03_load.py", line 4, in <module>
    from sqlalchemy import (
ImportError: cannot import name 'Double' from 'sqlalchemy' (/home/airflow/.local/lib/python3.10/site-packages/sqlalchemy/__init__.py)
[2026-09-17T22:36:46.248+0000] {processor.py:842} WARNING - No viable dags retrieved from /opt/airflow/dags/weather_pipeline.py
[2026-09-17T22:36:46.378+0000] {processor.py:183} INFO - Processing /opt/airflow/dags/weather_pipeline.py took 1.530 seconds
[2026-09-17T22:37:16.712+0000] {processor.py:161} INFO - Started process (PID=112) to work on /opt/airflow/dags/weather_pipeline.py
[2026-09-17T22:37:16.716+0000] {processor.py:830} INFO - Processing file /opt/airflow/dags/weather_pipeline.py for tasks to queue
[2026-09-17T22:37:16.723+0000] {logging_mixin.py:188} INFO - [2026-09-17T22:37:16.718+0000] {dagbag.py:545} INFO - Filling up the DagBag from /opt/airflow/dags/weather_pipeline.py
[2026-09-17T22:37:18.855+0000] {logging_mixin.py:188} INFO - [2026-09-17T22:37:18.835+0000] {dagbag.py:355} ERROR - Failed to import: /opt/airflow/dags/weather_pipeline.py
Traceback (most recent call last):
  File "/home/airflow/.local/lib/python3.10/site-packages/airflow/models/dagbag.py", line 351, in parse
    loader.exec_module(new_module)
  File "<frozen importlib._bootstrap_external>", line 883, in exec_module
  File "<frozen importlib._bootstrap>", line 241, in _call_with_frames_removed
  File "/opt/airflow/dags/weather_pipeline.py", line 20, in <module>
    from scripts.script_03_load import run_load
  File "/opt/airflow/scripts/script_03_load.py", line 4, in <module>
    from sqlalchemy import (
ImportError: cannot import name 'Double' from 'sqlalchemy' (/home/airflow/.local/lib/python3.10/site-packages/sqlalchemy/__init__.py)
[2026-09-17T22:37:18.859+0000] {processor.py:842} WARNING - No viable dags retrieved from /opt/airflow/dags/weather_pipeline.py
[2026-09-17T22:37:19.109+0000] {processor.py:183} INFO - Processing /opt/airflow/dags/weather_pipeline.py took 2.440 seconds
[2026-09-17T22:37:49.368+0000] {processor.py:161} INFO - Started process (PID=114) to work on /opt/airflow/dags/weather_pipeline.py
[2026-09-17T22:37:49.370+0000] {processor.py:830} INFO - Processing file /opt/airflow/dags/weather_pipeline.py for tasks to queue
[2026-09-17T22:37:49.372+0000] {logging_mixin.py:188} INFO - [2026-09-17T22:37:49.371+0000] {dagbag.py:545} INFO - Filling up the DagBag from /opt/airflow/dags/weather_pipeline.py
[2026-09-17T22:37:50.230+0000] {logging_mixin.py:188} INFO - [2026-09-17T22:37:50.226+0000] {dagbag.py:355} ERROR - Failed to import: /opt/airflow/dags/weather_pipeline.py
Traceback (most recent call last):
  File "/home/airflow/.local/lib/python3.10/site-packages/airflow/models/dagbag.py", line 351, in parse
    loader.exec_module(new_module)
  File "<frozen importlib._bootstrap_external>", line 883, in exec_module
  File "<frozen importlib._bootstrap>", line 241, in _call_with_frames_removed
  File "/opt/airflow/dags/weather_pipeline.py", line 20, in <module>
    from scripts.script_03_load import run_load
  File "/opt/airflow/scripts/script_03_load.py", line 4, in <module>
    from sqlalchemy import (
ImportError: cannot import name 'Double' from 'sqlalchemy' (/home/airflow/.local/lib/python3.10/site-packages/sqlalchemy/__init__.py)
[2026-09-17T22:37:50.230+0000] {processor.py:842} WARNING - No viable dags retrieved from /opt/airflow/dags/weather_pipeline.py
[2026-09-17T22:37:50.332+0000] {processor.py:183} INFO - Processing /opt/airflow/dags/weather_pipeline.py took 0.979 seconds
[2026-09-17T22:38:20.846+0000] {processor.py:161} INFO - Started process (PID=116) to work on /opt/airflow/dags/weather_pipeline.py
[2026-09-17T22:38:20.908+0000] {processor.py:830} INFO - Processing file /opt/airflow/dags/weather_pipeline.py for tasks to queue
[2026-09-17T22:38:20.946+0000] {logging_mixin.py:188} INFO - [2026-09-17T22:38:20.912+0000] {dagbag.py:545} INFO - Filling up the DagBag from /opt/airflow/dags/weather_pipeline.py
[2026-09-17T22:38:32.008+0000] {logging_mixin.py:188} INFO - [2026-09-17T22:38:31.822+0000] {dagbag.py:355} ERROR - Failed to import: /opt/airflow/dags/weather_pipeline.py
Traceback (most recent call last):
  File "/home/airflow/.local/lib/python3.10/site-packages/airflow/models/dagbag.py", line 351, in parse
    loader.exec_module(new_module)
  File "<frozen importlib._bootstrap_external>", line 883, in exec_module
  File "<frozen importlib._bootstrap>", line 241, in _call_with_frames_removed
  File "/opt/airflow/dags/weather_pipeline.py", line 20, in <module>
    from scripts.script_03_load import run_load
  File "/opt/airflow/scripts/script_03_load.py", line 4, in <module>
    from sqlalchemy import (
ImportError: cannot import name 'Double' from 'sqlalchemy' (/home/airflow/.local/lib/python3.10/site-packages/sqlalchemy/__init__.py)
[2026-09-17T22:38:32.031+0000] {processor.py:842} WARNING - No viable dags retrieved from /opt/airflow/dags/weather_pipeline.py
[2026-09-17T22:38:33.198+0000] {processor.py:183} INFO - Processing /opt/airflow/dags/weather_pipeline.py took 12.455 seconds
[2026-09-17T22:39:03.876+0000] {processor.py:161} INFO - Started process (PID=118) to work on /opt/airflow/dags/weather_pipeline.py
[2026-09-17T22:39:03.894+0000] {processor.py:830} INFO - Processing file /opt/airflow/dags/weather_pipeline.py for tasks to queue
[2026-09-17T22:39:03.903+0000] {logging_mixin.py:188} INFO - [2026-09-17T22:39:03.895+0000] {dagbag.py:545} INFO - Filling up the DagBag from /opt/airflow/dags/weather_pipeline.py
[2026-09-17T22:39:11.232+0000] {logging_mixin.py:188} INFO - [2026-09-17T22:39:11.097+0000] {dagbag.py:355} ERROR - Failed to import: /opt/airflow/dags/weather_pipeline.py
Traceback (most recent call last):
  File "/home/airflow/.local/lib/python3.10/site-packages/airflow/models/dagbag.py", line 351, in parse
    loader.exec_module(new_module)
  File "<frozen importlib._bootstrap_external>", line 883, in exec_module
  File "<frozen importlib._bootstrap>", line 241, in _call_with_frames_removed
  File "/opt/airflow/dags/weather_pipeline.py", line 20, in <module>
    from scripts.script_03_load import run_load
  File "/opt/airflow/scripts/script_03_load.py", line 4, in <module>
    from sqlalchemy import (
ImportError: cannot import name 'Double' from 'sqlalchemy' (/home/airflow/.local/lib/python3.10/site-packages/sqlalchemy/__init__.py)
[2026-09-17T22:39:11.236+0000] {processor.py:842} WARNING - No viable dags retrieved from /opt/airflow/dags/weather_pipeline.py
[2026-09-17T22:39:11.922+0000] {processor.py:183} INFO - Processing /opt/airflow/dags/weather_pipeline.py took 8.129 seconds
[2026-09-17T22:39:43.153+0000] {processor.py:161} INFO - Started process (PID=120) to work on /opt/airflow/dags/weather_pipeline.py
[2026-09-17T22:39:43.174+0000] {processor.py:830} INFO - Processing file /opt/airflow/dags/weather_pipeline.py for tasks to queue
[2026-09-17T22:39:43.195+0000] {logging_mixin.py:188} INFO - [2026-09-17T22:39:43.183+0000] {dagbag.py:545} INFO - Filling up the DagBag from /opt/airflow/dags/weather_pipeline.py
[2026-09-17T22:39:55.919+0000] {logging_mixin.py:188} INFO - [2026-09-17T22:39:55.819+0000] {dagbag.py:355} ERROR - Failed to import: /opt/airflow/dags/weather_pipeline.py
Traceback (most recent call last):
  File "/home/airflow/.local/lib/python3.10/site-packages/airflow/models/dagbag.py", line 351, in parse
    loader.exec_module(new_module)
  File "<frozen importlib._bootstrap_external>", line 883, in exec_module
  File "<frozen importlib._bootstrap>", line 241, in _call_with_frames_removed
  File "/opt/airflow/dags/weather_pipeline.py", line 20, in <module>
    from scripts.script_03_load import run_load
  File "/opt/airflow/scripts/script_03_load.py", line 4, in <module>
    from sqlalchemy import (
ImportError: cannot import name 'Double' from 'sqlalchemy' (/home/airflow/.local/lib/python3.10/site-packages/sqlalchemy/__init__.py)
[2026-09-17T22:39:55.929+0000] {processor.py:842} WARNING - No viable dags retrieved from /opt/airflow/dags/weather_pipeline.py
[2026-09-17T22:39:56.534+0000] {processor.py:183} INFO - Processing /opt/airflow/dags/weather_pipeline.py took 13.639 seconds
[2026-09-17T22:40:27.171+0000] {processor.py:161} INFO - Started process (PID=122) to work on /opt/airflow/dags/weather_pipeline.py
[2026-09-17T22:40:27.186+0000] {processor.py:830} INFO - Processing file /opt/airflow/dags/weather_pipeline.py for tasks to queue
[2026-09-17T22:40:27.192+0000] {logging_mixin.py:188} INFO - [2026-09-17T22:40:27.188+0000] {dagbag.py:545} INFO - Filling up the DagBag from /opt/airflow/dags/weather_pipeline.py
[2026-09-17T22:40:34.372+0000] {logging_mixin.py:188} INFO - [2026-09-17T22:40:34.233+0000] {dagbag.py:355} ERROR - Failed to import: /opt/airflow/dags/weather_pipeline.py
Traceback (most recent call last):
  File "/home/airflow/.local/lib/python3.10/site-packages/airflow/models/dagbag.py", line 351, in parse
    loader.exec_module(new_module)
  File "<frozen importlib._bootstrap_external>", line 883, in exec_module
  File "<frozen importlib._bootstrap>", line 241, in _call_with_frames_removed
  File "/opt/airflow/dags/weather_pipeline.py", line 20, in <module>
    from scripts.script_03_load import run_load
  File "/opt/airflow/scripts/script_03_load.py", line 4, in <module>
    from sqlalchemy import (
ImportError: cannot import name 'Double' from 'sqlalchemy' (/home/airflow/.local/lib/python3.10/site-packages/sqlalchemy/__init__.py)
[2026-09-17T22:40:34.385+0000] {processor.py:842} WARNING - No viable dags retrieved from /opt/airflow/dags/weather_pipeline.py
[2026-09-17T22:40:34.961+0000] {processor.py:183} INFO - Processing /opt/airflow/dags/weather_pipeline.py took 7.889 seconds
[2026-09-17T22:41:05.584+0000] {processor.py:161} INFO - Started process (PID=124) to work on /opt/airflow/dags/weather_pipeline.py
[2026-09-17T22:41:05.588+0000] {processor.py:830} INFO - Processing file /opt/airflow/dags/weather_pipeline.py for tasks to queue
[2026-09-17T22:41:05.598+0000] {logging_mixin.py:188} INFO - [2026-09-17T22:41:05.589+0000] {dagbag.py:545} INFO - Filling up the DagBag from /opt/airflow/dags/weather_pipeline.py
[2026-09-17T22:41:09.664+0000] {logging_mixin.py:188} INFO - [2026-09-17T22:41:09.594+0000] {dagbag.py:355} ERROR - Failed to import: /opt/airflow/dags/weather_pipeline.py
Traceback (most recent call last):
  File "/home/airflow/.local/lib/python3.10/site-packages/airflow/models/dagbag.py", line 351, in parse
    loader.exec_module(new_module)
  File "<frozen importlib._bootstrap_external>", line 883, in exec_module
  File "<frozen importlib._bootstrap>", line 241, in _call_with_frames_removed
  File "/opt/airflow/dags/weather_pipeline.py", line 20, in <module>
    from scripts.script_03_load import run_load
  File "/opt/airflow/scripts/script_03_load.py", line 4, in <module>
    from sqlalchemy import (
ImportError: cannot import name 'Double' from 'sqlalchemy' (/home/airflow/.local/lib/python3.10/site-packages/sqlalchemy/__init__.py)
[2026-09-17T22:41:09.670+0000] {processor.py:842} WARNING - No viable dags retrieved from /opt/airflow/dags/weather_pipeline.py
[2026-09-17T22:41:10.129+0000] {processor.py:183} INFO - Processing /opt/airflow/dags/weather_pipeline.py took 4.616 seconds
[2026-09-17T22:41:40.497+0000] {processor.py:161} INFO - Started process (PID=126) to work on /opt/airflow/dags/weather_pipeline.py
[2026-09-17T22:41:40.500+0000] {processor.py:830} INFO - Processing file /opt/airflow/dags/weather_pipeline.py for tasks to queue
[2026-09-17T22:41:40.506+0000] {logging_mixin.py:188} INFO - [2026-09-17T22:41:40.502+0000] {dagbag.py:545} INFO - Filling up the DagBag from /opt/airflow/dags/weather_pipeline.py
[2026-09-17T22:41:42.193+0000] {logging_mixin.py:188} INFO - [2026-09-17T22:41:42.186+0000] {dagbag.py:355} ERROR - Failed to import: /opt/airflow/dags/weather_pipeline.py
Traceback (most recent call last):
  File "/home/airflow/.local/lib/python3.10/site-packages/airflow/models/dagbag.py", line 351, in parse
    loader.exec_module(new_module)
  File "<frozen importlib._bootstrap_external>", line 883, in exec_module
  File "<frozen importlib._bootstrap>", line 241, in _call_with_frames_removed
  File "/opt/airflow/dags/weather_pipeline.py", line 20, in <module>
    from scripts.script_03_load import run_load
  File "/opt/airflow/scripts/script_03_load.py", line 4, in <module>
    from sqlalchemy import (
ImportError: cannot import name 'Double' from 'sqlalchemy' (/home/airflow/.local/lib/python3.10/site-packages/sqlalchemy/__init__.py)
[2026-09-17T22:41:42.194+0000] {processor.py:842} WARNING - No viable dags retrieved from /opt/airflow/dags/weather_pipeline.py
[2026-09-17T22:41:42.348+0000] {processor.py:183} INFO - Processing /opt/airflow/dags/weather_pipeline.py took 1.920 seconds
[2026-09-17T22:42:12.636+0000] {processor.py:161} INFO - Started process (PID=128) to work on /opt/airflow/dags/weather_pipeline.py
[2026-09-17T22:42:12.638+0000] {processor.py:830} INFO - Processing file /opt/airflow/dags/weather_pipeline.py for tasks to queue
[2026-09-17T22:42:12.642+0000] {logging_mixin.py:188} INFO - [2026-09-17T22:42:12.641+0000] {dagbag.py:545} INFO - Filling up the DagBag from /opt/airflow/dags/weather_pipeline.py
[2026-09-17T22:42:13.319+0000] {logging_mixin.py:188} INFO - [2026-09-17T22:42:13.317+0000] {dagbag.py:355} ERROR - Failed to import: /opt/airflow/dags/weather_pipeline.py
Traceback (most recent call last):
  File "/home/airflow/.local/lib/python3.10/site-packages/airflow/models/dagbag.py", line 351, in parse
    loader.exec_module(new_module)
  File "<frozen importlib._bootstrap_external>", line 883, in exec_module
  File "<frozen importlib._bootstrap>", line 241, in _call_with_frames_removed
  File "/opt/airflow/dags/weather_pipeline.py", line 20, in <module>
    from scripts.script_03_load import run_load
  File "/opt/airflow/scripts/script_03_load.py", line 4, in <module>
    from sqlalchemy import (
ImportError: cannot import name 'Double' from 'sqlalchemy' (/home/airflow/.local/lib/python3.10/site-packages/sqlalchemy/__init__.py)
[2026-09-17T22:42:13.320+0000] {processor.py:842} WARNING - No viable dags retrieved from /opt/airflow/dags/weather_pipeline.py
[2026-09-17T22:42:13.364+0000] {processor.py:183} INFO - Processing /opt/airflow/dags/weather_pipeline.py took 0.752 seconds
[2026-09-17T22:42:43.460+0000] {processor.py:161} INFO - Started process (PID=130) to work on /opt/airflow/dags/weather_pipeline.py
[2026-09-17T22:42:43.463+0000] {processor.py:830} INFO - Processing file /opt/airflow/dags/weather_pipeline.py for tasks to queue
[2026-09-17T22:42:43.465+0000] {logging_mixin.py:188} INFO - [2026-09-17T22:42:43.464+0000] {dagbag.py:545} INFO - Filling up the DagBag from /opt/airflow/dags/weather_pipeline.py
[2026-09-17T22:42:44.006+0000] {logging_mixin.py:188} INFO - [2026-09-17T22:42:44.001+0000] {dagbag.py:355} ERROR - Failed to import: /opt/airflow/dags/weather_pipeline.py
Traceback (most recent call last):
  File "/home/airflow/.local/lib/python3.10/site-packages/airflow/models/dagbag.py", line 351, in parse
    loader.exec_module(new_module)
  File "<frozen importlib._bootstrap_external>", line 883, in exec_module
  File "<frozen importlib._bootstrap>", line 241, in _call_with_frames_removed
  File "/opt/airflow/dags/weather_pipeline.py", line 20, in <module>
    from scripts.script_03_load import run_load
  File "/opt/airflow/scripts/script_03_load.py", line 4, in <module>
    from sqlalchemy import (
ImportError: cannot import name 'Double' from 'sqlalchemy' (/home/airflow/.local/lib/python3.10/site-packages/sqlalchemy/__init__.py)
[2026-09-17T22:42:44.006+0000] {processor.py:842} WARNING - No viable dags retrieved from /opt/airflow/dags/weather_pipeline.py
[2026-09-17T22:42:44.043+0000] {processor.py:183} INFO - Processing /opt/airflow/dags/weather_pipeline.py took 0.613 seconds
[2026-09-17T22:43:14.302+0000] {processor.py:161} INFO - Started process (PID=132) to work on /opt/airflow/dags/weather_pipeline.py
[2026-09-17T22:43:14.305+0000] {processor.py:830} INFO - Processing file /opt/airflow/dags/weather_pipeline.py for tasks to queue
[2026-09-17T22:43:14.307+0000] {logging_mixin.py:188} INFO - [2026-09-17T22:43:14.306+0000] {dagbag.py:545} INFO - Filling up the DagBag from /opt/airflow/dags/weather_pipeline.py
[2026-09-17T22:43:15.740+0000] {logging_mixin.py:188} INFO - [2026-09-17T22:43:15.731+0000] {dagbag.py:355} ERROR - Failed to import: /opt/airflow/dags/weather_pipeline.py
Traceback (most recent call last):
  File "/home/airflow/.local/lib/python3.10/site-packages/airflow/models/dagbag.py", line 351, in parse
    loader.exec_module(new_module)
  File "<frozen importlib._bootstrap_external>", line 883, in exec_module
  File "<frozen importlib._bootstrap>", line 241, in _call_with_frames_removed
  File "/opt/airflow/dags/weather_pipeline.py", line 20, in <module>
    from scripts.script_03_load import run_load
  File "/opt/airflow/scripts/script_03_load.py", line 4, in <module>
    from sqlalchemy import (
ImportError: cannot import name 'Double' from 'sqlalchemy' (/home/airflow/.local/lib/python3.10/site-packages/sqlalchemy/__init__.py)
[2026-09-17T22:43:15.741+0000] {processor.py:842} WARNING - No viable dags retrieved from /opt/airflow/dags/weather_pipeline.py
[2026-09-17T22:43:15.832+0000] {processor.py:183} INFO - Processing /opt/airflow/dags/weather_pipeline.py took 1.551 seconds
[2026-09-17T22:43:46.051+0000] {processor.py:161} INFO - Started process (PID=134) to work on /opt/airflow/dags/weather_pipeline.py
[2026-09-17T22:43:46.054+0000] {processor.py:830} INFO - Processing file /opt/airflow/dags/weather_pipeline.py for tasks to queue
[2026-09-17T22:43:46.057+0000] {logging_mixin.py:188} INFO - [2026-09-17T22:43:46.056+0000] {dagbag.py:545} INFO - Filling up the DagBag from /opt/airflow/dags/weather_pipeline.py
[2026-09-17T22:43:46.596+0000] {logging_mixin.py:188} INFO - [2026-09-17T22:43:46.593+0000] {dagbag.py:355} ERROR - Failed to import: /opt/airflow/dags/weather_pipeline.py
Traceback (most recent call last):
  File "/home/airflow/.local/lib/python3.10/site-packages/airflow/models/dagbag.py", line 351, in parse
    loader.exec_module(new_module)
  File "<frozen importlib._bootstrap_external>", line 883, in exec_module
  File "<frozen importlib._bootstrap>", line 241, in _call_with_frames_removed
  File "/opt/airflow/dags/weather_pipeline.py", line 20, in <module>
    from scripts.script_03_load import run_load
  File "/opt/airflow/scripts/script_03_load.py", line 4, in <module>
    from sqlalchemy import (
ImportError: cannot import name 'Double' from 'sqlalchemy' (/home/airflow/.local/lib/python3.10/site-packages/sqlalchemy/__init__.py)
[2026-09-17T22:43:46.597+0000] {processor.py:842} WARNING - No viable dags retrieved from /opt/airflow/dags/weather_pipeline.py
[2026-09-17T22:43:46.641+0000] {processor.py:183} INFO - Processing /opt/airflow/dags/weather_pipeline.py took 0.614 seconds
[2026-09-17T22:44:16.882+0000] {processor.py:161} INFO - Started process (PID=136) to work on /opt/airflow/dags/weather_pipeline.py
[2026-09-17T22:44:16.883+0000] {processor.py:830} INFO - Processing file /opt/airflow/dags/weather_pipeline.py for tasks to queue
[2026-09-17T22:44:16.885+0000] {logging_mixin.py:188} INFO - [2026-09-17T22:44:16.884+0000] {dagbag.py:545} INFO - Filling up the DagBag from /opt/airflow/dags/weather_pipeline.py
[2026-09-17T22:44:17.726+0000] {logging_mixin.py:188} INFO - [2026-09-17T22:44:17.723+0000] {dagbag.py:355} ERROR - Failed to import: /opt/airflow/dags/weather_pipeline.py
Traceback (most recent call last):
  File "/home/airflow/.local/lib/python3.10/site-packages/airflow/models/dagbag.py", line 351, in parse
    loader.exec_module(new_module)
  File "<frozen importlib._bootstrap_external>", line 883, in exec_module
  File "<frozen importlib._bootstrap>", line 241, in _call_with_frames_removed
  File "/opt/airflow/dags/weather_pipeline.py", line 20, in <module>
    from scripts.script_03_load import run_load
  File "/opt/airflow/scripts/script_03_load.py", line 4, in <module>
    from sqlalchemy import (
ImportError: cannot import name 'Double' from 'sqlalchemy' (/home/airflow/.local/lib/python3.10/site-packages/sqlalchemy/__init__.py)
[2026-09-17T22:44:17.727+0000] {processor.py:842} WARNING - No viable dags retrieved from /opt/airflow/dags/weather_pipeline.py
[2026-09-17T22:44:17.781+0000] {processor.py:183} INFO - Processing /opt/airflow/dags/weather_pipeline.py took 0.911 seconds
[2026-09-17T22:44:48.066+0000] {processor.py:161} INFO - Started process (PID=138) to work on /opt/airflow/dags/weather_pipeline.py
[2026-09-17T22:44:48.069+0000] {processor.py:830} INFO - Processing file /opt/airflow/dags/weather_pipeline.py for tasks to queue
[2026-09-17T22:44:48.072+0000] {logging_mixin.py:188} INFO - [2026-09-17T22:44:48.071+0000] {dagbag.py:545} INFO - Filling up the DagBag from /opt/airflow/dags/weather_pipeline.py
[2026-09-17T22:44:48.610+0000] {logging_mixin.py:188} INFO - [2026-09-17T22:44:48.608+0000] {dagbag.py:355} ERROR - Failed to import: /opt/airflow/dags/weather_pipeline.py
Traceback (most recent call last):
  File "/home/airflow/.local/lib/python3.10/site-packages/airflow/models/dagbag.py", line 351, in parse
    loader.exec_module(new_module)
  File "<frozen importlib._bootstrap_external>", line 883, in exec_module
  File "<frozen importlib._bootstrap>", line 241, in _call_with_frames_removed
  File "/opt/airflow/dags/weather_pipeline.py", line 20, in <module>
    from scripts.script_03_load import run_load
  File "/opt/airflow/scripts/script_03_load.py", line 4, in <module>
    from sqlalchemy import (
ImportError: cannot import name 'Double' from 'sqlalchemy' (/home/airflow/.local/lib/python3.10/site-packages/sqlalchemy/__init__.py)
[2026-09-17T22:44:48.611+0000] {processor.py:842} WARNING - No viable dags retrieved from /opt/airflow/dags/weather_pipeline.py
[2026-09-17T22:44:48.648+0000] {processor.py:183} INFO - Processing /opt/airflow/dags/weather_pipeline.py took 0.604 seconds
[2026-09-17T22:45:18.752+0000] {processor.py:161} INFO - Started process (PID=140) to work on /opt/airflow/dags/weather_pipeline.py
[2026-09-17T22:45:18.755+0000] {processor.py:830} INFO - Processing file /opt/airflow/dags/weather_pipeline.py for tasks to queue
[2026-09-17T22:45:18.759+0000] {logging_mixin.py:188} INFO - [2026-09-17T22:45:18.758+0000] {dagbag.py:545} INFO - Filling up the DagBag from /opt/airflow/dags/weather_pipeline.py
[2026-09-17T22:45:19.258+0000] {logging_mixin.py:188} INFO - [2026-09-17T22:45:19.257+0000] {dagbag.py:355} ERROR - Failed to import: /opt/airflow/dags/weather_pipeline.py
Traceback (most recent call last):
  File "/home/airflow/.local/lib/python3.10/site-packages/airflow/models/dagbag.py", line 351, in parse
    loader.exec_module(new_module)
  File "<frozen importlib._bootstrap_external>", line 883, in exec_module
  File "<frozen importlib._bootstrap>", line 241, in _call_with_frames_removed
  File "/opt/airflow/dags/weather_pipeline.py", line 20, in <module>
    from scripts.script_03_load import run_load
  File "/opt/airflow/scripts/script_03_load.py", line 4, in <module>
    from sqlalchemy import (
ImportError: cannot import name 'Double' from 'sqlalchemy' (/home/airflow/.local/lib/python3.10/site-packages/sqlalchemy/__init__.py)
[2026-09-17T22:45:19.259+0000] {processor.py:842} WARNING - No viable dags retrieved from /opt/airflow/dags/weather_pipeline.py
[2026-09-17T22:45:19.292+0000] {processor.py:183} INFO - Processing /opt/airflow/dags/weather_pipeline.py took 0.560 seconds
[2026-09-17T22:45:49.721+0000] {processor.py:161} INFO - Started process (PID=142) to work on /opt/airflow/dags/weather_pipeline.py
[2026-09-17T22:45:49.734+0000] {processor.py:830} INFO - Processing file /opt/airflow/dags/weather_pipeline.py for tasks to queue
[2026-09-17T22:45:49.756+0000] {logging_mixin.py:188} INFO - [2026-09-17T22:45:49.735+0000] {dagbag.py:545} INFO - Filling up the DagBag from /opt/airflow/dags/weather_pipeline.py
[2026-09-17T22:45:52.399+0000] {logging_mixin.py:188} INFO - [2026-09-17T22:45:52.392+0000] {dagbag.py:355} ERROR - Failed to import: /opt/airflow/dags/weather_pipeline.py
Traceback (most recent call last):
  File "/home/airflow/.local/lib/python3.10/site-packages/airflow/models/dagbag.py", line 351, in parse
    loader.exec_module(new_module)
  File "<frozen importlib._bootstrap_external>", line 883, in exec_module
  File "<frozen importlib._bootstrap>", line 241, in _call_with_frames_removed
  File "/opt/airflow/dags/weather_pipeline.py", line 20, in <module>
    from scripts.script_03_load import run_load
  File "/opt/airflow/scripts/script_03_load.py", line 4, in <module>
    from sqlalchemy import (
ImportError: cannot import name 'Double' from 'sqlalchemy' (/home/airflow/.local/lib/python3.10/site-packages/sqlalchemy/__init__.py)
[2026-09-17T22:45:52.401+0000] {processor.py:842} WARNING - No viable dags retrieved from /opt/airflow/dags/weather_pipeline.py
[2026-09-17T22:45:52.507+0000] {processor.py:183} INFO - Processing /opt/airflow/dags/weather_pipeline.py took 2.871 seconds
[2026-09-17T22:46:22.809+0000] {processor.py:161} INFO - Started process (PID=144) to work on /opt/airflow/dags/weather_pipeline.py
[2026-09-17T22:46:22.813+0000] {processor.py:830} INFO - Processing file /opt/airflow/dags/weather_pipeline.py for tasks to queue
[2026-09-17T22:46:22.816+0000] {logging_mixin.py:188} INFO - [2026-09-17T22:46:22.815+0000] {dagbag.py:545} INFO - Filling up the DagBag from /opt/airflow/dags/weather_pipeline.py
[2026-09-17T22:46:23.657+0000] {logging_mixin.py:188} INFO - [2026-09-17T22:46:23.655+0000] {dagbag.py:355} ERROR - Failed to import: /opt/airflow/dags/weather_pipeline.py
Traceback (most recent call last):
  File "/home/airflow/.local/lib/python3.10/site-packages/airflow/models/dagbag.py", line 351, in parse
    loader.exec_module(new_module)
  File "<frozen importlib._bootstrap_external>", line 883, in exec_module
  File "<frozen importlib._bootstrap>", line 241, in _call_with_frames_removed
  File "/opt/airflow/dags/weather_pipeline.py", line 20, in <module>
    from scripts.script_03_load import run_load
  File "/opt/airflow/scripts/script_03_load.py", line 4, in <module>
    from sqlalchemy import (
ImportError: cannot import name 'Double' from 'sqlalchemy' (/home/airflow/.local/lib/python3.10/site-packages/sqlalchemy/__init__.py)
[2026-09-17T22:46:23.658+0000] {processor.py:842} WARNING - No viable dags retrieved from /opt/airflow/dags/weather_pipeline.py
[2026-09-17T22:46:23.694+0000] {processor.py:183} INFO - Processing /opt/airflow/dags/weather_pipeline.py took 0.910 seconds
[2026-09-17T22:46:53.990+0000] {processor.py:161} INFO - Started process (PID=146) to work on /opt/airflow/dags/weather_pipeline.py
[2026-09-17T22:46:53.994+0000] {processor.py:830} INFO - Processing file /opt/airflow/dags/weather_pipeline.py for tasks to queue
[2026-09-17T22:46:53.999+0000] {logging_mixin.py:188} INFO - [2026-09-17T22:46:53.998+0000] {dagbag.py:545} INFO - Filling up the DagBag from /opt/airflow/dags/weather_pipeline.py
[2026-09-17T22:46:54.624+0000] {logging_mixin.py:188} INFO - [2026-09-17T22:46:54.622+0000] {dagbag.py:355} ERROR - Failed to import: /opt/airflow/dags/weather_pipeline.py
Traceback (most recent call last):
  File "/home/airflow/.local/lib/python3.10/site-packages/airflow/models/dagbag.py", line 351, in parse
    loader.exec_module(new_module)
  File "<frozen importlib._bootstrap_external>", line 883, in exec_module
  File "<frozen importlib._bootstrap>", line 241, in _call_with_frames_removed
  File "/opt/airflow/dags/weather_pipeline.py", line 20, in <module>
    from scripts.script_03_load import run_load
  File "/opt/airflow/scripts/script_03_load.py", line 4, in <module>
    from sqlalchemy import (
ImportError: cannot import name 'Double' from 'sqlalchemy' (/home/airflow/.local/lib/python3.10/site-packages/sqlalchemy/__init__.py)
[2026-09-17T22:46:54.625+0000] {processor.py:842} WARNING - No viable dags retrieved from /opt/airflow/dags/weather_pipeline.py
[2026-09-17T22:46:54.660+0000] {processor.py:183} INFO - Processing /opt/airflow/dags/weather_pipeline.py took 0.693 seconds
[2026-09-17T22:47:24.769+0000] {processor.py:161} INFO - Started process (PID=148) to work on /opt/airflow/dags/weather_pipeline.py
[2026-09-17T22:47:24.770+0000] {processor.py:830} INFO - Processing file /opt/airflow/dags/weather_pipeline.py for tasks to queue
[2026-09-17T22:47:24.772+0000] {logging_mixin.py:188} INFO - [2026-09-17T22:47:24.771+0000] {dagbag.py:545} INFO - Filling up the DagBag from /opt/airflow/dags/weather_pipeline.py
[2026-09-17T22:47:25.291+0000] {logging_mixin.py:188} INFO - [2026-09-17T22:47:25.289+0000] {dagbag.py:355} ERROR - Failed to import: /opt/airflow/dags/weather_pipeline.py
Traceback (most recent call last):
  File "/home/airflow/.local/lib/python3.10/site-packages/airflow/models/dagbag.py", line 351, in parse
    loader.exec_module(new_module)
  File "<frozen importlib._bootstrap_external>", line 883, in exec_module
  File "<frozen importlib._bootstrap>", line 241, in _call_with_frames_removed
  File "/opt/airflow/dags/weather_pipeline.py", line 20, in <module>
    from scripts.script_03_load import run_load
  File "/opt/airflow/scripts/script_03_load.py", line 4, in <module>
    from sqlalchemy import (
ImportError: cannot import name 'Double' from 'sqlalchemy' (/home/airflow/.local/lib/python3.10/site-packages/sqlalchemy/__init__.py)
[2026-09-17T22:47:25.292+0000] {processor.py:842} WARNING - No viable dags retrieved from /opt/airflow/dags/weather_pipeline.py
[2026-09-17T22:47:25.329+0000] {processor.py:183} INFO - Processing /opt/airflow/dags/weather_pipeline.py took 0.568 seconds
[2026-09-17T22:47:55.611+0000] {processor.py:161} INFO - Started process (PID=150) to work on /opt/airflow/dags/weather_pipeline.py
[2026-09-17T22:47:55.613+0000] {processor.py:830} INFO - Processing file /opt/airflow/dags/weather_pipeline.py for tasks to queue
[2026-09-17T22:47:55.617+0000] {logging_mixin.py:188} INFO - [2026-09-17T22:47:55.616+0000] {dagbag.py:545} INFO - Filling up the DagBag from /opt/airflow/dags/weather_pipeline.py
[2026-09-17T22:47:56.146+0000] {logging_mixin.py:188} INFO - [2026-09-17T22:47:56.144+0000] {dagbag.py:355} ERROR - Failed to import: /opt/airflow/dags/weather_pipeline.py
Traceback (most recent call last):
  File "/home/airflow/.local/lib/python3.10/site-packages/airflow/models/dagbag.py", line 351, in parse
    loader.exec_module(new_module)
  File "<frozen importlib._bootstrap_external>", line 883, in exec_module
  File "<frozen importlib._bootstrap>", line 241, in _call_with_frames_removed
  File "/opt/airflow/dags/weather_pipeline.py", line 20, in <module>
    from scripts.script_03_load import run_load
  File "/opt/airflow/scripts/script_03_load.py", line 4, in <module>
    from sqlalchemy import (
ImportError: cannot import name 'Double' from 'sqlalchemy' (/home/airflow/.local/lib/python3.10/site-packages/sqlalchemy/__init__.py)
[2026-09-17T22:47:56.146+0000] {processor.py:842} WARNING - No viable dags retrieved from /opt/airflow/dags/weather_pipeline.py
[2026-09-17T22:47:56.180+0000] {processor.py:183} INFO - Processing /opt/airflow/dags/weather_pipeline.py took 0.592 seconds
[2026-09-17T22:48:26.318+0000] {processor.py:161} INFO - Started process (PID=152) to work on /opt/airflow/dags/weather_pipeline.py
[2026-09-17T22:48:26.320+0000] {processor.py:830} INFO - Processing file /opt/airflow/dags/weather_pipeline.py for tasks to queue
[2026-09-17T22:48:26.324+0000] {logging_mixin.py:188} INFO - [2026-09-17T22:48:26.322+0000] {dagbag.py:545} INFO - Filling up the DagBag from /opt/airflow/dags/weather_pipeline.py
[2026-09-17T22:48:27.033+0000] {logging_mixin.py:188} INFO - [2026-09-17T22:48:27.031+0000] {dagbag.py:355} ERROR - Failed to import: /opt/airflow/dags/weather_pipeline.py
Traceback (most recent call last):
  File "/home/airflow/.local/lib/python3.10/site-packages/airflow/models/dagbag.py", line 351, in parse
    loader.exec_module(new_module)
  File "<frozen importlib._bootstrap_external>", line 883, in exec_module
  File "<frozen importlib._bootstrap>", line 241, in _call_with_frames_removed
  File "/opt/airflow/dags/weather_pipeline.py", line 20, in <module>
    from scripts.script_03_load import run_load
  File "/opt/airflow/scripts/script_03_load.py", line 4, in <module>
    from sqlalchemy import (
ImportError: cannot import name 'Double' from 'sqlalchemy' (/home/airflow/.local/lib/python3.10/site-packages/sqlalchemy/__init__.py)
[2026-09-17T22:48:27.034+0000] {processor.py:842} WARNING - No viable dags retrieved from /opt/airflow/dags/weather_pipeline.py
[2026-09-17T22:48:27.065+0000] {processor.py:183} INFO - Processing /opt/airflow/dags/weather_pipeline.py took 0.767 seconds
[2026-09-17T22:48:57.355+0000] {processor.py:161} INFO - Started process (PID=154) to work on /opt/airflow/dags/weather_pipeline.py
[2026-09-17T22:48:57.358+0000] {processor.py:830} INFO - Processing file /opt/airflow/dags/weather_pipeline.py for tasks to queue
[2026-09-17T22:48:57.360+0000] {logging_mixin.py:188} INFO - [2026-09-17T22:48:57.360+0000] {dagbag.py:545} INFO - Filling up the DagBag from /opt/airflow/dags/weather_pipeline.py
[2026-09-17T22:48:57.886+0000] {logging_mixin.py:188} INFO - [2026-09-17T22:48:57.883+0000] {dagbag.py:355} ERROR - Failed to import: /opt/airflow/dags/weather_pipeline.py
Traceback (most recent call last):
  File "/home/airflow/.local/lib/python3.10/site-packages/airflow/models/dagbag.py", line 351, in parse
    loader.exec_module(new_module)
  File "<frozen importlib._bootstrap_external>", line 883, in exec_module
  File "<frozen importlib._bootstrap>", line 241, in _call_with_frames_removed
  File "/opt/airflow/dags/weather_pipeline.py", line 20, in <module>
    from scripts.script_03_load import run_load
  File "/opt/airflow/scripts/script_03_load.py", line 4, in <module>
    from sqlalchemy import (
ImportError: cannot import name 'Double' from 'sqlalchemy' (/home/airflow/.local/lib/python3.10/site-packages/sqlalchemy/__init__.py)
[2026-09-17T22:48:57.887+0000] {processor.py:842} WARNING - No viable dags retrieved from /opt/airflow/dags/weather_pipeline.py
[2026-09-17T22:48:57.921+0000] {processor.py:183} INFO - Processing /opt/airflow/dags/weather_pipeline.py took 0.587 seconds
[2026-09-17T22:49:28.170+0000] {processor.py:161} INFO - Started process (PID=156) to work on /opt/airflow/dags/weather_pipeline.py
[2026-09-17T22:49:28.171+0000] {processor.py:830} INFO - Processing file /opt/airflow/dags/weather_pipeline.py for tasks to queue
[2026-09-17T22:49:28.172+0000] {logging_mixin.py:188} INFO - [2026-09-17T22:49:28.171+0000] {dagbag.py:545} INFO - Filling up the DagBag from /opt/airflow/dags/weather_pipeline.py
[2026-09-17T22:49:28.704+0000] {logging_mixin.py:188} INFO - [2026-09-17T22:49:28.702+0000] {dagbag.py:355} ERROR - Failed to import: /opt/airflow/dags/weather_pipeline.py
Traceback (most recent call last):
  File "/home/airflow/.local/lib/python3.10/site-packages/airflow/models/dagbag.py", line 351, in parse
    loader.exec_module(new_module)
  File "<frozen importlib._bootstrap_external>", line 883, in exec_module
  File "<frozen importlib._bootstrap>", line 241, in _call_with_frames_removed
  File "/opt/airflow/dags/weather_pipeline.py", line 20, in <module>
    from scripts.script_03_load import run_load
  File "/opt/airflow/scripts/script_03_load.py", line 4, in <module>
    from sqlalchemy import (
ImportError: cannot import name 'Double' from 'sqlalchemy' (/home/airflow/.local/lib/python3.10/site-packages/sqlalchemy/__init__.py)
[2026-09-17T22:49:28.705+0000] {processor.py:842} WARNING - No viable dags retrieved from /opt/airflow/dags/weather_pipeline.py
[2026-09-17T22:49:28.748+0000] {processor.py:183} INFO - Processing /opt/airflow/dags/weather_pipeline.py took 0.588 seconds
[2026-09-17T22:49:59.012+0000] {processor.py:161} INFO - Started process (PID=158) to work on /opt/airflow/dags/weather_pipeline.py
[2026-09-17T22:49:59.016+0000] {processor.py:830} INFO - Processing file /opt/airflow/dags/weather_pipeline.py for tasks to queue
[2026-09-17T22:49:59.018+0000] {logging_mixin.py:188} INFO - [2026-09-17T22:49:59.018+0000] {dagbag.py:545} INFO - Filling up the DagBag from /opt/airflow/dags/weather_pipeline.py
[2026-09-17T22:49:59.579+0000] {logging_mixin.py:188} INFO - [2026-09-17T22:49:59.576+0000] {dagbag.py:355} ERROR - Failed to import: /opt/airflow/dags/weather_pipeline.py
Traceback (most recent call last):
  File "/home/airflow/.local/lib/python3.10/site-packages/airflow/models/dagbag.py", line 351, in parse
    loader.exec_module(new_module)
  File "<frozen importlib._bootstrap_external>", line 883, in exec_module
  File "<frozen importlib._bootstrap>", line 241, in _call_with_frames_removed
  File "/opt/airflow/dags/weather_pipeline.py", line 20, in <module>
    from scripts.script_03_load import run_load
  File "/opt/airflow/scripts/script_03_load.py", line 4, in <module>
    from sqlalchemy import (
ImportError: cannot import name 'Double' from 'sqlalchemy' (/home/airflow/.local/lib/python3.10/site-packages/sqlalchemy/__init__.py)
[2026-09-17T22:49:59.579+0000] {processor.py:842} WARNING - No viable dags retrieved from /opt/airflow/dags/weather_pipeline.py
[2026-09-17T22:49:59.614+0000] {processor.py:183} INFO - Processing /opt/airflow/dags/weather_pipeline.py took 0.626 seconds
[2026-09-17T22:50:29.855+0000] {processor.py:161} INFO - Started process (PID=160) to work on /opt/airflow/dags/weather_pipeline.py
[2026-09-17T22:50:29.859+0000] {processor.py:830} INFO - Processing file /opt/airflow/dags/weather_pipeline.py for tasks to queue
[2026-09-17T22:50:29.862+0000] {logging_mixin.py:188} INFO - [2026-09-17T22:50:29.861+0000] {dagbag.py:545} INFO - Filling up the DagBag from /opt/airflow/dags/weather_pipeline.py
[2026-09-17T22:50:30.473+0000] {logging_mixin.py:188} INFO - [2026-09-17T22:50:30.471+0000] {dagbag.py:355} ERROR - Failed to import: /opt/airflow/dags/weather_pipeline.py
Traceback (most recent call last):
  File "/home/airflow/.local/lib/python3.10/site-packages/airflow/models/dagbag.py", line 351, in parse
    loader.exec_module(new_module)
  File "<frozen importlib._bootstrap_external>", line 883, in exec_module
  File "<frozen importlib._bootstrap>", line 241, in _call_with_frames_removed
  File "/opt/airflow/dags/weather_pipeline.py", line 20, in <module>
    from scripts.script_03_load import run_load
  File "/opt/airflow/scripts/script_03_load.py", line 4, in <module>
    from sqlalchemy import (
ImportError: cannot import name 'Double' from 'sqlalchemy' (/home/airflow/.local/lib/python3.10/site-packages/sqlalchemy/__init__.py)
[2026-09-17T22:50:30.474+0000] {processor.py:842} WARNING - No viable dags retrieved from /opt/airflow/dags/weather_pipeline.py
[2026-09-17T22:50:30.509+0000] {processor.py:183} INFO - Processing /opt/airflow/dags/weather_pipeline.py took 0.676 seconds
[2026-09-17T22:51:00.804+0000] {processor.py:161} INFO - Started process (PID=162) to work on /opt/airflow/dags/weather_pipeline.py
[2026-09-17T22:51:00.806+0000] {processor.py:830} INFO - Processing file /opt/airflow/dags/weather_pipeline.py for tasks to queue
[2026-09-17T22:51:00.809+0000] {logging_mixin.py:188} INFO - [2026-09-17T22:51:00.808+0000] {dagbag.py:545} INFO - Filling up the DagBag from /opt/airflow/dags/weather_pipeline.py
[2026-09-17T22:51:01.361+0000] {logging_mixin.py:188} INFO - [2026-09-17T22:51:01.359+0000] {dagbag.py:355} ERROR - Failed to import: /opt/airflow/dags/weather_pipeline.py
Traceback (most recent call last):
  File "/home/airflow/.local/lib/python3.10/site-packages/airflow/models/dagbag.py", line 351, in parse
    loader.exec_module(new_module)
  File "<frozen importlib._bootstrap_external>", line 883, in exec_module
  File "<frozen importlib._bootstrap>", line 241, in _call_with_frames_removed
  File "/opt/airflow/dags/weather_pipeline.py", line 20, in <module>
    from scripts.script_03_load import run_load
  File "/opt/airflow/scripts/script_03_load.py", line 4, in <module>
    from sqlalchemy import (
ImportError: cannot import name 'Double' from 'sqlalchemy' (/home/airflow/.local/lib/python3.10/site-packages/sqlalchemy/__init__.py)
[2026-09-17T22:51:01.362+0000] {processor.py:842} WARNING - No viable dags retrieved from /opt/airflow/dags/weather_pipeline.py
[2026-09-17T22:51:01.400+0000] {processor.py:183} INFO - Processing /opt/airflow/dags/weather_pipeline.py took 0.617 seconds
[2026-09-17T22:51:31.660+0000] {processor.py:161} INFO - Started process (PID=164) to work on /opt/airflow/dags/weather_pipeline.py
[2026-09-17T22:51:31.663+0000] {processor.py:830} INFO - Processing file /opt/airflow/dags/weather_pipeline.py for tasks to queue
[2026-09-17T22:51:31.666+0000] {logging_mixin.py:188} INFO - [2026-09-17T22:51:31.665+0000] {dagbag.py:545} INFO - Filling up the DagBag from /opt/airflow/dags/weather_pipeline.py
[2026-09-17T22:51:32.170+0000] {logging_mixin.py:188} INFO - [2026-09-17T22:51:32.168+0000] {dagbag.py:355} ERROR - Failed to import: /opt/airflow/dags/weather_pipeline.py
Traceback (most recent call last):
  File "/home/airflow/.local/lib/python3.10/site-packages/airflow/models/dagbag.py", line 351, in parse
    loader.exec_module(new_module)
  File "<frozen importlib._bootstrap_external>", line 883, in exec_module
  File "<frozen importlib._bootstrap>", line 241, in _call_with_frames_removed
  File "/opt/airflow/dags/weather_pipeline.py", line 20, in <module>
    from scripts.script_03_load import run_load
  File "/opt/airflow/scripts/script_03_load.py", line 4, in <module>
    from sqlalchemy import (
ImportError: cannot import name 'Double' from 'sqlalchemy' (/home/airflow/.local/lib/python3.10/site-packages/sqlalchemy/__init__.py)
[2026-09-17T22:51:32.171+0000] {processor.py:842} WARNING - No viable dags retrieved from /opt/airflow/dags/weather_pipeline.py
[2026-09-17T22:51:32.213+0000] {processor.py:183} INFO - Processing /opt/airflow/dags/weather_pipeline.py took 0.573 seconds
[2026-09-17T22:52:02.493+0000] {processor.py:161} INFO - Started process (PID=166) to work on /opt/airflow/dags/weather_pipeline.py
[2026-09-17T22:52:02.494+0000] {processor.py:830} INFO - Processing file /opt/airflow/dags/weather_pipeline.py for tasks to queue
[2026-09-17T22:52:02.496+0000] {logging_mixin.py:188} INFO - [2026-09-17T22:52:02.495+0000] {dagbag.py:545} INFO - Filling up the DagBag from /opt/airflow/dags/weather_pipeline.py
[2026-09-17T22:52:02.982+0000] {logging_mixin.py:188} INFO - [2026-09-17T22:52:02.980+0000] {dagbag.py:355} ERROR - Failed to import: /opt/airflow/dags/weather_pipeline.py
Traceback (most recent call last):
  File "/home/airflow/.local/lib/python3.10/site-packages/airflow/models/dagbag.py", line 351, in parse
    loader.exec_module(new_module)
  File "<frozen importlib._bootstrap_external>", line 883, in exec_module
  File "<frozen importlib._bootstrap>", line 241, in _call_with_frames_removed
  File "/opt/airflow/dags/weather_pipeline.py", line 20, in <module>
    from scripts.script_03_load import run_load
  File "/opt/airflow/scripts/script_03_load.py", line 4, in <module>
    from sqlalchemy import (
ImportError: cannot import name 'Double' from 'sqlalchemy' (/home/airflow/.local/lib/python3.10/site-packages/sqlalchemy/__init__.py)
[2026-09-17T22:52:02.982+0000] {processor.py:842} WARNING - No viable dags retrieved from /opt/airflow/dags/weather_pipeline.py
[2026-09-17T22:52:03.026+0000] {processor.py:183} INFO - Processing /opt/airflow/dags/weather_pipeline.py took 0.543 seconds
[2026-09-17T22:52:33.130+0000] {processor.py:161} INFO - Started process (PID=168) to work on /opt/airflow/dags/weather_pipeline.py
[2026-09-17T22:52:33.133+0000] {processor.py:830} INFO - Processing file /opt/airflow/dags/weather_pipeline.py for tasks to queue
[2026-09-17T22:52:33.136+0000] {logging_mixin.py:188} INFO - [2026-09-17T22:52:33.135+0000] {dagbag.py:545} INFO - Filling up the DagBag from /opt/airflow/dags/weather_pipeline.py
[2026-09-17T22:52:34.224+0000] {logging_mixin.py:188} INFO - [2026-09-17T22:52:34.218+0000] {dagbag.py:355} ERROR - Failed to import: /opt/airflow/dags/weather_pipeline.py
Traceback (most recent call last):
  File "/home/airflow/.local/lib/python3.10/site-packages/airflow/models/dagbag.py", line 351, in parse
    loader.exec_module(new_module)
  File "<frozen importlib._bootstrap_external>", line 883, in exec_module
  File "<frozen importlib._bootstrap>", line 241, in _call_with_frames_removed
  File "/opt/airflow/dags/weather_pipeline.py", line 20, in <module>
    from scripts.script_03_load import run_load
  File "/opt/airflow/scripts/script_03_load.py", line 4, in <module>
    from sqlalchemy import (
ImportError: cannot import name 'Double' from 'sqlalchemy' (/home/airflow/.local/lib/python3.10/site-packages/sqlalchemy/__init__.py)
[2026-09-17T22:52:34.225+0000] {processor.py:842} WARNING - No viable dags retrieved from /opt/airflow/dags/weather_pipeline.py
[2026-09-17T22:52:34.288+0000] {processor.py:183} INFO - Processing /opt/airflow/dags/weather_pipeline.py took 1.176 seconds
[2026-09-17T22:53:04.499+0000] {processor.py:161} INFO - Started process (PID=170) to work on /opt/airflow/dags/weather_pipeline.py
[2026-09-17T22:53:04.503+0000] {processor.py:830} INFO - Processing file /opt/airflow/dags/weather_pipeline.py for tasks to queue
[2026-09-17T22:53:04.506+0000] {logging_mixin.py:188} INFO - [2026-09-17T22:53:04.505+0000] {dagbag.py:545} INFO - Filling up the DagBag from /opt/airflow/dags/weather_pipeline.py
[2026-09-17T22:53:05.055+0000] {logging_mixin.py:188} INFO - [2026-09-17T22:53:05.052+0000] {dagbag.py:355} ERROR - Failed to import: /opt/airflow/dags/weather_pipeline.py
Traceback (most recent call last):
  File "/home/airflow/.local/lib/python3.10/site-packages/airflow/models/dagbag.py", line 351, in parse
    loader.exec_module(new_module)
  File "<frozen importlib._bootstrap_external>", line 883, in exec_module
  File "<frozen importlib._bootstrap>", line 241, in _call_with_frames_removed
  File "/opt/airflow/dags/weather_pipeline.py", line 20, in <module>
    from scripts.script_03_load import run_load
  File "/opt/airflow/scripts/script_03_load.py", line 4, in <module>
    from sqlalchemy import (
ImportError: cannot import name 'Double' from 'sqlalchemy' (/home/airflow/.local/lib/python3.10/site-packages/sqlalchemy/__init__.py)
[2026-09-17T22:53:05.055+0000] {processor.py:842} WARNING - No viable dags retrieved from /opt/airflow/dags/weather_pipeline.py
[2026-09-17T22:53:05.088+0000] {processor.py:183} INFO - Processing /opt/airflow/dags/weather_pipeline.py took 0.612 seconds
[2026-09-17T22:53:35.366+0000] {processor.py:161} INFO - Started process (PID=172) to work on /opt/airflow/dags/weather_pipeline.py
[2026-09-17T22:53:35.370+0000] {processor.py:830} INFO - Processing file /opt/airflow/dags/weather_pipeline.py for tasks to queue
[2026-09-17T22:53:35.373+0000] {logging_mixin.py:188} INFO - [2026-09-17T22:53:35.372+0000] {dagbag.py:545} INFO - Filling up the DagBag from /opt/airflow/dags/weather_pipeline.py
[2026-09-17T22:53:35.937+0000] {logging_mixin.py:188} INFO - [2026-09-17T22:53:35.935+0000] {dagbag.py:355} ERROR - Failed to import: /opt/airflow/dags/weather_pipeline.py
Traceback (most recent call last):
  File "/home/airflow/.local/lib/python3.10/site-packages/airflow/models/dagbag.py", line 351, in parse
    loader.exec_module(new_module)
  File "<frozen importlib._bootstrap_external>", line 883, in exec_module
  File "<frozen importlib._bootstrap>", line 241, in _call_with_frames_removed
  File "/opt/airflow/dags/weather_pipeline.py", line 20, in <module>
    from scripts.script_03_load import run_load
  File "/opt/airflow/scripts/script_03_load.py", line 4, in <module>
    from sqlalchemy import (
ImportError: cannot import name 'Double' from 'sqlalchemy' (/home/airflow/.local/lib/python3.10/site-packages/sqlalchemy/__init__.py)
[2026-09-17T22:53:35.938+0000] {processor.py:842} WARNING - No viable dags retrieved from /opt/airflow/dags/weather_pipeline.py
[2026-09-17T22:53:35.973+0000] {processor.py:183} INFO - Processing /opt/airflow/dags/weather_pipeline.py took 0.628 seconds
[2026-09-17T22:54:06.230+0000] {processor.py:161} INFO - Started process (PID=174) to work on /opt/airflow/dags/weather_pipeline.py
[2026-09-17T22:54:06.233+0000] {processor.py:830} INFO - Processing file /opt/airflow/dags/weather_pipeline.py for tasks to queue
[2026-09-17T22:54:06.236+0000] {logging_mixin.py:188} INFO - [2026-09-17T22:54:06.235+0000] {dagbag.py:545} INFO - Filling up the DagBag from /opt/airflow/dags/weather_pipeline.py
[2026-09-17T22:54:06.764+0000] {logging_mixin.py:188} INFO - [2026-09-17T22:54:06.762+0000] {dagbag.py:355} ERROR - Failed to import: /opt/airflow/dags/weather_pipeline.py
Traceback (most recent call last):
  File "/home/airflow/.local/lib/python3.10/site-packages/airflow/models/dagbag.py", line 351, in parse
    loader.exec_module(new_module)
  File "<frozen importlib._bootstrap_external>", line 883, in exec_module
  File "<frozen importlib._bootstrap>", line 241, in _call_with_frames_removed
  File "/opt/airflow/dags/weather_pipeline.py", line 20, in <module>
    from scripts.script_03_load import run_load
  File "/opt/airflow/scripts/script_03_load.py", line 4, in <module>
    from sqlalchemy import (
ImportError: cannot import name 'Double' from 'sqlalchemy' (/home/airflow/.local/lib/python3.10/site-packages/sqlalchemy/__init__.py)
[2026-09-17T22:54:06.765+0000] {processor.py:842} WARNING - No viable dags retrieved from /opt/airflow/dags/weather_pipeline.py
[2026-09-17T22:54:06.803+0000] {processor.py:183} INFO - Processing /opt/airflow/dags/weather_pipeline.py took 0.596 seconds
[2026-09-17T22:54:37.017+0000] {processor.py:161} INFO - Started process (PID=176) to work on /opt/airflow/dags/weather_pipeline.py
[2026-09-17T22:54:37.018+0000] {processor.py:830} INFO - Processing file /opt/airflow/dags/weather_pipeline.py for tasks to queue
[2026-09-17T22:54:37.019+0000] {logging_mixin.py:188} INFO - [2026-09-17T22:54:37.019+0000] {dagbag.py:545} INFO - Filling up the DagBag from /opt/airflow/dags/weather_pipeline.py
[2026-09-17T22:54:37.508+0000] {logging_mixin.py:188} INFO - [2026-09-17T22:54:37.506+0000] {dagbag.py:355} ERROR - Failed to import: /opt/airflow/dags/weather_pipeline.py
Traceback (most recent call last):
  File "/home/airflow/.local/lib/python3.10/site-packages/airflow/models/dagbag.py", line 351, in parse
    loader.exec_module(new_module)
  File "<frozen importlib._bootstrap_external>", line 883, in exec_module
  File "<frozen importlib._bootstrap>", line 241, in _call_with_frames_removed
  File "/opt/airflow/dags/weather_pipeline.py", line 20, in <module>
    from scripts.script_03_load import run_load
  File "/opt/airflow/scripts/script_03_load.py", line 4, in <module>
    from sqlalchemy import (
ImportError: cannot import name 'Double' from 'sqlalchemy' (/home/airflow/.local/lib/python3.10/site-packages/sqlalchemy/__init__.py)
[2026-09-17T22:54:37.509+0000] {processor.py:842} WARNING - No viable dags retrieved from /opt/airflow/dags/weather_pipeline.py
[2026-09-17T22:54:37.546+0000] {processor.py:183} INFO - Processing /opt/airflow/dags/weather_pipeline.py took 0.537 seconds
[2026-09-17T22:55:07.781+0000] {processor.py:161} INFO - Started process (PID=178) to work on /opt/airflow/dags/weather_pipeline.py
[2026-09-17T22:55:07.785+0000] {processor.py:830} INFO - Processing file /opt/airflow/dags/weather_pipeline.py for tasks to queue
[2026-09-17T22:55:07.788+0000] {logging_mixin.py:188} INFO - [2026-09-17T22:55:07.787+0000] {dagbag.py:545} INFO - Filling up the DagBag from /opt/airflow/dags/weather_pipeline.py
[2026-09-17T22:55:08.469+0000] {logging_mixin.py:188} INFO - [2026-09-17T22:55:08.467+0000] {dagbag.py:355} ERROR - Failed to import: /opt/airflow/dags/weather_pipeline.py
Traceback (most recent call last):
  File "/home/airflow/.local/lib/python3.10/site-packages/airflow/models/dagbag.py", line 351, in parse
    loader.exec_module(new_module)
  File "<frozen importlib._bootstrap_external>", line 883, in exec_module
  File "<frozen importlib._bootstrap>", line 241, in _call_with_frames_removed
  File "/opt/airflow/dags/weather_pipeline.py", line 20, in <module>
    from scripts.script_03_load import run_load
  File "/opt/airflow/scripts/script_03_load.py", line 4, in <module>
    from sqlalchemy import (
ImportError: cannot import name 'Double' from 'sqlalchemy' (/home/airflow/.local/lib/python3.10/site-packages/sqlalchemy/__init__.py)
[2026-09-17T22:55:08.470+0000] {processor.py:842} WARNING - No viable dags retrieved from /opt/airflow/dags/weather_pipeline.py
[2026-09-17T22:55:08.509+0000] {processor.py:183} INFO - Processing /opt/airflow/dags/weather_pipeline.py took 0.752 seconds
[2026-09-17T22:55:38.784+0000] {processor.py:161} INFO - Started process (PID=180) to work on /opt/airflow/dags/weather_pipeline.py
[2026-09-17T22:55:38.787+0000] {processor.py:830} INFO - Processing file /opt/airflow/dags/weather_pipeline.py for tasks to queue
[2026-09-17T22:55:38.789+0000] {logging_mixin.py:188} INFO - [2026-09-17T22:55:38.788+0000] {dagbag.py:545} INFO - Filling up the DagBag from /opt/airflow/dags/weather_pipeline.py
[2026-09-17T22:55:39.337+0000] {logging_mixin.py:188} INFO - [2026-09-17T22:55:39.335+0000] {dagbag.py:355} ERROR - Failed to import: /opt/airflow/dags/weather_pipeline.py
Traceback (most recent call last):
  File "/home/airflow/.local/lib/python3.10/site-packages/airflow/models/dagbag.py", line 351, in parse
    loader.exec_module(new_module)
  File "<frozen importlib._bootstrap_external>", line 883, in exec_module
  File "<frozen importlib._bootstrap>", line 241, in _call_with_frames_removed
  File "/opt/airflow/dags/weather_pipeline.py", line 20, in <module>
    from scripts.script_03_load import run_load
  File "/opt/airflow/scripts/script_03_load.py", line 4, in <module>
    from sqlalchemy import (
ImportError: cannot import name 'Double' from 'sqlalchemy' (/home/airflow/.local/lib/python3.10/site-packages/sqlalchemy/__init__.py)
[2026-09-17T22:55:39.337+0000] {processor.py:842} WARNING - No viable dags retrieved from /opt/airflow/dags/weather_pipeline.py
[2026-09-17T22:55:39.370+0000] {processor.py:183} INFO - Processing /opt/airflow/dags/weather_pipeline.py took 0.608 seconds
[2026-09-17T22:56:09.610+0000] {processor.py:161} INFO - Started process (PID=182) to work on /opt/airflow/dags/weather_pipeline.py
[2026-09-17T22:56:09.612+0000] {processor.py:830} INFO - Processing file /opt/airflow/dags/weather_pipeline.py for tasks to queue
[2026-09-17T22:56:09.613+0000] {logging_mixin.py:188} INFO - [2026-09-17T22:56:09.613+0000] {dagbag.py:545} INFO - Filling up the DagBag from /opt/airflow/dags/weather_pipeline.py
[2026-09-17T22:56:10.104+0000] {logging_mixin.py:188} INFO - [2026-09-17T22:56:10.102+0000] {dagbag.py:355} ERROR - Failed to import: /opt/airflow/dags/weather_pipeline.py
Traceback (most recent call last):
  File "/home/airflow/.local/lib/python3.10/site-packages/airflow/models/dagbag.py", line 351, in parse
    loader.exec_module(new_module)
  File "<frozen importlib._bootstrap_external>", line 883, in exec_module
  File "<frozen importlib._bootstrap>", line 241, in _call_with_frames_removed
  File "/opt/airflow/dags/weather_pipeline.py", line 20, in <module>
    from scripts.script_03_load import run_load
  File "/opt/airflow/scripts/script_03_load.py", line 4, in <module>
    from sqlalchemy import (
ImportError: cannot import name 'Double' from 'sqlalchemy' (/home/airflow/.local/lib/python3.10/site-packages/sqlalchemy/__init__.py)
[2026-09-17T22:56:10.105+0000] {processor.py:842} WARNING - No viable dags retrieved from /opt/airflow/dags/weather_pipeline.py
[2026-09-17T22:56:10.137+0000] {processor.py:183} INFO - Processing /opt/airflow/dags/weather_pipeline.py took 0.536 seconds
[2026-09-17T22:56:40.369+0000] {processor.py:161} INFO - Started process (PID=184) to work on /opt/airflow/dags/weather_pipeline.py
[2026-09-17T22:56:40.370+0000] {processor.py:830} INFO - Processing file /opt/airflow/dags/weather_pipeline.py for tasks to queue
[2026-09-17T22:56:40.371+0000] {logging_mixin.py:188} INFO - [2026-09-17T22:56:40.371+0000] {dagbag.py:545} INFO - Filling up the DagBag from /opt/airflow/dags/weather_pipeline.py
[2026-09-17T22:56:40.872+0000] {logging_mixin.py:188} INFO - [2026-09-17T22:56:40.870+0000] {dagbag.py:355} ERROR - Failed to import: /opt/airflow/dags/weather_pipeline.py
Traceback (most recent call last):
  File "/home/airflow/.local/lib/python3.10/site-packages/airflow/models/dagbag.py", line 351, in parse
    loader.exec_module(new_module)
  File "<frozen importlib._bootstrap_external>", line 883, in exec_module
  File "<frozen importlib._bootstrap>", line 241, in _call_with_frames_removed
  File "/opt/airflow/dags/weather_pipeline.py", line 20, in <module>
    from scripts.script_03_load import run_load
  File "/opt/airflow/scripts/script_03_load.py", line 4, in <module>
    from sqlalchemy import (
ImportError: cannot import name 'Double' from 'sqlalchemy' (/home/airflow/.local/lib/python3.10/site-packages/sqlalchemy/__init__.py)
[2026-09-17T22:56:40.873+0000] {processor.py:842} WARNING - No viable dags retrieved from /opt/airflow/dags/weather_pipeline.py
[2026-09-17T22:56:40.908+0000] {processor.py:183} INFO - Processing /opt/airflow/dags/weather_pipeline.py took 0.548 seconds
[2026-09-17T22:57:11.085+0000] {processor.py:161} INFO - Started process (PID=186) to work on /opt/airflow/dags/weather_pipeline.py
[2026-09-17T22:57:11.089+0000] {processor.py:830} INFO - Processing file /opt/airflow/dags/weather_pipeline.py for tasks to queue
[2026-09-17T22:57:11.092+0000] {logging_mixin.py:188} INFO - [2026-09-17T22:57:11.091+0000] {dagbag.py:545} INFO - Filling up the DagBag from /opt/airflow/dags/weather_pipeline.py
[2026-09-17T22:57:11.672+0000] {logging_mixin.py:188} INFO - [2026-09-17T22:57:11.670+0000] {dagbag.py:355} ERROR - Failed to import: /opt/airflow/dags/weather_pipeline.py
Traceback (most recent call last):
  File "/home/airflow/.local/lib/python3.10/site-packages/airflow/models/dagbag.py", line 351, in parse
    loader.exec_module(new_module)
  File "<frozen importlib._bootstrap_external>", line 883, in exec_module
  File "<frozen importlib._bootstrap>", line 241, in _call_with_frames_removed
  File "/opt/airflow/dags/weather_pipeline.py", line 20, in <module>
    from scripts.script_03_load import run_load
  File "/opt/airflow/scripts/script_03_load.py", line 4, in <module>
    from sqlalchemy import (
ImportError: cannot import name 'Double' from 'sqlalchemy' (/home/airflow/.local/lib/python3.10/site-packages/sqlalchemy/__init__.py)
[2026-09-17T22:57:11.673+0000] {processor.py:842} WARNING - No viable dags retrieved from /opt/airflow/dags/weather_pipeline.py
[2026-09-17T22:57:11.709+0000] {processor.py:183} INFO - Processing /opt/airflow/dags/weather_pipeline.py took 0.649 seconds
[2026-09-17T22:57:41.987+0000] {processor.py:161} INFO - Started process (PID=188) to work on /opt/airflow/dags/weather_pipeline.py
[2026-09-17T22:57:41.989+0000] {processor.py:830} INFO - Processing file /opt/airflow/dags/weather_pipeline.py for tasks to queue
[2026-09-17T22:57:41.993+0000] {logging_mixin.py:188} INFO - [2026-09-17T22:57:41.992+0000] {dagbag.py:545} INFO - Filling up the DagBag from /opt/airflow/dags/weather_pipeline.py
[2026-09-17T22:57:42.651+0000] {logging_mixin.py:188} INFO - [2026-09-17T22:57:42.649+0000] {dagbag.py:355} ERROR - Failed to import: /opt/airflow/dags/weather_pipeline.py
Traceback (most recent call last):
  File "/home/airflow/.local/lib/python3.10/site-packages/airflow/models/dagbag.py", line 351, in parse
    loader.exec_module(new_module)
  File "<frozen importlib._bootstrap_external>", line 883, in exec_module
  File "<frozen importlib._bootstrap>", line 241, in _call_with_frames_removed
  File "/opt/airflow/dags/weather_pipeline.py", line 20, in <module>
    from scripts.script_03_load import run_load
  File "/opt/airflow/scripts/script_03_load.py", line 4, in <module>
    from sqlalchemy import (
ImportError: cannot import name 'Double' from 'sqlalchemy' (/home/airflow/.local/lib/python3.10/site-packages/sqlalchemy/__init__.py)
[2026-09-17T22:57:42.651+0000] {processor.py:842} WARNING - No viable dags retrieved from /opt/airflow/dags/weather_pipeline.py
[2026-09-17T22:57:42.687+0000] {processor.py:183} INFO - Processing /opt/airflow/dags/weather_pipeline.py took 0.725 seconds
[2026-09-17T22:58:12.955+0000] {processor.py:161} INFO - Started process (PID=190) to work on /opt/airflow/dags/weather_pipeline.py
[2026-09-17T22:58:12.960+0000] {processor.py:830} INFO - Processing file /opt/airflow/dags/weather_pipeline.py for tasks to queue
[2026-09-17T22:58:12.965+0000] {logging_mixin.py:188} INFO - [2026-09-17T22:58:12.963+0000] {dagbag.py:545} INFO - Filling up the DagBag from /opt/airflow/dags/weather_pipeline.py
[2026-09-17T22:58:13.596+0000] {logging_mixin.py:188} INFO - [2026-09-17T22:58:13.593+0000] {dagbag.py:355} ERROR - Failed to import: /opt/airflow/dags/weather_pipeline.py
Traceback (most recent call last):
  File "/home/airflow/.local/lib/python3.10/site-packages/airflow/models/dagbag.py", line 351, in parse
    loader.exec_module(new_module)
  File "<frozen importlib._bootstrap_external>", line 883, in exec_module
  File "<frozen importlib._bootstrap>", line 241, in _call_with_frames_removed
  File "/opt/airflow/dags/weather_pipeline.py", line 20, in <module>
    from scripts.script_03_load import run_load
  File "/opt/airflow/scripts/script_03_load.py", line 4, in <module>
    from sqlalchemy import (
ImportError: cannot import name 'Double' from 'sqlalchemy' (/home/airflow/.local/lib/python3.10/site-packages/sqlalchemy/__init__.py)
[2026-09-17T22:58:13.596+0000] {processor.py:842} WARNING - No viable dags retrieved from /opt/airflow/dags/weather_pipeline.py
[2026-09-17T22:58:13.633+0000] {processor.py:183} INFO - Processing /opt/airflow/dags/weather_pipeline.py took 0.705 seconds
[2026-09-17T22:58:43.879+0000] {processor.py:161} INFO - Started process (PID=192) to work on /opt/airflow/dags/weather_pipeline.py
[2026-09-17T22:58:43.882+0000] {processor.py:830} INFO - Processing file /opt/airflow/dags/weather_pipeline.py for tasks to queue
[2026-09-17T22:58:43.885+0000] {logging_mixin.py:188} INFO - [2026-09-17T22:58:43.884+0000] {dagbag.py:545} INFO - Filling up the DagBag from /opt/airflow/dags/weather_pipeline.py
[2026-09-17T22:58:44.479+0000] {logging_mixin.py:188} INFO - [2026-09-17T22:58:44.477+0000] {dagbag.py:355} ERROR - Failed to import: /opt/airflow/dags/weather_pipeline.py
Traceback (most recent call last):
  File "/home/airflow/.local/lib/python3.10/site-packages/airflow/models/dagbag.py", line 351, in parse
    loader.exec_module(new_module)
  File "<frozen importlib._bootstrap_external>", line 883, in exec_module
  File "<frozen importlib._bootstrap>", line 241, in _call_with_frames_removed
  File "/opt/airflow/dags/weather_pipeline.py", line 20, in <module>
    from scripts.script_03_load import run_load
  File "/opt/airflow/scripts/script_03_load.py", line 4, in <module>
    from sqlalchemy import (
ImportError: cannot import name 'Double' from 'sqlalchemy' (/home/airflow/.local/lib/python3.10/site-packages/sqlalchemy/__init__.py)
[2026-09-17T22:58:44.479+0000] {processor.py:842} WARNING - No viable dags retrieved from /opt/airflow/dags/weather_pipeline.py
[2026-09-17T22:58:44.518+0000] {processor.py:183} INFO - Processing /opt/airflow/dags/weather_pipeline.py took 0.660 seconds
[2026-09-17T22:59:14.783+0000] {processor.py:161} INFO - Started process (PID=194) to work on /opt/airflow/dags/weather_pipeline.py
[2026-09-17T22:59:14.788+0000] {processor.py:830} INFO - Processing file /opt/airflow/dags/weather_pipeline.py for tasks to queue
[2026-09-17T22:59:14.791+0000] {logging_mixin.py:188} INFO - [2026-09-17T22:59:14.790+0000] {dagbag.py:545} INFO - Filling up the DagBag from /opt/airflow/dags/weather_pipeline.py
[2026-09-17T22:59:15.319+0000] {logging_mixin.py:188} INFO - [2026-09-17T22:59:15.317+0000] {dagbag.py:355} ERROR - Failed to import: /opt/airflow/dags/weather_pipeline.py
Traceback (most recent call last):
  File "/home/airflow/.local/lib/python3.10/site-packages/airflow/models/dagbag.py", line 351, in parse
    loader.exec_module(new_module)
  File "<frozen importlib._bootstrap_external>", line 883, in exec_module
  File "<frozen importlib._bootstrap>", line 241, in _call_with_frames_removed
  File "/opt/airflow/dags/weather_pipeline.py", line 20, in <module>
    from scripts.script_03_load import run_load
  File "/opt/airflow/scripts/script_03_load.py", line 4, in <module>
    from sqlalchemy import (
ImportError: cannot import name 'Double' from 'sqlalchemy' (/home/airflow/.local/lib/python3.10/site-packages/sqlalchemy/__init__.py)
[2026-09-17T22:59:15.319+0000] {processor.py:842} WARNING - No viable dags retrieved from /opt/airflow/dags/weather_pipeline.py
[2026-09-17T22:59:15.351+0000] {processor.py:183} INFO - Processing /opt/airflow/dags/weather_pipeline.py took 0.591 seconds
[2026-09-17T22:59:45.607+0000] {processor.py:161} INFO - Started process (PID=196) to work on /opt/airflow/dags/weather_pipeline.py
[2026-09-17T22:59:45.609+0000] {processor.py:830} INFO - Processing file /opt/airflow/dags/weather_pipeline.py for tasks to queue
[2026-09-17T22:59:45.612+0000] {logging_mixin.py:188} INFO - [2026-09-17T22:59:45.611+0000] {dagbag.py:545} INFO - Filling up the DagBag from /opt/airflow/dags/weather_pipeline.py
[2026-09-17T22:59:46.150+0000] {logging_mixin.py:188} INFO - [2026-09-17T22:59:46.148+0000] {dagbag.py:355} ERROR - Failed to import: /opt/airflow/dags/weather_pipeline.py
Traceback (most recent call last):
  File "/home/airflow/.local/lib/python3.10/site-packages/airflow/models/dagbag.py", line 351, in parse
    loader.exec_module(new_module)
  File "<frozen importlib._bootstrap_external>", line 883, in exec_module
  File "<frozen importlib._bootstrap>", line 241, in _call_with_frames_removed
  File "/opt/airflow/dags/weather_pipeline.py", line 20, in <module>
    from scripts.script_03_load import run_load
  File "/opt/airflow/scripts/script_03_load.py", line 4, in <module>
    from sqlalchemy import (
ImportError: cannot import name 'Double' from 'sqlalchemy' (/home/airflow/.local/lib/python3.10/site-packages/sqlalchemy/__init__.py)
[2026-09-17T22:59:46.150+0000] {processor.py:842} WARNING - No viable dags retrieved from /opt/airflow/dags/weather_pipeline.py
[2026-09-17T22:59:46.184+0000] {processor.py:183} INFO - Processing /opt/airflow/dags/weather_pipeline.py took 0.599 seconds
[2026-09-17T23:00:16.421+0000] {processor.py:161} INFO - Started process (PID=198) to work on /opt/airflow/dags/weather_pipeline.py
[2026-09-17T23:00:16.423+0000] {processor.py:830} INFO - Processing file /opt/airflow/dags/weather_pipeline.py for tasks to queue
[2026-09-17T23:00:16.426+0000] {logging_mixin.py:188} INFO - [2026-09-17T23:00:16.425+0000] {dagbag.py:545} INFO - Filling up the DagBag from /opt/airflow/dags/weather_pipeline.py
[2026-09-17T23:00:16.928+0000] {logging_mixin.py:188} INFO - [2026-09-17T23:00:16.926+0000] {dagbag.py:355} ERROR - Failed to import: /opt/airflow/dags/weather_pipeline.py
Traceback (most recent call last):
  File "/home/airflow/.local/lib/python3.10/site-packages/airflow/models/dagbag.py", line 351, in parse
    loader.exec_module(new_module)
  File "<frozen importlib._bootstrap_external>", line 883, in exec_module
  File "<frozen importlib._bootstrap>", line 241, in _call_with_frames_removed
  File "/opt/airflow/dags/weather_pipeline.py", line 20, in <module>
    from scripts.script_03_load import run_load
  File "/opt/airflow/scripts/script_03_load.py", line 4, in <module>
    from sqlalchemy import (
ImportError: cannot import name 'Double' from 'sqlalchemy' (/home/airflow/.local/lib/python3.10/site-packages/sqlalchemy/__init__.py)
[2026-09-17T23:00:16.928+0000] {processor.py:842} WARNING - No viable dags retrieved from /opt/airflow/dags/weather_pipeline.py
[2026-09-17T23:00:16.961+0000] {processor.py:183} INFO - Processing /opt/airflow/dags/weather_pipeline.py took 0.560 seconds
[2026-09-17T23:00:47.239+0000] {processor.py:161} INFO - Started process (PID=200) to work on /opt/airflow/dags/weather_pipeline.py
[2026-09-17T23:00:47.241+0000] {processor.py:830} INFO - Processing file /opt/airflow/dags/weather_pipeline.py for tasks to queue
[2026-09-17T23:00:47.243+0000] {logging_mixin.py:188} INFO - [2026-09-17T23:00:47.242+0000] {dagbag.py:545} INFO - Filling up the DagBag from /opt/airflow/dags/weather_pipeline.py
[2026-09-17T23:00:47.929+0000] {logging_mixin.py:188} INFO - [2026-09-17T23:00:47.927+0000] {dagbag.py:355} ERROR - Failed to import: /opt/airflow/dags/weather_pipeline.py
Traceback (most recent call last):
  File "/home/airflow/.local/lib/python3.10/site-packages/airflow/models/dagbag.py", line 351, in parse
    loader.exec_module(new_module)
  File "<frozen importlib._bootstrap_external>", line 883, in exec_module
  File "<frozen importlib._bootstrap>", line 241, in _call_with_frames_removed
  File "/opt/airflow/dags/weather_pipeline.py", line 20, in <module>
    from scripts.script_03_load import run_load
  File "/opt/airflow/scripts/script_03_load.py", line 4, in <module>
    from sqlalchemy import (
ImportError: cannot import name 'Double' from 'sqlalchemy' (/home/airflow/.local/lib/python3.10/site-packages/sqlalchemy/__init__.py)
[2026-09-17T23:00:47.930+0000] {processor.py:842} WARNING - No viable dags retrieved from /opt/airflow/dags/weather_pipeline.py
[2026-09-17T23:00:47.966+0000] {processor.py:183} INFO - Processing /opt/airflow/dags/weather_pipeline.py took 0.748 seconds
[2026-09-17T23:01:18.210+0000] {processor.py:161} INFO - Started process (PID=202) to work on /opt/airflow/dags/weather_pipeline.py
[2026-09-17T23:01:18.212+0000] {processor.py:830} INFO - Processing file /opt/airflow/dags/weather_pipeline.py for tasks to queue
[2026-09-17T23:01:18.215+0000] {logging_mixin.py:188} INFO - [2026-09-17T23:01:18.214+0000] {dagbag.py:545} INFO - Filling up the DagBag from /opt/airflow/dags/weather_pipeline.py
[2026-09-17T23:01:18.711+0000] {logging_mixin.py:188} INFO - [2026-09-17T23:01:18.709+0000] {dagbag.py:355} ERROR - Failed to import: /opt/airflow/dags/weather_pipeline.py
Traceback (most recent call last):
  File "/home/airflow/.local/lib/python3.10/site-packages/airflow/models/dagbag.py", line 351, in parse
    loader.exec_module(new_module)
  File "<frozen importlib._bootstrap_external>", line 883, in exec_module
  File "<frozen importlib._bootstrap>", line 241, in _call_with_frames_removed
  File "/opt/airflow/dags/weather_pipeline.py", line 20, in <module>
    from scripts.script_03_load import run_load
  File "/opt/airflow/scripts/script_03_load.py", line 4, in <module>
    from sqlalchemy import (
ImportError: cannot import name 'Double' from 'sqlalchemy' (/home/airflow/.local/lib/python3.10/site-packages/sqlalchemy/__init__.py)
[2026-09-17T23:01:18.712+0000] {processor.py:842} WARNING - No viable dags retrieved from /opt/airflow/dags/weather_pipeline.py
[2026-09-17T23:01:18.744+0000] {processor.py:183} INFO - Processing /opt/airflow/dags/weather_pipeline.py took 0.554 seconds
[2026-09-17T23:01:49.024+0000] {processor.py:161} INFO - Started process (PID=204) to work on /opt/airflow/dags/weather_pipeline.py
[2026-09-17T23:01:49.027+0000] {processor.py:830} INFO - Processing file /opt/airflow/dags/weather_pipeline.py for tasks to queue
[2026-09-17T23:01:49.030+0000] {logging_mixin.py:188} INFO - [2026-09-17T23:01:49.029+0000] {dagbag.py:545} INFO - Filling up the DagBag from /opt/airflow/dags/weather_pipeline.py
[2026-09-17T23:01:49.558+0000] {logging_mixin.py:188} INFO - [2026-09-17T23:01:49.556+0000] {dagbag.py:355} ERROR - Failed to import: /opt/airflow/dags/weather_pipeline.py
Traceback (most recent call last):
  File "/home/airflow/.local/lib/python3.10/site-packages/airflow/models/dagbag.py", line 351, in parse
    loader.exec_module(new_module)
  File "<frozen importlib._bootstrap_external>", line 883, in exec_module
  File "<frozen importlib._bootstrap>", line 241, in _call_with_frames_removed
  File "/opt/airflow/dags/weather_pipeline.py", line 20, in <module>
    from scripts.script_03_load import run_load
  File "/opt/airflow/scripts/script_03_load.py", line 4, in <module>
    from sqlalchemy import (
ImportError: cannot import name 'Double' from 'sqlalchemy' (/home/airflow/.local/lib/python3.10/site-packages/sqlalchemy/__init__.py)
[2026-09-17T23:01:49.559+0000] {processor.py:842} WARNING - No viable dags retrieved from /opt/airflow/dags/weather_pipeline.py
[2026-09-17T23:01:49.591+0000] {processor.py:183} INFO - Processing /opt/airflow/dags/weather_pipeline.py took 0.596 seconds
[2026-09-17T23:02:19.648+0000] {processor.py:161} INFO - Started process (PID=206) to work on /opt/airflow/dags/weather_pipeline.py
[2026-09-17T23:02:19.650+0000] {processor.py:830} INFO - Processing file /opt/airflow/dags/weather_pipeline.py for tasks to queue
[2026-09-17T23:02:19.651+0000] {logging_mixin.py:188} INFO - [2026-09-17T23:02:19.650+0000] {dagbag.py:545} INFO - Filling up the DagBag from /opt/airflow/dags/weather_pipeline.py
[2026-09-17T23:02:20.122+0000] {logging_mixin.py:188} INFO - [2026-09-17T23:02:20.121+0000] {dagbag.py:355} ERROR - Failed to import: /opt/airflow/dags/weather_pipeline.py
Traceback (most recent call last):
  File "/home/airflow/.local/lib/python3.10/site-packages/airflow/models/dagbag.py", line 351, in parse
    loader.exec_module(new_module)
  File "<frozen importlib._bootstrap_external>", line 883, in exec_module
  File "<frozen importlib._bootstrap>", line 241, in _call_with_frames_removed
  File "/opt/airflow/dags/weather_pipeline.py", line 20, in <module>
    from scripts.script_03_load import run_load
  File "/opt/airflow/scripts/script_03_load.py", line 4, in <module>
    from sqlalchemy import (
ImportError: cannot import name 'Double' from 'sqlalchemy' (/home/airflow/.local/lib/python3.10/site-packages/sqlalchemy/__init__.py)
[2026-09-17T23:02:20.123+0000] {processor.py:842} WARNING - No viable dags retrieved from /opt/airflow/dags/weather_pipeline.py
[2026-09-17T23:02:20.156+0000] {processor.py:183} INFO - Processing /opt/airflow/dags/weather_pipeline.py took 0.516 seconds
[2026-09-17T23:02:50.380+0000] {processor.py:161} INFO - Started process (PID=208) to work on /opt/airflow/dags/weather_pipeline.py
[2026-09-17T23:02:50.382+0000] {processor.py:830} INFO - Processing file /opt/airflow/dags/weather_pipeline.py for tasks to queue
[2026-09-17T23:02:50.383+0000] {logging_mixin.py:188} INFO - [2026-09-17T23:02:50.382+0000] {dagbag.py:545} INFO - Filling up the DagBag from /opt/airflow/dags/weather_pipeline.py
[2026-09-17T23:02:50.842+0000] {logging_mixin.py:188} INFO - [2026-09-17T23:02:50.840+0000] {dagbag.py:355} ERROR - Failed to import: /opt/airflow/dags/weather_pipeline.py
Traceback (most recent call last):
  File "/home/airflow/.local/lib/python3.10/site-packages/airflow/models/dagbag.py", line 351, in parse
    loader.exec_module(new_module)
  File "<frozen importlib._bootstrap_external>", line 883, in exec_module
  File "<frozen importlib._bootstrap>", line 241, in _call_with_frames_removed
  File "/opt/airflow/dags/weather_pipeline.py", line 20, in <module>
    from scripts.script_03_load import run_load
  File "/opt/airflow/scripts/script_03_load.py", line 12
    from sqlalchemy import Column, , Integer, String
                                   ^
SyntaxError: invalid syntax
[2026-09-17T23:02:50.842+0000] {processor.py:842} WARNING - No viable dags retrieved from /opt/airflow/dags/weather_pipeline.py
[2026-09-17T23:02:50.876+0000] {processor.py:183} INFO - Processing /opt/airflow/dags/weather_pipeline.py took 0.505 seconds
[2026-09-17T23:03:21.097+0000] {processor.py:161} INFO - Started process (PID=210) to work on /opt/airflow/dags/weather_pipeline.py
[2026-09-17T23:03:21.097+0000] {processor.py:830} INFO - Processing file /opt/airflow/dags/weather_pipeline.py for tasks to queue
[2026-09-17T23:03:21.098+0000] {logging_mixin.py:188} INFO - [2026-09-17T23:03:21.098+0000] {dagbag.py:545} INFO - Filling up the DagBag from /opt/airflow/dags/weather_pipeline.py
[2026-09-17T23:03:21.599+0000] {processor.py:840} INFO - DAG(s) 'weather_pipeline' retrieved from /opt/airflow/dags/weather_pipeline.py
[2026-09-17T23:03:21.830+0000] {logging_mixin.py:188} INFO - [2026-09-17T23:03:21.830+0000] {dag.py:3096} INFO - Sync 1 DAGs
[2026-09-17T23:03:21.870+0000] {logging_mixin.py:188} INFO - [2026-09-17T23:03:21.869+0000] {dag.py:3954} INFO - Setting next_dagrun for weather_pipeline to 2026-09-17 00:00:00+00:00, run_after=2026-09-18 00:00:00+00:00
[2026-09-17T23:03:21.920+0000] {processor.py:183} INFO - Processing /opt/airflow/dags/weather_pipeline.py took 0.831 seconds
[2026-09-17T23:03:52.200+0000] {processor.py:161} INFO - Started process (PID=212) to work on /opt/airflow/dags/weather_pipeline.py
[2026-09-17T23:03:52.202+0000] {processor.py:830} INFO - Processing file /opt/airflow/dags/weather_pipeline.py for tasks to queue
[2026-09-17T23:03:52.205+0000] {logging_mixin.py:188} INFO - [2026-09-17T23:03:52.204+0000] {dagbag.py:545} INFO - Filling up the DagBag from /opt/airflow/dags/weather_pipeline.py
[2026-09-17T23:03:52.785+0000] {processor.py:840} INFO - DAG(s) 'weather_pipeline' retrieved from /opt/airflow/dags/weather_pipeline.py
[2026-09-17T23:03:52.831+0000] {logging_mixin.py:188} INFO - [2026-09-17T23:03:52.831+0000] {dag.py:3096} INFO - Sync 1 DAGs
[2026-09-17T23:03:52.870+0000] {logging_mixin.py:188} INFO - [2026-09-17T23:03:52.869+0000] {dag.py:3954} INFO - Setting next_dagrun for weather_pipeline to 2026-09-17 00:00:00+00:00, run_after=2026-09-18 00:00:00+00:00
[2026-09-17T23:03:52.898+0000] {processor.py:183} INFO - Processing /opt/airflow/dags/weather_pipeline.py took 0.719 seconds
[2026-09-17T23:04:23.050+0000] {processor.py:161} INFO - Started process (PID=214) to work on /opt/airflow/dags/weather_pipeline.py
[2026-09-17T23:04:23.053+0000] {processor.py:830} INFO - Processing file /opt/airflow/dags/weather_pipeline.py for tasks to queue
[2026-09-17T23:04:23.055+0000] {logging_mixin.py:188} INFO - [2026-09-17T23:04:23.054+0000] {dagbag.py:545} INFO - Filling up the DagBag from /opt/airflow/dags/weather_pipeline.py
[2026-09-17T23:04:23.571+0000] {processor.py:840} INFO - DAG(s) 'weather_pipeline' retrieved from /opt/airflow/dags/weather_pipeline.py
[2026-09-17T23:04:23.618+0000] {logging_mixin.py:188} INFO - [2026-09-17T23:04:23.618+0000] {dag.py:3096} INFO - Sync 1 DAGs
[2026-09-17T23:04:23.653+0000] {logging_mixin.py:188} INFO - [2026-09-17T23:04:23.653+0000] {dag.py:3954} INFO - Setting next_dagrun for weather_pipeline to 2026-09-17 00:00:00+00:00, run_after=2026-09-18 00:00:00+00:00
[2026-09-17T23:04:23.682+0000] {processor.py:183} INFO - Processing /opt/airflow/dags/weather_pipeline.py took 0.652 seconds
[2026-09-17T23:04:53.937+0000] {processor.py:161} INFO - Started process (PID=216) to work on /opt/airflow/dags/weather_pipeline.py
[2026-09-17T23:04:53.941+0000] {processor.py:830} INFO - Processing file /opt/airflow/dags/weather_pipeline.py for tasks to queue
[2026-09-17T23:04:53.944+0000] {logging_mixin.py:188} INFO - [2026-09-17T23:04:53.943+0000] {dagbag.py:545} INFO - Filling up the DagBag from /opt/airflow/dags/weather_pipeline.py
[2026-09-17T23:04:54.511+0000] {processor.py:840} INFO - DAG(s) 'weather_pipeline' retrieved from /opt/airflow/dags/weather_pipeline.py
[2026-09-17T23:04:54.558+0000] {logging_mixin.py:188} INFO - [2026-09-17T23:04:54.557+0000] {dag.py:3096} INFO - Sync 1 DAGs
[2026-09-17T23:04:54.592+0000] {logging_mixin.py:188} INFO - [2026-09-17T23:04:54.592+0000] {dag.py:3954} INFO - Setting next_dagrun for weather_pipeline to 2026-09-17 00:00:00+00:00, run_after=2026-09-18 00:00:00+00:00
[2026-09-17T23:04:54.621+0000] {processor.py:183} INFO - Processing /opt/airflow/dags/weather_pipeline.py took 0.706 seconds
[2026-09-17T23:05:24.887+0000] {processor.py:161} INFO - Started process (PID=218) to work on /opt/airflow/dags/weather_pipeline.py
[2026-09-17T23:05:24.890+0000] {processor.py:830} INFO - Processing file /opt/airflow/dags/weather_pipeline.py for tasks to queue
[2026-09-17T23:05:24.894+0000] {logging_mixin.py:188} INFO - [2026-09-17T23:05:24.892+0000] {dagbag.py:545} INFO - Filling up the DagBag from /opt/airflow/dags/weather_pipeline.py
[2026-09-17T23:05:25.412+0000] {processor.py:840} INFO - DAG(s) 'weather_pipeline' retrieved from /opt/airflow/dags/weather_pipeline.py
[2026-09-17T23:05:25.457+0000] {logging_mixin.py:188} INFO - [2026-09-17T23:05:25.456+0000] {dag.py:3096} INFO - Sync 1 DAGs
[2026-09-17T23:05:25.492+0000] {logging_mixin.py:188} INFO - [2026-09-17T23:05:25.492+0000] {dag.py:3954} INFO - Setting next_dagrun for weather_pipeline to 2026-09-17 00:00:00+00:00, run_after=2026-09-18 00:00:00+00:00
[2026-09-17T23:05:25.524+0000] {processor.py:183} INFO - Processing /opt/airflow/dags/weather_pipeline.py took 0.659 seconds
[2026-09-17T23:05:54.153+0000] {processor.py:161} INFO - Started process (PID=52) to work on /opt/airflow/dags/weather_pipeline.py
[2026-09-17T23:05:54.154+0000] {processor.py:830} INFO - Processing file /opt/airflow/dags/weather_pipeline.py for tasks to queue
[2026-09-17T23:05:54.157+0000] {logging_mixin.py:188} INFO - [2026-09-17T23:05:54.156+0000] {dagbag.py:545} INFO - Filling up the DagBag from /opt/airflow/dags/weather_pipeline.py
[2026-09-17T23:05:54.812+0000] {processor.py:840} INFO - DAG(s) 'weather_pipeline' retrieved from /opt/airflow/dags/weather_pipeline.py
[2026-09-17T23:05:54.873+0000] {logging_mixin.py:188} INFO - [2026-09-17T23:05:54.873+0000] {dag.py:3096} INFO - Sync 1 DAGs
[2026-09-17T23:05:54.906+0000] {logging_mixin.py:188} INFO - [2026-09-17T23:05:54.906+0000] {dag.py:3954} INFO - Setting next_dagrun for weather_pipeline to 2026-09-17 00:00:00+00:00, run_after=2026-09-18 00:00:00+00:00
[2026-09-17T23:05:54.943+0000] {processor.py:183} INFO - Processing /opt/airflow/dags/weather_pipeline.py took 0.799 seconds
[2026-09-17T23:06:25.197+0000] {processor.py:161} INFO - Started process (PID=62) to work on /opt/airflow/dags/weather_pipeline.py
[2026-09-17T23:06:25.199+0000] {processor.py:830} INFO - Processing file /opt/airflow/dags/weather_pipeline.py for tasks to queue
[2026-09-17T23:06:25.204+0000] {logging_mixin.py:188} INFO - [2026-09-17T23:06:25.203+0000] {dagbag.py:545} INFO - Filling up the DagBag from /opt/airflow/dags/weather_pipeline.py
[2026-09-17T23:06:25.788+0000] {processor.py:840} INFO - DAG(s) 'weather_pipeline' retrieved from /opt/airflow/dags/weather_pipeline.py
[2026-09-17T23:06:25.946+0000] {logging_mixin.py:188} INFO - [2026-09-17T23:06:25.946+0000] {dag.py:3096} INFO - Sync 1 DAGs
[2026-09-17T23:06:25.978+0000] {logging_mixin.py:188} INFO - [2026-09-17T23:06:25.977+0000] {dag.py:3954} INFO - Setting next_dagrun for weather_pipeline to 2026-09-17 00:00:00+00:00, run_after=2026-09-18 00:00:00+00:00
[2026-09-17T23:06:26.009+0000] {processor.py:183} INFO - Processing /opt/airflow/dags/weather_pipeline.py took 0.830 seconds
[2026-09-17T23:06:56.316+0000] {processor.py:161} INFO - Started process (PID=64) to work on /opt/airflow/dags/weather_pipeline.py
[2026-09-17T23:06:56.320+0000] {processor.py:830} INFO - Processing file /opt/airflow/dags/weather_pipeline.py for tasks to queue
[2026-09-17T23:06:56.325+0000] {logging_mixin.py:188} INFO - [2026-09-17T23:06:56.324+0000] {dagbag.py:545} INFO - Filling up the DagBag from /opt/airflow/dags/weather_pipeline.py
[2026-09-17T23:06:56.876+0000] {processor.py:840} INFO - DAG(s) 'weather_pipeline' retrieved from /opt/airflow/dags/weather_pipeline.py
[2026-09-17T23:06:56.919+0000] {logging_mixin.py:188} INFO - [2026-09-17T23:06:56.919+0000] {dag.py:3096} INFO - Sync 1 DAGs
[2026-09-17T23:06:56.953+0000] {logging_mixin.py:188} INFO - [2026-09-17T23:06:56.953+0000] {dag.py:3954} INFO - Setting next_dagrun for weather_pipeline to 2026-09-17 00:00:00+00:00, run_after=2026-09-18 00:00:00+00:00
[2026-09-17T23:06:56.982+0000] {processor.py:183} INFO - Processing /opt/airflow/dags/weather_pipeline.py took 0.693 seconds
[2026-09-17T23:07:27.261+0000] {processor.py:161} INFO - Started process (PID=66) to work on /opt/airflow/dags/weather_pipeline.py
[2026-09-17T23:07:27.264+0000] {processor.py:830} INFO - Processing file /opt/airflow/dags/weather_pipeline.py for tasks to queue
[2026-09-17T23:07:27.269+0000] {logging_mixin.py:188} INFO - [2026-09-17T23:07:27.268+0000] {dagbag.py:545} INFO - Filling up the DagBag from /opt/airflow/dags/weather_pipeline.py
[2026-09-17T23:07:27.769+0000] {processor.py:840} INFO - DAG(s) 'weather_pipeline' retrieved from /opt/airflow/dags/weather_pipeline.py
[2026-09-17T23:07:27.814+0000] {logging_mixin.py:188} INFO - [2026-09-17T23:07:27.813+0000] {dag.py:3096} INFO - Sync 1 DAGs
[2026-09-17T23:07:27.850+0000] {logging_mixin.py:188} INFO - [2026-09-17T23:07:27.849+0000] {dag.py:3954} INFO - Setting next_dagrun for weather_pipeline to 2026-09-17 00:00:00+00:00, run_after=2026-09-18 00:00:00+00:00
[2026-09-17T23:07:27.878+0000] {processor.py:183} INFO - Processing /opt/airflow/dags/weather_pipeline.py took 0.637 seconds
[2026-09-17T23:07:58.142+0000] {processor.py:161} INFO - Started process (PID=68) to work on /opt/airflow/dags/weather_pipeline.py
[2026-09-17T23:07:58.146+0000] {processor.py:830} INFO - Processing file /opt/airflow/dags/weather_pipeline.py for tasks to queue
[2026-09-17T23:07:58.151+0000] {logging_mixin.py:188} INFO - [2026-09-17T23:07:58.150+0000] {dagbag.py:545} INFO - Filling up the DagBag from /opt/airflow/dags/weather_pipeline.py
[2026-09-17T23:07:58.677+0000] {processor.py:840} INFO - DAG(s) 'weather_pipeline' retrieved from /opt/airflow/dags/weather_pipeline.py
[2026-09-17T23:07:58.723+0000] {logging_mixin.py:188} INFO - [2026-09-17T23:07:58.722+0000] {dag.py:3096} INFO - Sync 1 DAGs
[2026-09-17T23:07:58.755+0000] {logging_mixin.py:188} INFO - [2026-09-17T23:07:58.754+0000] {dag.py:3954} INFO - Setting next_dagrun for weather_pipeline to 2026-09-17 00:00:00+00:00, run_after=2026-09-18 00:00:00+00:00
[2026-09-17T23:07:58.785+0000] {processor.py:183} INFO - Processing /opt/airflow/dags/weather_pipeline.py took 0.663 seconds
[2026-09-17T23:08:29.062+0000] {processor.py:161} INFO - Started process (PID=70) to work on /opt/airflow/dags/weather_pipeline.py
[2026-09-17T23:08:29.065+0000] {processor.py:830} INFO - Processing file /opt/airflow/dags/weather_pipeline.py for tasks to queue
[2026-09-17T23:08:29.073+0000] {logging_mixin.py:188} INFO - [2026-09-17T23:08:29.072+0000] {dagbag.py:545} INFO - Filling up the DagBag from /opt/airflow/dags/weather_pipeline.py
[2026-09-17T23:08:29.610+0000] {processor.py:840} INFO - DAG(s) 'weather_pipeline' retrieved from /opt/airflow/dags/weather_pipeline.py
[2026-09-17T23:08:29.663+0000] {logging_mixin.py:188} INFO - [2026-09-17T23:08:29.662+0000] {dag.py:3096} INFO - Sync 1 DAGs
[2026-09-17T23:08:29.698+0000] {logging_mixin.py:188} INFO - [2026-09-17T23:08:29.697+0000] {dag.py:3954} INFO - Setting next_dagrun for weather_pipeline to 2026-09-17 00:00:00+00:00, run_after=2026-09-18 00:00:00+00:00
[2026-09-17T23:08:29.727+0000] {processor.py:183} INFO - Processing /opt/airflow/dags/weather_pipeline.py took 0.684 seconds
[2026-09-17T23:09:34.077+0000] {processor.py:161} INFO - Started process (PID=52) to work on /opt/airflow/dags/weather_pipeline.py
[2026-09-17T23:09:34.079+0000] {processor.py:830} INFO - Processing file /opt/airflow/dags/weather_pipeline.py for tasks to queue
[2026-09-17T23:09:34.081+0000] {logging_mixin.py:188} INFO - [2026-09-17T23:09:34.080+0000] {dagbag.py:545} INFO - Filling up the DagBag from /opt/airflow/dags/weather_pipeline.py
[2026-09-17T23:09:34.568+0000] {processor.py:840} INFO - DAG(s) 'weather_pipeline' retrieved from /opt/airflow/dags/weather_pipeline.py
[2026-09-17T23:09:34.611+0000] {logging_mixin.py:188} INFO - [2026-09-17T23:09:34.610+0000] {dag.py:3096} INFO - Sync 1 DAGs
[2026-09-17T23:09:34.643+0000] {logging_mixin.py:188} INFO - [2026-09-17T23:09:34.643+0000] {dag.py:3954} INFO - Setting next_dagrun for weather_pipeline to 2026-09-17 00:00:00+00:00, run_after=2026-09-18 00:00:00+00:00
[2026-09-17T23:09:34.670+0000] {processor.py:183} INFO - Processing /opt/airflow/dags/weather_pipeline.py took 0.601 seconds
[2026-09-17T23:10:04.832+0000] {processor.py:161} INFO - Started process (PID=74) to work on /opt/airflow/dags/weather_pipeline.py
[2026-09-17T23:10:04.834+0000] {processor.py:830} INFO - Processing file /opt/airflow/dags/weather_pipeline.py for tasks to queue
[2026-09-17T23:10:04.836+0000] {logging_mixin.py:188} INFO - [2026-09-17T23:10:04.836+0000] {dagbag.py:545} INFO - Filling up the DagBag from /opt/airflow/dags/weather_pipeline.py
[2026-09-17T23:10:05.538+0000] {processor.py:840} INFO - DAG(s) 'weather_pipeline' retrieved from /opt/airflow/dags/weather_pipeline.py
[2026-09-17T23:10:05.709+0000] {logging_mixin.py:188} INFO - [2026-09-17T23:10:05.708+0000] {dag.py:3096} INFO - Sync 1 DAGs
[2026-09-17T23:10:05.740+0000] {logging_mixin.py:188} INFO - [2026-09-17T23:10:05.740+0000] {dag.py:3954} INFO - Setting next_dagrun for weather_pipeline to 2026-09-17 00:00:00+00:00, run_after=2026-09-18 00:00:00+00:00
[2026-09-17T23:10:05.770+0000] {processor.py:183} INFO - Processing /opt/airflow/dags/weather_pipeline.py took 0.951 seconds
[2026-09-17T23:10:36.017+0000] {processor.py:161} INFO - Started process (PID=76) to work on /opt/airflow/dags/weather_pipeline.py
[2026-09-17T23:10:36.021+0000] {processor.py:830} INFO - Processing file /opt/airflow/dags/weather_pipeline.py for tasks to queue
[2026-09-17T23:10:36.026+0000] {logging_mixin.py:188} INFO - [2026-09-17T23:10:36.025+0000] {dagbag.py:545} INFO - Filling up the DagBag from /opt/airflow/dags/weather_pipeline.py
[2026-09-17T23:10:36.649+0000] {processor.py:840} INFO - DAG(s) 'weather_pipeline' retrieved from /opt/airflow/dags/weather_pipeline.py
[2026-09-17T23:10:36.712+0000] {logging_mixin.py:188} INFO - [2026-09-17T23:10:36.711+0000] {dag.py:3096} INFO - Sync 1 DAGs
[2026-09-17T23:10:36.764+0000] {logging_mixin.py:188} INFO - [2026-09-17T23:10:36.764+0000] {dag.py:3954} INFO - Setting next_dagrun for weather_pipeline to 2026-09-17 00:00:00+00:00, run_after=2026-09-18 00:00:00+00:00
[2026-09-17T23:10:36.803+0000] {processor.py:183} INFO - Processing /opt/airflow/dags/weather_pipeline.py took 0.811 seconds
[2026-09-17T23:11:07.056+0000] {processor.py:161} INFO - Started process (PID=78) to work on /opt/airflow/dags/weather_pipeline.py
[2026-09-17T23:11:07.058+0000] {processor.py:830} INFO - Processing file /opt/airflow/dags/weather_pipeline.py for tasks to queue
[2026-09-17T23:11:07.061+0000] {logging_mixin.py:188} INFO - [2026-09-17T23:11:07.060+0000] {dagbag.py:545} INFO - Filling up the DagBag from /opt/airflow/dags/weather_pipeline.py
[2026-09-17T23:11:07.607+0000] {processor.py:840} INFO - DAG(s) 'weather_pipeline' retrieved from /opt/airflow/dags/weather_pipeline.py
[2026-09-17T23:11:07.649+0000] {logging_mixin.py:188} INFO - [2026-09-17T23:11:07.649+0000] {dag.py:3096} INFO - Sync 1 DAGs
[2026-09-17T23:11:07.680+0000] {logging_mixin.py:188} INFO - [2026-09-17T23:11:07.680+0000] {dag.py:3954} INFO - Setting next_dagrun for weather_pipeline to 2026-09-17 00:00:00+00:00, run_after=2026-09-18 00:00:00+00:00
[2026-09-17T23:11:07.708+0000] {processor.py:183} INFO - Processing /opt/airflow/dags/weather_pipeline.py took 0.661 seconds
[2026-09-17T23:11:37.870+0000] {processor.py:161} INFO - Started process (PID=80) to work on /opt/airflow/dags/weather_pipeline.py
[2026-09-17T23:11:37.874+0000] {processor.py:830} INFO - Processing file /opt/airflow/dags/weather_pipeline.py for tasks to queue
[2026-09-17T23:11:37.878+0000] {logging_mixin.py:188} INFO - [2026-09-17T23:11:37.878+0000] {dagbag.py:545} INFO - Filling up the DagBag from /opt/airflow/dags/weather_pipeline.py
[2026-09-17T23:11:38.448+0000] {logging_mixin.py:188} INFO - [2026-09-17T23:11:38.441+0000] {dagbag.py:355} ERROR - Failed to import: /opt/airflow/dags/weather_pipeline.py
Traceback (most recent call last):
  File "/home/airflow/.local/lib/python3.10/site-packages/airflow/models/dagbag.py", line 351, in parse
    loader.exec_module(new_module)
  File "<frozen importlib._bootstrap_external>", line 883, in exec_module
  File "<frozen importlib._bootstrap>", line 241, in _call_with_frames_removed
  File "/opt/airflow/dags/weather_pipeline.py", line 19, in <module>
    from scripts.script_02_transform import run_transform
  File "/opt/airflow/scripts/script_02_transform.py", line 93, in <module>
    run_transform(raw_data=raw_data)
  File "/opt/airflow/scripts/script_02_transform.py", line 90, in run_transform
    df.to_csv("data/silver/cleaned_weather_data.csv", index=False)
  File "/home/airflow/.local/lib/python3.10/site-packages/pandas/core/generic.py", line 3902, in to_csv
    return DataFrameRenderer(formatter).to_csv(
  File "/home/airflow/.local/lib/python3.10/site-packages/pandas/io/formats/format.py", line 1152, in to_csv
    csv_formatter.save()
  File "/home/airflow/.local/lib/python3.10/site-packages/pandas/io/formats/csvs.py", line 247, in save
    with get_handle(
  File "/home/airflow/.local/lib/python3.10/site-packages/pandas/io/common.py", line 863, in get_handle
    handle = open(
PermissionError: [Errno 13] Permission denied: 'data/silver/cleaned_weather_data.csv'
[2026-09-17T23:11:38.449+0000] {processor.py:842} WARNING - No viable dags retrieved from /opt/airflow/dags/weather_pipeline.py
[2026-09-17T23:11:38.484+0000] {processor.py:183} INFO - Processing /opt/airflow/dags/weather_pipeline.py took 0.632 seconds
[2026-09-17T23:12:08.761+0000] {processor.py:161} INFO - Started process (PID=82) to work on /opt/airflow/dags/weather_pipeline.py
[2026-09-17T23:12:08.763+0000] {processor.py:830} INFO - Processing file /opt/airflow/dags/weather_pipeline.py for tasks to queue
[2026-09-17T23:12:08.767+0000] {logging_mixin.py:188} INFO - [2026-09-17T23:12:08.766+0000] {dagbag.py:545} INFO - Filling up the DagBag from /opt/airflow/dags/weather_pipeline.py
[2026-09-17T23:12:09.327+0000] {logging_mixin.py:188} INFO - [2026-09-17T23:12:09.320+0000] {dagbag.py:355} ERROR - Failed to import: /opt/airflow/dags/weather_pipeline.py
Traceback (most recent call last):
  File "/home/airflow/.local/lib/python3.10/site-packages/airflow/models/dagbag.py", line 351, in parse
    loader.exec_module(new_module)
  File "<frozen importlib._bootstrap_external>", line 883, in exec_module
  File "<frozen importlib._bootstrap>", line 241, in _call_with_frames_removed
  File "/opt/airflow/dags/weather_pipeline.py", line 19, in <module>
    from scripts.script_02_transform import run_transform
  File "/opt/airflow/scripts/script_02_transform.py", line 93, in <module>
    run_transform(raw_data=raw_data)
  File "/opt/airflow/scripts/script_02_transform.py", line 90, in run_transform
    df.to_csv("data/silver/cleaned_weather_data.csv", index=False)
  File "/home/airflow/.local/lib/python3.10/site-packages/pandas/core/generic.py", line 3902, in to_csv
    return DataFrameRenderer(formatter).to_csv(
  File "/home/airflow/.local/lib/python3.10/site-packages/pandas/io/formats/format.py", line 1152, in to_csv
    csv_formatter.save()
  File "/home/airflow/.local/lib/python3.10/site-packages/pandas/io/formats/csvs.py", line 247, in save
    with get_handle(
  File "/home/airflow/.local/lib/python3.10/site-packages/pandas/io/common.py", line 863, in get_handle
    handle = open(
PermissionError: [Errno 13] Permission denied: 'data/silver/cleaned_weather_data.csv'
[2026-09-17T23:12:09.328+0000] {processor.py:842} WARNING - No viable dags retrieved from /opt/airflow/dags/weather_pipeline.py
[2026-09-17T23:12:09.368+0000] {processor.py:183} INFO - Processing /opt/airflow/dags/weather_pipeline.py took 0.628 seconds
[2026-09-17T23:12:39.556+0000] {processor.py:161} INFO - Started process (PID=84) to work on /opt/airflow/dags/weather_pipeline.py
[2026-09-17T23:12:39.557+0000] {processor.py:830} INFO - Processing file /opt/airflow/dags/weather_pipeline.py for tasks to queue
[2026-09-17T23:12:39.558+0000] {logging_mixin.py:188} INFO - [2026-09-17T23:12:39.558+0000] {dagbag.py:545} INFO - Filling up the DagBag from /opt/airflow/dags/weather_pipeline.py
[2026-09-17T23:12:40.122+0000] {logging_mixin.py:188} INFO - [2026-09-17T23:12:40.117+0000] {dagbag.py:355} ERROR - Failed to import: /opt/airflow/dags/weather_pipeline.py
Traceback (most recent call last):
  File "/home/airflow/.local/lib/python3.10/site-packages/airflow/models/dagbag.py", line 351, in parse
    loader.exec_module(new_module)
  File "<frozen importlib._bootstrap_external>", line 883, in exec_module
  File "<frozen importlib._bootstrap>", line 241, in _call_with_frames_removed
  File "/opt/airflow/dags/weather_pipeline.py", line 19, in <module>
    from scripts.script_02_transform import run_transform
  File "/opt/airflow/scripts/script_02_transform.py", line 93, in <module>
    run_transform(raw_data=raw_data)
  File "/opt/airflow/scripts/script_02_transform.py", line 90, in run_transform
    df.to_csv("data/silver/cleaned_weather_data.csv", index=False)
  File "/home/airflow/.local/lib/python3.10/site-packages/pandas/core/generic.py", line 3902, in to_csv
    return DataFrameRenderer(formatter).to_csv(
  File "/home/airflow/.local/lib/python3.10/site-packages/pandas/io/formats/format.py", line 1152, in to_csv
    csv_formatter.save()
  File "/home/airflow/.local/lib/python3.10/site-packages/pandas/io/formats/csvs.py", line 247, in save
    with get_handle(
  File "/home/airflow/.local/lib/python3.10/site-packages/pandas/io/common.py", line 863, in get_handle
    handle = open(
PermissionError: [Errno 13] Permission denied: 'data/silver/cleaned_weather_data.csv'
[2026-09-17T23:12:40.123+0000] {processor.py:842} WARNING - No viable dags retrieved from /opt/airflow/dags/weather_pipeline.py
[2026-09-17T23:12:40.155+0000] {processor.py:183} INFO - Processing /opt/airflow/dags/weather_pipeline.py took 0.607 seconds
[2026-09-17T23:13:10.425+0000] {processor.py:161} INFO - Started process (PID=86) to work on /opt/airflow/dags/weather_pipeline.py
[2026-09-17T23:13:10.428+0000] {processor.py:830} INFO - Processing file /opt/airflow/dags/weather_pipeline.py for tasks to queue
[2026-09-17T23:13:10.431+0000] {logging_mixin.py:188} INFO - [2026-09-17T23:13:10.430+0000] {dagbag.py:545} INFO - Filling up the DagBag from /opt/airflow/dags/weather_pipeline.py
[2026-09-17T23:13:10.987+0000] {logging_mixin.py:188} INFO - [2026-09-17T23:13:10.982+0000] {dagbag.py:355} ERROR - Failed to import: /opt/airflow/dags/weather_pipeline.py
Traceback (most recent call last):
  File "/home/airflow/.local/lib/python3.10/site-packages/airflow/models/dagbag.py", line 351, in parse
    loader.exec_module(new_module)
  File "<frozen importlib._bootstrap_external>", line 883, in exec_module
  File "<frozen importlib._bootstrap>", line 241, in _call_with_frames_removed
  File "/opt/airflow/dags/weather_pipeline.py", line 19, in <module>
    from scripts.script_02_transform import run_transform
  File "/opt/airflow/scripts/script_02_transform.py", line 93, in <module>
    run_transform(raw_data=raw_data)
  File "/opt/airflow/scripts/script_02_transform.py", line 90, in run_transform
    df.to_csv("data/silver/cleaned_weather_data.csv", index=False)
  File "/home/airflow/.local/lib/python3.10/site-packages/pandas/core/generic.py", line 3902, in to_csv
    return DataFrameRenderer(formatter).to_csv(
  File "/home/airflow/.local/lib/python3.10/site-packages/pandas/io/formats/format.py", line 1152, in to_csv
    csv_formatter.save()
  File "/home/airflow/.local/lib/python3.10/site-packages/pandas/io/formats/csvs.py", line 247, in save
    with get_handle(
  File "/home/airflow/.local/lib/python3.10/site-packages/pandas/io/common.py", line 863, in get_handle
    handle = open(
PermissionError: [Errno 13] Permission denied: 'data/silver/cleaned_weather_data.csv'
[2026-09-17T23:13:10.987+0000] {processor.py:842} WARNING - No viable dags retrieved from /opt/airflow/dags/weather_pipeline.py
[2026-09-17T23:13:11.024+0000] {processor.py:183} INFO - Processing /opt/airflow/dags/weather_pipeline.py took 0.624 seconds
[2026-09-17T23:13:41.299+0000] {processor.py:161} INFO - Started process (PID=88) to work on /opt/airflow/dags/weather_pipeline.py
[2026-09-17T23:13:41.302+0000] {processor.py:830} INFO - Processing file /opt/airflow/dags/weather_pipeline.py for tasks to queue
[2026-09-17T23:13:41.306+0000] {logging_mixin.py:188} INFO - [2026-09-17T23:13:41.304+0000] {dagbag.py:545} INFO - Filling up the DagBag from /opt/airflow/dags/weather_pipeline.py
[2026-09-17T23:13:41.982+0000] {logging_mixin.py:188} INFO - [2026-09-17T23:13:41.977+0000] {dagbag.py:355} ERROR - Failed to import: /opt/airflow/dags/weather_pipeline.py
Traceback (most recent call last):
  File "/home/airflow/.local/lib/python3.10/site-packages/airflow/models/dagbag.py", line 351, in parse
    loader.exec_module(new_module)
  File "<frozen importlib._bootstrap_external>", line 883, in exec_module
  File "<frozen importlib._bootstrap>", line 241, in _call_with_frames_removed
  File "/opt/airflow/dags/weather_pipeline.py", line 19, in <module>
    from scripts.script_02_transform import run_transform
  File "/opt/airflow/scripts/script_02_transform.py", line 93, in <module>
    run_transform(raw_data=raw_data)
  File "/opt/airflow/scripts/script_02_transform.py", line 90, in run_transform
    df.to_csv("data/silver/cleaned_weather_data.csv", index=False)
  File "/home/airflow/.local/lib/python3.10/site-packages/pandas/core/generic.py", line 3902, in to_csv
    return DataFrameRenderer(formatter).to_csv(
  File "/home/airflow/.local/lib/python3.10/site-packages/pandas/io/formats/format.py", line 1152, in to_csv
    csv_formatter.save()
  File "/home/airflow/.local/lib/python3.10/site-packages/pandas/io/formats/csvs.py", line 247, in save
    with get_handle(
  File "/home/airflow/.local/lib/python3.10/site-packages/pandas/io/common.py", line 863, in get_handle
    handle = open(
PermissionError: [Errno 13] Permission denied: 'data/silver/cleaned_weather_data.csv'
[2026-09-17T23:13:41.983+0000] {processor.py:842} WARNING - No viable dags retrieved from /opt/airflow/dags/weather_pipeline.py
[2026-09-17T23:13:42.016+0000] {processor.py:183} INFO - Processing /opt/airflow/dags/weather_pipeline.py took 0.744 seconds
[2026-09-17T23:14:12.219+0000] {processor.py:161} INFO - Started process (PID=90) to work on /opt/airflow/dags/weather_pipeline.py
[2026-09-17T23:14:12.222+0000] {processor.py:830} INFO - Processing file /opt/airflow/dags/weather_pipeline.py for tasks to queue
[2026-09-17T23:14:12.226+0000] {logging_mixin.py:188} INFO - [2026-09-17T23:14:12.225+0000] {dagbag.py:545} INFO - Filling up the DagBag from /opt/airflow/dags/weather_pipeline.py
[2026-09-17T23:14:12.932+0000] {logging_mixin.py:188} INFO - [2026-09-17T23:14:12.927+0000] {dagbag.py:355} ERROR - Failed to import: /opt/airflow/dags/weather_pipeline.py
Traceback (most recent call last):
  File "/home/airflow/.local/lib/python3.10/site-packages/airflow/models/dagbag.py", line 351, in parse
    loader.exec_module(new_module)
  File "<frozen importlib._bootstrap_external>", line 883, in exec_module
  File "<frozen importlib._bootstrap>", line 241, in _call_with_frames_removed
  File "/opt/airflow/dags/weather_pipeline.py", line 19, in <module>
    from scripts.script_02_transform import run_transform
  File "/opt/airflow/scripts/script_02_transform.py", line 93, in <module>
    run_transform(raw_data=raw_data)
  File "/opt/airflow/scripts/script_02_transform.py", line 90, in run_transform
    df.to_csv("data/silver/cleaned_weather_data.csv", index=False)
  File "/home/airflow/.local/lib/python3.10/site-packages/pandas/core/generic.py", line 3902, in to_csv
    return DataFrameRenderer(formatter).to_csv(
  File "/home/airflow/.local/lib/python3.10/site-packages/pandas/io/formats/format.py", line 1152, in to_csv
    csv_formatter.save()
  File "/home/airflow/.local/lib/python3.10/site-packages/pandas/io/formats/csvs.py", line 247, in save
    with get_handle(
  File "/home/airflow/.local/lib/python3.10/site-packages/pandas/io/common.py", line 863, in get_handle
    handle = open(
PermissionError: [Errno 13] Permission denied: 'data/silver/cleaned_weather_data.csv'
[2026-09-17T23:14:12.933+0000] {processor.py:842} WARNING - No viable dags retrieved from /opt/airflow/dags/weather_pipeline.py
[2026-09-17T23:14:12.967+0000] {processor.py:183} INFO - Processing /opt/airflow/dags/weather_pipeline.py took 0.773 seconds
[2026-09-17T23:14:43.254+0000] {processor.py:161} INFO - Started process (PID=92) to work on /opt/airflow/dags/weather_pipeline.py
[2026-09-17T23:14:43.256+0000] {processor.py:830} INFO - Processing file /opt/airflow/dags/weather_pipeline.py for tasks to queue
[2026-09-17T23:14:43.257+0000] {logging_mixin.py:188} INFO - [2026-09-17T23:14:43.257+0000] {dagbag.py:545} INFO - Filling up the DagBag from /opt/airflow/dags/weather_pipeline.py
[2026-09-17T23:14:43.849+0000] {logging_mixin.py:188} INFO - [2026-09-17T23:14:43.844+0000] {dagbag.py:355} ERROR - Failed to import: /opt/airflow/dags/weather_pipeline.py
Traceback (most recent call last):
  File "/home/airflow/.local/lib/python3.10/site-packages/airflow/models/dagbag.py", line 351, in parse
    loader.exec_module(new_module)
  File "<frozen importlib._bootstrap_external>", line 883, in exec_module
  File "<frozen importlib._bootstrap>", line 241, in _call_with_frames_removed
  File "/opt/airflow/dags/weather_pipeline.py", line 19, in <module>
    from scripts.script_02_transform import run_transform
  File "/opt/airflow/scripts/script_02_transform.py", line 93, in <module>
    run_transform(raw_data=raw_data)
  File "/opt/airflow/scripts/script_02_transform.py", line 90, in run_transform
    df.to_csv("data/silver/cleaned_weather_data.csv", index=False)
  File "/home/airflow/.local/lib/python3.10/site-packages/pandas/core/generic.py", line 3902, in to_csv
    return DataFrameRenderer(formatter).to_csv(
  File "/home/airflow/.local/lib/python3.10/site-packages/pandas/io/formats/format.py", line 1152, in to_csv
    csv_formatter.save()
  File "/home/airflow/.local/lib/python3.10/site-packages/pandas/io/formats/csvs.py", line 247, in save
    with get_handle(
  File "/home/airflow/.local/lib/python3.10/site-packages/pandas/io/common.py", line 863, in get_handle
    handle = open(
PermissionError: [Errno 13] Permission denied: 'data/silver/cleaned_weather_data.csv'
[2026-09-17T23:14:43.850+0000] {processor.py:842} WARNING - No viable dags retrieved from /opt/airflow/dags/weather_pipeline.py
[2026-09-17T23:14:43.887+0000] {processor.py:183} INFO - Processing /opt/airflow/dags/weather_pipeline.py took 0.647 seconds
[2026-09-17T23:15:14.161+0000] {processor.py:161} INFO - Started process (PID=94) to work on /opt/airflow/dags/weather_pipeline.py
[2026-09-17T23:15:14.165+0000] {processor.py:830} INFO - Processing file /opt/airflow/dags/weather_pipeline.py for tasks to queue
[2026-09-17T23:15:14.170+0000] {logging_mixin.py:188} INFO - [2026-09-17T23:15:14.168+0000] {dagbag.py:545} INFO - Filling up the DagBag from /opt/airflow/dags/weather_pipeline.py
[2026-09-17T23:15:14.857+0000] {logging_mixin.py:188} INFO - [2026-09-17T23:15:14.852+0000] {dagbag.py:355} ERROR - Failed to import: /opt/airflow/dags/weather_pipeline.py
Traceback (most recent call last):
  File "/home/airflow/.local/lib/python3.10/site-packages/airflow/models/dagbag.py", line 351, in parse
    loader.exec_module(new_module)
  File "<frozen importlib._bootstrap_external>", line 883, in exec_module
  File "<frozen importlib._bootstrap>", line 241, in _call_with_frames_removed
  File "/opt/airflow/dags/weather_pipeline.py", line 19, in <module>
    from scripts.script_02_transform import run_transform
  File "/opt/airflow/scripts/script_02_transform.py", line 93, in <module>
    run_transform(raw_data=raw_data)
  File "/opt/airflow/scripts/script_02_transform.py", line 90, in run_transform
    df.to_csv("data/silver/cleaned_weather_data.csv", index=False)
  File "/home/airflow/.local/lib/python3.10/site-packages/pandas/core/generic.py", line 3902, in to_csv
    return DataFrameRenderer(formatter).to_csv(
  File "/home/airflow/.local/lib/python3.10/site-packages/pandas/io/formats/format.py", line 1152, in to_csv
    csv_formatter.save()
  File "/home/airflow/.local/lib/python3.10/site-packages/pandas/io/formats/csvs.py", line 247, in save
    with get_handle(
  File "/home/airflow/.local/lib/python3.10/site-packages/pandas/io/common.py", line 863, in get_handle
    handle = open(
PermissionError: [Errno 13] Permission denied: 'data/silver/cleaned_weather_data.csv'
[2026-09-17T23:15:14.858+0000] {processor.py:842} WARNING - No viable dags retrieved from /opt/airflow/dags/weather_pipeline.py
[2026-09-17T23:15:14.892+0000] {processor.py:183} INFO - Processing /opt/airflow/dags/weather_pipeline.py took 0.751 seconds
[2026-09-17T23:15:45.153+0000] {processor.py:161} INFO - Started process (PID=96) to work on /opt/airflow/dags/weather_pipeline.py
[2026-09-17T23:15:45.156+0000] {processor.py:830} INFO - Processing file /opt/airflow/dags/weather_pipeline.py for tasks to queue
[2026-09-17T23:15:45.160+0000] {logging_mixin.py:188} INFO - [2026-09-17T23:15:45.158+0000] {dagbag.py:545} INFO - Filling up the DagBag from /opt/airflow/dags/weather_pipeline.py
[2026-09-17T23:15:45.883+0000] {logging_mixin.py:188} INFO - [2026-09-17T23:15:45.878+0000] {dagbag.py:355} ERROR - Failed to import: /opt/airflow/dags/weather_pipeline.py
Traceback (most recent call last):
  File "/home/airflow/.local/lib/python3.10/site-packages/airflow/models/dagbag.py", line 351, in parse
    loader.exec_module(new_module)
  File "<frozen importlib._bootstrap_external>", line 883, in exec_module
  File "<frozen importlib._bootstrap>", line 241, in _call_with_frames_removed
  File "/opt/airflow/dags/weather_pipeline.py", line 19, in <module>
    from scripts.script_02_transform import run_transform
  File "/opt/airflow/scripts/script_02_transform.py", line 93, in <module>
    run_transform(raw_data=raw_data)
  File "/opt/airflow/scripts/script_02_transform.py", line 90, in run_transform
    df.to_csv("data/silver/cleaned_weather_data.csv", index=False)
  File "/home/airflow/.local/lib/python3.10/site-packages/pandas/core/generic.py", line 3902, in to_csv
    return DataFrameRenderer(formatter).to_csv(
  File "/home/airflow/.local/lib/python3.10/site-packages/pandas/io/formats/format.py", line 1152, in to_csv
    csv_formatter.save()
  File "/home/airflow/.local/lib/python3.10/site-packages/pandas/io/formats/csvs.py", line 247, in save
    with get_handle(
  File "/home/airflow/.local/lib/python3.10/site-packages/pandas/io/common.py", line 863, in get_handle
    handle = open(
PermissionError: [Errno 13] Permission denied: 'data/silver/cleaned_weather_data.csv'
[2026-09-17T23:15:45.884+0000] {processor.py:842} WARNING - No viable dags retrieved from /opt/airflow/dags/weather_pipeline.py
[2026-09-17T23:15:45.919+0000] {processor.py:183} INFO - Processing /opt/airflow/dags/weather_pipeline.py took 0.787 seconds
[2026-09-17T23:16:16.145+0000] {processor.py:161} INFO - Started process (PID=98) to work on /opt/airflow/dags/weather_pipeline.py
[2026-09-17T23:16:16.147+0000] {processor.py:830} INFO - Processing file /opt/airflow/dags/weather_pipeline.py for tasks to queue
[2026-09-17T23:16:16.149+0000] {logging_mixin.py:188} INFO - [2026-09-17T23:16:16.148+0000] {dagbag.py:545} INFO - Filling up the DagBag from /opt/airflow/dags/weather_pipeline.py
[2026-09-17T23:16:16.652+0000] {logging_mixin.py:188} INFO - [2026-09-17T23:16:16.647+0000] {dagbag.py:355} ERROR - Failed to import: /opt/airflow/dags/weather_pipeline.py
Traceback (most recent call last):
  File "/home/airflow/.local/lib/python3.10/site-packages/airflow/models/dagbag.py", line 351, in parse
    loader.exec_module(new_module)
  File "<frozen importlib._bootstrap_external>", line 883, in exec_module
  File "<frozen importlib._bootstrap>", line 241, in _call_with_frames_removed
  File "/opt/airflow/dags/weather_pipeline.py", line 19, in <module>
    from scripts.script_02_transform import run_transform
  File "/opt/airflow/scripts/script_02_transform.py", line 93, in <module>
    run_transform(raw_data=raw_data)
  File "/opt/airflow/scripts/script_02_transform.py", line 90, in run_transform
    df.to_csv("data/silver/cleaned_weather_data.csv", index=False)
  File "/home/airflow/.local/lib/python3.10/site-packages/pandas/core/generic.py", line 3902, in to_csv
    return DataFrameRenderer(formatter).to_csv(
  File "/home/airflow/.local/lib/python3.10/site-packages/pandas/io/formats/format.py", line 1152, in to_csv
    csv_formatter.save()
  File "/home/airflow/.local/lib/python3.10/site-packages/pandas/io/formats/csvs.py", line 247, in save
    with get_handle(
  File "/home/airflow/.local/lib/python3.10/site-packages/pandas/io/common.py", line 863, in get_handle
    handle = open(
PermissionError: [Errno 13] Permission denied: 'data/silver/cleaned_weather_data.csv'
[2026-09-17T23:16:16.652+0000] {processor.py:842} WARNING - No viable dags retrieved from /opt/airflow/dags/weather_pipeline.py
[2026-09-17T23:16:16.685+0000] {processor.py:183} INFO - Processing /opt/airflow/dags/weather_pipeline.py took 0.548 seconds
[2026-09-17T23:16:46.962+0000] {processor.py:161} INFO - Started process (PID=100) to work on /opt/airflow/dags/weather_pipeline.py
[2026-09-17T23:16:46.966+0000] {processor.py:830} INFO - Processing file /opt/airflow/dags/weather_pipeline.py for tasks to queue
[2026-09-17T23:16:46.970+0000] {logging_mixin.py:188} INFO - [2026-09-17T23:16:46.968+0000] {dagbag.py:545} INFO - Filling up the DagBag from /opt/airflow/dags/weather_pipeline.py
[2026-09-17T23:16:47.688+0000] {logging_mixin.py:188} INFO - [2026-09-17T23:16:47.683+0000] {dagbag.py:355} ERROR - Failed to import: /opt/airflow/dags/weather_pipeline.py
Traceback (most recent call last):
  File "/home/airflow/.local/lib/python3.10/site-packages/airflow/models/dagbag.py", line 351, in parse
    loader.exec_module(new_module)
  File "<frozen importlib._bootstrap_external>", line 883, in exec_module
  File "<frozen importlib._bootstrap>", line 241, in _call_with_frames_removed
  File "/opt/airflow/dags/weather_pipeline.py", line 19, in <module>
    from scripts.script_02_transform import run_transform
  File "/opt/airflow/scripts/script_02_transform.py", line 93, in <module>
    run_transform(raw_data=raw_data)
  File "/opt/airflow/scripts/script_02_transform.py", line 90, in run_transform
    df.to_csv("data/silver/cleaned_weather_data.csv", index=False)
  File "/home/airflow/.local/lib/python3.10/site-packages/pandas/core/generic.py", line 3902, in to_csv
    return DataFrameRenderer(formatter).to_csv(
  File "/home/airflow/.local/lib/python3.10/site-packages/pandas/io/formats/format.py", line 1152, in to_csv
    csv_formatter.save()
  File "/home/airflow/.local/lib/python3.10/site-packages/pandas/io/formats/csvs.py", line 247, in save
    with get_handle(
  File "/home/airflow/.local/lib/python3.10/site-packages/pandas/io/common.py", line 863, in get_handle
    handle = open(
PermissionError: [Errno 13] Permission denied: 'data/silver/cleaned_weather_data.csv'
[2026-09-17T23:16:47.689+0000] {processor.py:842} WARNING - No viable dags retrieved from /opt/airflow/dags/weather_pipeline.py
[2026-09-17T23:16:47.724+0000] {processor.py:183} INFO - Processing /opt/airflow/dags/weather_pipeline.py took 0.787 seconds
[2026-09-17T23:17:17.977+0000] {processor.py:161} INFO - Started process (PID=102) to work on /opt/airflow/dags/weather_pipeline.py
[2026-09-17T23:17:17.980+0000] {processor.py:830} INFO - Processing file /opt/airflow/dags/weather_pipeline.py for tasks to queue
[2026-09-17T23:17:17.983+0000] {logging_mixin.py:188} INFO - [2026-09-17T23:17:17.982+0000] {dagbag.py:545} INFO - Filling up the DagBag from /opt/airflow/dags/weather_pipeline.py
[2026-09-17T23:17:18.570+0000] {logging_mixin.py:188} INFO - [2026-09-17T23:17:18.565+0000] {dagbag.py:355} ERROR - Failed to import: /opt/airflow/dags/weather_pipeline.py
Traceback (most recent call last):
  File "/home/airflow/.local/lib/python3.10/site-packages/airflow/models/dagbag.py", line 351, in parse
    loader.exec_module(new_module)
  File "<frozen importlib._bootstrap_external>", line 883, in exec_module
  File "<frozen importlib._bootstrap>", line 241, in _call_with_frames_removed
  File "/opt/airflow/dags/weather_pipeline.py", line 19, in <module>
    from scripts.script_02_transform import run_transform
  File "/opt/airflow/scripts/script_02_transform.py", line 93, in <module>
    run_transform(raw_data=raw_data)
  File "/opt/airflow/scripts/script_02_transform.py", line 90, in run_transform
    df.to_csv("data/silver/cleaned_weather_data.csv", index=False)
  File "/home/airflow/.local/lib/python3.10/site-packages/pandas/core/generic.py", line 3902, in to_csv
    return DataFrameRenderer(formatter).to_csv(
  File "/home/airflow/.local/lib/python3.10/site-packages/pandas/io/formats/format.py", line 1152, in to_csv
    csv_formatter.save()
  File "/home/airflow/.local/lib/python3.10/site-packages/pandas/io/formats/csvs.py", line 247, in save
    with get_handle(
  File "/home/airflow/.local/lib/python3.10/site-packages/pandas/io/common.py", line 863, in get_handle
    handle = open(
PermissionError: [Errno 13] Permission denied: 'data/silver/cleaned_weather_data.csv'
[2026-09-17T23:17:18.571+0000] {processor.py:842} WARNING - No viable dags retrieved from /opt/airflow/dags/weather_pipeline.py
[2026-09-17T23:17:18.604+0000] {processor.py:183} INFO - Processing /opt/airflow/dags/weather_pipeline.py took 0.646 seconds
[2026-09-17T23:17:48.792+0000] {processor.py:161} INFO - Started process (PID=104) to work on /opt/airflow/dags/weather_pipeline.py
[2026-09-17T23:17:48.794+0000] {processor.py:830} INFO - Processing file /opt/airflow/dags/weather_pipeline.py for tasks to queue
[2026-09-17T23:17:48.797+0000] {logging_mixin.py:188} INFO - [2026-09-17T23:17:48.796+0000] {dagbag.py:545} INFO - Filling up the DagBag from /opt/airflow/dags/weather_pipeline.py
[2026-09-17T23:17:49.423+0000] {logging_mixin.py:188} INFO - [2026-09-17T23:17:49.418+0000] {dagbag.py:355} ERROR - Failed to import: /opt/airflow/dags/weather_pipeline.py
Traceback (most recent call last):
  File "/home/airflow/.local/lib/python3.10/site-packages/airflow/models/dagbag.py", line 351, in parse
    loader.exec_module(new_module)
  File "<frozen importlib._bootstrap_external>", line 883, in exec_module
  File "<frozen importlib._bootstrap>", line 241, in _call_with_frames_removed
  File "/opt/airflow/dags/weather_pipeline.py", line 19, in <module>
    from scripts.script_02_transform import run_transform
  File "/opt/airflow/scripts/script_02_transform.py", line 93, in <module>
    run_transform(raw_data=raw_data)
  File "/opt/airflow/scripts/script_02_transform.py", line 90, in run_transform
    df.to_csv("data/silver/cleaned_weather_data.csv", index=False)
  File "/home/airflow/.local/lib/python3.10/site-packages/pandas/core/generic.py", line 3902, in to_csv
    return DataFrameRenderer(formatter).to_csv(
  File "/home/airflow/.local/lib/python3.10/site-packages/pandas/io/formats/format.py", line 1152, in to_csv
    csv_formatter.save()
  File "/home/airflow/.local/lib/python3.10/site-packages/pandas/io/formats/csvs.py", line 247, in save
    with get_handle(
  File "/home/airflow/.local/lib/python3.10/site-packages/pandas/io/common.py", line 863, in get_handle
    handle = open(
PermissionError: [Errno 13] Permission denied: 'data/silver/cleaned_weather_data.csv'
[2026-09-17T23:17:49.425+0000] {processor.py:842} WARNING - No viable dags retrieved from /opt/airflow/dags/weather_pipeline.py
[2026-09-17T23:17:49.460+0000] {processor.py:183} INFO - Processing /opt/airflow/dags/weather_pipeline.py took 0.687 seconds
[2026-09-17T23:18:19.721+0000] {processor.py:161} INFO - Started process (PID=106) to work on /opt/airflow/dags/weather_pipeline.py
[2026-09-17T23:18:19.725+0000] {processor.py:830} INFO - Processing file /opt/airflow/dags/weather_pipeline.py for tasks to queue
[2026-09-17T23:18:19.728+0000] {logging_mixin.py:188} INFO - [2026-09-17T23:18:19.727+0000] {dagbag.py:545} INFO - Filling up the DagBag from /opt/airflow/dags/weather_pipeline.py
[2026-09-17T23:18:20.327+0000] {logging_mixin.py:188} INFO - [2026-09-17T23:18:20.322+0000] {dagbag.py:355} ERROR - Failed to import: /opt/airflow/dags/weather_pipeline.py
Traceback (most recent call last):
  File "/home/airflow/.local/lib/python3.10/site-packages/airflow/models/dagbag.py", line 351, in parse
    loader.exec_module(new_module)
  File "<frozen importlib._bootstrap_external>", line 883, in exec_module
  File "<frozen importlib._bootstrap>", line 241, in _call_with_frames_removed
  File "/opt/airflow/dags/weather_pipeline.py", line 19, in <module>
    from scripts.script_02_transform import run_transform
  File "/opt/airflow/scripts/script_02_transform.py", line 93, in <module>
    run_transform(raw_data=raw_data)
  File "/opt/airflow/scripts/script_02_transform.py", line 90, in run_transform
    df.to_csv("data/silver/cleaned_weather_data.csv", index=False)
  File "/home/airflow/.local/lib/python3.10/site-packages/pandas/core/generic.py", line 3902, in to_csv
    return DataFrameRenderer(formatter).to_csv(
  File "/home/airflow/.local/lib/python3.10/site-packages/pandas/io/formats/format.py", line 1152, in to_csv
    csv_formatter.save()
  File "/home/airflow/.local/lib/python3.10/site-packages/pandas/io/formats/csvs.py", line 247, in save
    with get_handle(
  File "/home/airflow/.local/lib/python3.10/site-packages/pandas/io/common.py", line 863, in get_handle
    handle = open(
PermissionError: [Errno 13] Permission denied: 'data/silver/cleaned_weather_data.csv'
[2026-09-17T23:18:20.327+0000] {processor.py:842} WARNING - No viable dags retrieved from /opt/airflow/dags/weather_pipeline.py
[2026-09-17T23:18:20.361+0000] {processor.py:183} INFO - Processing /opt/airflow/dags/weather_pipeline.py took 0.659 seconds
[2026-09-17T23:18:50.635+0000] {processor.py:161} INFO - Started process (PID=108) to work on /opt/airflow/dags/weather_pipeline.py
[2026-09-17T23:18:50.639+0000] {processor.py:830} INFO - Processing file /opt/airflow/dags/weather_pipeline.py for tasks to queue
[2026-09-17T23:18:50.642+0000] {logging_mixin.py:188} INFO - [2026-09-17T23:18:50.641+0000] {dagbag.py:545} INFO - Filling up the DagBag from /opt/airflow/dags/weather_pipeline.py
[2026-09-17T23:18:51.380+0000] {logging_mixin.py:188} INFO - [2026-09-17T23:18:51.375+0000] {dagbag.py:355} ERROR - Failed to import: /opt/airflow/dags/weather_pipeline.py
Traceback (most recent call last):
  File "/home/airflow/.local/lib/python3.10/site-packages/airflow/models/dagbag.py", line 351, in parse
    loader.exec_module(new_module)
  File "<frozen importlib._bootstrap_external>", line 883, in exec_module
  File "<frozen importlib._bootstrap>", line 241, in _call_with_frames_removed
  File "/opt/airflow/dags/weather_pipeline.py", line 19, in <module>
    from scripts.script_02_transform import run_transform
  File "/opt/airflow/scripts/script_02_transform.py", line 93, in <module>
    run_transform(raw_data=raw_data)
  File "/opt/airflow/scripts/script_02_transform.py", line 90, in run_transform
    df.to_csv("data/silver/cleaned_weather_data.csv", index=False)
  File "/home/airflow/.local/lib/python3.10/site-packages/pandas/core/generic.py", line 3902, in to_csv
    return DataFrameRenderer(formatter).to_csv(
  File "/home/airflow/.local/lib/python3.10/site-packages/pandas/io/formats/format.py", line 1152, in to_csv
    csv_formatter.save()
  File "/home/airflow/.local/lib/python3.10/site-packages/pandas/io/formats/csvs.py", line 247, in save
    with get_handle(
  File "/home/airflow/.local/lib/python3.10/site-packages/pandas/io/common.py", line 863, in get_handle
    handle = open(
PermissionError: [Errno 13] Permission denied: 'data/silver/cleaned_weather_data.csv'
[2026-09-17T23:18:51.380+0000] {processor.py:842} WARNING - No viable dags retrieved from /opt/airflow/dags/weather_pipeline.py
[2026-09-17T23:18:51.413+0000] {processor.py:183} INFO - Processing /opt/airflow/dags/weather_pipeline.py took 0.800 seconds
[2026-09-17T23:19:21.499+0000] {processor.py:161} INFO - Started process (PID=110) to work on /opt/airflow/dags/weather_pipeline.py
[2026-09-17T23:19:21.502+0000] {processor.py:830} INFO - Processing file /opt/airflow/dags/weather_pipeline.py for tasks to queue
[2026-09-17T23:19:21.505+0000] {logging_mixin.py:188} INFO - [2026-09-17T23:19:21.504+0000] {dagbag.py:545} INFO - Filling up the DagBag from /opt/airflow/dags/weather_pipeline.py
[2026-09-17T23:19:22.058+0000] {logging_mixin.py:188} INFO - [2026-09-17T23:19:22.054+0000] {dagbag.py:355} ERROR - Failed to import: /opt/airflow/dags/weather_pipeline.py
Traceback (most recent call last):
  File "/home/airflow/.local/lib/python3.10/site-packages/airflow/models/dagbag.py", line 351, in parse
    loader.exec_module(new_module)
  File "<frozen importlib._bootstrap_external>", line 883, in exec_module
  File "<frozen importlib._bootstrap>", line 241, in _call_with_frames_removed
  File "/opt/airflow/dags/weather_pipeline.py", line 19, in <module>
    from scripts.script_02_transform import run_transform
  File "/opt/airflow/scripts/script_02_transform.py", line 93, in <module>
    run_transform(raw_data=raw_data)
  File "/opt/airflow/scripts/script_02_transform.py", line 90, in run_transform
    df.to_csv("data/silver/cleaned_weather_data.csv", index=False)
  File "/home/airflow/.local/lib/python3.10/site-packages/pandas/core/generic.py", line 3902, in to_csv
    return DataFrameRenderer(formatter).to_csv(
  File "/home/airflow/.local/lib/python3.10/site-packages/pandas/io/formats/format.py", line 1152, in to_csv
    csv_formatter.save()
  File "/home/airflow/.local/lib/python3.10/site-packages/pandas/io/formats/csvs.py", line 247, in save
    with get_handle(
  File "/home/airflow/.local/lib/python3.10/site-packages/pandas/io/common.py", line 863, in get_handle
    handle = open(
PermissionError: [Errno 13] Permission denied: 'data/silver/cleaned_weather_data.csv'
[2026-09-17T23:19:22.059+0000] {processor.py:842} WARNING - No viable dags retrieved from /opt/airflow/dags/weather_pipeline.py
[2026-09-17T23:19:22.092+0000] {processor.py:183} INFO - Processing /opt/airflow/dags/weather_pipeline.py took 0.617 seconds
[2026-09-17T23:19:52.381+0000] {processor.py:161} INFO - Started process (PID=112) to work on /opt/airflow/dags/weather_pipeline.py
[2026-09-17T23:19:52.385+0000] {processor.py:830} INFO - Processing file /opt/airflow/dags/weather_pipeline.py for tasks to queue
[2026-09-17T23:19:52.388+0000] {logging_mixin.py:188} INFO - [2026-09-17T23:19:52.386+0000] {dagbag.py:545} INFO - Filling up the DagBag from /opt/airflow/dags/weather_pipeline.py
[2026-09-17T23:19:52.970+0000] {logging_mixin.py:188} INFO - [2026-09-17T23:19:52.965+0000] {dagbag.py:355} ERROR - Failed to import: /opt/airflow/dags/weather_pipeline.py
Traceback (most recent call last):
  File "/home/airflow/.local/lib/python3.10/site-packages/airflow/models/dagbag.py", line 351, in parse
    loader.exec_module(new_module)
  File "<frozen importlib._bootstrap_external>", line 883, in exec_module
  File "<frozen importlib._bootstrap>", line 241, in _call_with_frames_removed
  File "/opt/airflow/dags/weather_pipeline.py", line 19, in <module>
    from scripts.script_02_transform import run_transform
  File "/opt/airflow/scripts/script_02_transform.py", line 93, in <module>
    run_transform(raw_data=raw_data)
  File "/opt/airflow/scripts/script_02_transform.py", line 90, in run_transform
    df.to_csv("data/silver/cleaned_weather_data.csv", index=False)
  File "/home/airflow/.local/lib/python3.10/site-packages/pandas/core/generic.py", line 3902, in to_csv
    return DataFrameRenderer(formatter).to_csv(
  File "/home/airflow/.local/lib/python3.10/site-packages/pandas/io/formats/format.py", line 1152, in to_csv
    csv_formatter.save()
  File "/home/airflow/.local/lib/python3.10/site-packages/pandas/io/formats/csvs.py", line 247, in save
    with get_handle(
  File "/home/airflow/.local/lib/python3.10/site-packages/pandas/io/common.py", line 863, in get_handle
    handle = open(
PermissionError: [Errno 13] Permission denied: 'data/silver/cleaned_weather_data.csv'
[2026-09-17T23:19:52.970+0000] {processor.py:842} WARNING - No viable dags retrieved from /opt/airflow/dags/weather_pipeline.py
[2026-09-17T23:19:53.006+0000] {processor.py:183} INFO - Processing /opt/airflow/dags/weather_pipeline.py took 0.649 seconds
[2026-09-17T23:21:00.246+0000] {processor.py:161} INFO - Started process (PID=54) to work on /opt/airflow/dags/weather_pipeline.py
[2026-09-17T23:21:00.248+0000] {processor.py:830} INFO - Processing file /opt/airflow/dags/weather_pipeline.py for tasks to queue
[2026-09-17T23:21:00.250+0000] {logging_mixin.py:188} INFO - [2026-09-17T23:21:00.250+0000] {dagbag.py:545} INFO - Filling up the DagBag from /opt/airflow/dags/weather_pipeline.py
[2026-09-17T23:21:00.749+0000] {logging_mixin.py:188} INFO - [2026-09-17T23:21:00.744+0000] {dagbag.py:355} ERROR - Failed to import: /opt/airflow/dags/weather_pipeline.py
Traceback (most recent call last):
  File "/home/airflow/.local/lib/python3.10/site-packages/airflow/models/dagbag.py", line 351, in parse
    loader.exec_module(new_module)
  File "<frozen importlib._bootstrap_external>", line 883, in exec_module
  File "<frozen importlib._bootstrap>", line 241, in _call_with_frames_removed
  File "/opt/airflow/dags/weather_pipeline.py", line 19, in <module>
    from scripts.script_02_transform import run_transform
  File "/opt/airflow/scripts/script_02_transform.py", line 93, in <module>
    run_transform(raw_data=raw_data)
  File "/opt/airflow/scripts/script_02_transform.py", line 90, in run_transform
    df.to_csv("data/silver/cleaned_weather_data.csv", index=False)
  File "/home/airflow/.local/lib/python3.10/site-packages/pandas/core/generic.py", line 3902, in to_csv
    return DataFrameRenderer(formatter).to_csv(
  File "/home/airflow/.local/lib/python3.10/site-packages/pandas/io/formats/format.py", line 1152, in to_csv
    csv_formatter.save()
  File "/home/airflow/.local/lib/python3.10/site-packages/pandas/io/formats/csvs.py", line 247, in save
    with get_handle(
  File "/home/airflow/.local/lib/python3.10/site-packages/pandas/io/common.py", line 863, in get_handle
    handle = open(
PermissionError: [Errno 13] Permission denied: 'data/silver/cleaned_weather_data.csv'
[2026-09-17T23:21:00.749+0000] {processor.py:842} WARNING - No viable dags retrieved from /opt/airflow/dags/weather_pipeline.py
[2026-09-17T23:21:00.782+0000] {processor.py:183} INFO - Processing /opt/airflow/dags/weather_pipeline.py took 0.546 seconds
[2026-09-17T23:21:30.973+0000] {processor.py:161} INFO - Started process (PID=75) to work on /opt/airflow/dags/weather_pipeline.py
[2026-09-17T23:21:30.977+0000] {processor.py:830} INFO - Processing file /opt/airflow/dags/weather_pipeline.py for tasks to queue
[2026-09-17T23:21:30.982+0000] {logging_mixin.py:188} INFO - [2026-09-17T23:21:30.981+0000] {dagbag.py:545} INFO - Filling up the DagBag from /opt/airflow/dags/weather_pipeline.py
[2026-09-17T23:21:31.530+0000] {logging_mixin.py:188} INFO - [2026-09-17T23:21:31.526+0000] {dagbag.py:355} ERROR - Failed to import: /opt/airflow/dags/weather_pipeline.py
Traceback (most recent call last):
  File "/home/airflow/.local/lib/python3.10/site-packages/airflow/models/dagbag.py", line 351, in parse
    loader.exec_module(new_module)
  File "<frozen importlib._bootstrap_external>", line 883, in exec_module
  File "<frozen importlib._bootstrap>", line 241, in _call_with_frames_removed
  File "/opt/airflow/dags/weather_pipeline.py", line 19, in <module>
    from scripts.script_02_transform import run_transform
  File "/opt/airflow/scripts/script_02_transform.py", line 93, in <module>
    run_transform(raw_data=raw_data)
  File "/opt/airflow/scripts/script_02_transform.py", line 90, in run_transform
    df.to_csv("data/silver/cleaned_weather_data.csv", index=False)
  File "/home/airflow/.local/lib/python3.10/site-packages/pandas/core/generic.py", line 3902, in to_csv
    return DataFrameRenderer(formatter).to_csv(
  File "/home/airflow/.local/lib/python3.10/site-packages/pandas/io/formats/format.py", line 1152, in to_csv
    csv_formatter.save()
  File "/home/airflow/.local/lib/python3.10/site-packages/pandas/io/formats/csvs.py", line 247, in save
    with get_handle(
  File "/home/airflow/.local/lib/python3.10/site-packages/pandas/io/common.py", line 863, in get_handle
    handle = open(
PermissionError: [Errno 13] Permission denied: 'data/silver/cleaned_weather_data.csv'
[2026-09-17T23:21:31.531+0000] {processor.py:842} WARNING - No viable dags retrieved from /opt/airflow/dags/weather_pipeline.py
[2026-09-17T23:21:31.565+0000] {processor.py:183} INFO - Processing /opt/airflow/dags/weather_pipeline.py took 0.619 seconds
[2026-09-17T23:22:01.674+0000] {processor.py:161} INFO - Started process (PID=77) to work on /opt/airflow/dags/weather_pipeline.py
[2026-09-17T23:22:01.678+0000] {processor.py:830} INFO - Processing file /opt/airflow/dags/weather_pipeline.py for tasks to queue
[2026-09-17T23:22:01.682+0000] {logging_mixin.py:188} INFO - [2026-09-17T23:22:01.682+0000] {dagbag.py:545} INFO - Filling up the DagBag from /opt/airflow/dags/weather_pipeline.py
[2026-09-17T23:22:02.225+0000] {logging_mixin.py:188} INFO - [2026-09-17T23:22:02.221+0000] {dagbag.py:355} ERROR - Failed to import: /opt/airflow/dags/weather_pipeline.py
Traceback (most recent call last):
  File "/home/airflow/.local/lib/python3.10/site-packages/airflow/models/dagbag.py", line 351, in parse
    loader.exec_module(new_module)
  File "<frozen importlib._bootstrap_external>", line 883, in exec_module
  File "<frozen importlib._bootstrap>", line 241, in _call_with_frames_removed
  File "/opt/airflow/dags/weather_pipeline.py", line 19, in <module>
    from scripts.script_02_transform import run_transform
  File "/opt/airflow/scripts/script_02_transform.py", line 93, in <module>
    run_transform(raw_data=raw_data)
  File "/opt/airflow/scripts/script_02_transform.py", line 90, in run_transform
    df.to_csv("data/silver/cleaned_weather_data.csv", index=False)
  File "/home/airflow/.local/lib/python3.10/site-packages/pandas/core/generic.py", line 3902, in to_csv
    return DataFrameRenderer(formatter).to_csv(
  File "/home/airflow/.local/lib/python3.10/site-packages/pandas/io/formats/format.py", line 1152, in to_csv
    csv_formatter.save()
  File "/home/airflow/.local/lib/python3.10/site-packages/pandas/io/formats/csvs.py", line 247, in save
    with get_handle(
  File "/home/airflow/.local/lib/python3.10/site-packages/pandas/io/common.py", line 863, in get_handle
    handle = open(
PermissionError: [Errno 13] Permission denied: 'data/silver/cleaned_weather_data.csv'
[2026-09-17T23:22:02.226+0000] {processor.py:842} WARNING - No viable dags retrieved from /opt/airflow/dags/weather_pipeline.py
[2026-09-17T23:22:02.258+0000] {processor.py:183} INFO - Processing /opt/airflow/dags/weather_pipeline.py took 0.603 seconds
[2026-09-17T23:22:32.477+0000] {processor.py:161} INFO - Started process (PID=80) to work on /opt/airflow/dags/weather_pipeline.py
[2026-09-17T23:22:32.479+0000] {processor.py:830} INFO - Processing file /opt/airflow/dags/weather_pipeline.py for tasks to queue
[2026-09-17T23:22:32.484+0000] {logging_mixin.py:188} INFO - [2026-09-17T23:22:32.483+0000] {dagbag.py:545} INFO - Filling up the DagBag from /opt/airflow/dags/weather_pipeline.py
[2026-09-17T23:22:33.358+0000] {logging_mixin.py:188} INFO - [2026-09-17T23:22:33.352+0000] {dagbag.py:355} ERROR - Failed to import: /opt/airflow/dags/weather_pipeline.py
Traceback (most recent call last):
  File "/home/airflow/.local/lib/python3.10/site-packages/airflow/models/dagbag.py", line 351, in parse
    loader.exec_module(new_module)
  File "<frozen importlib._bootstrap_external>", line 883, in exec_module
  File "<frozen importlib._bootstrap>", line 241, in _call_with_frames_removed
  File "/opt/airflow/dags/weather_pipeline.py", line 19, in <module>
    from scripts.script_02_transform import run_transform
  File "/opt/airflow/scripts/script_02_transform.py", line 93, in <module>
    run_transform(raw_data=raw_data)
  File "/opt/airflow/scripts/script_02_transform.py", line 90, in run_transform
    df.to_csv("data/silver/cleaned_weather_data.csv", index=False)
  File "/home/airflow/.local/lib/python3.10/site-packages/pandas/core/generic.py", line 3902, in to_csv
    return DataFrameRenderer(formatter).to_csv(
  File "/home/airflow/.local/lib/python3.10/site-packages/pandas/io/formats/format.py", line 1152, in to_csv
    csv_formatter.save()
  File "/home/airflow/.local/lib/python3.10/site-packages/pandas/io/formats/csvs.py", line 247, in save
    with get_handle(
  File "/home/airflow/.local/lib/python3.10/site-packages/pandas/io/common.py", line 863, in get_handle
    handle = open(
PermissionError: [Errno 13] Permission denied: 'data/silver/cleaned_weather_data.csv'
[2026-09-17T23:22:33.359+0000] {processor.py:842} WARNING - No viable dags retrieved from /opt/airflow/dags/weather_pipeline.py
[2026-09-17T23:22:33.396+0000] {processor.py:183} INFO - Processing /opt/airflow/dags/weather_pipeline.py took 0.938 seconds
[2026-09-17T23:23:03.653+0000] {processor.py:161} INFO - Started process (PID=82) to work on /opt/airflow/dags/weather_pipeline.py
[2026-09-17T23:23:03.657+0000] {processor.py:830} INFO - Processing file /opt/airflow/dags/weather_pipeline.py for tasks to queue
[2026-09-17T23:23:03.661+0000] {logging_mixin.py:188} INFO - [2026-09-17T23:23:03.660+0000] {dagbag.py:545} INFO - Filling up the DagBag from /opt/airflow/dags/weather_pipeline.py
[2026-09-17T23:23:04.236+0000] {logging_mixin.py:188} INFO - [2026-09-17T23:23:04.231+0000] {dagbag.py:355} ERROR - Failed to import: /opt/airflow/dags/weather_pipeline.py
Traceback (most recent call last):
  File "/home/airflow/.local/lib/python3.10/site-packages/airflow/models/dagbag.py", line 351, in parse
    loader.exec_module(new_module)
  File "<frozen importlib._bootstrap_external>", line 883, in exec_module
  File "<frozen importlib._bootstrap>", line 241, in _call_with_frames_removed
  File "/opt/airflow/dags/weather_pipeline.py", line 19, in <module>
    from scripts.script_02_transform import run_transform
  File "/opt/airflow/scripts/script_02_transform.py", line 93, in <module>
    run_transform(raw_data=raw_data)
  File "/opt/airflow/scripts/script_02_transform.py", line 90, in run_transform
    df.to_csv("data/silver/cleaned_weather_data.csv", index=False)
  File "/home/airflow/.local/lib/python3.10/site-packages/pandas/core/generic.py", line 3902, in to_csv
    return DataFrameRenderer(formatter).to_csv(
  File "/home/airflow/.local/lib/python3.10/site-packages/pandas/io/formats/format.py", line 1152, in to_csv
    csv_formatter.save()
  File "/home/airflow/.local/lib/python3.10/site-packages/pandas/io/formats/csvs.py", line 247, in save
    with get_handle(
  File "/home/airflow/.local/lib/python3.10/site-packages/pandas/io/common.py", line 863, in get_handle
    handle = open(
PermissionError: [Errno 13] Permission denied: 'data/silver/cleaned_weather_data.csv'
[2026-09-17T23:23:04.237+0000] {processor.py:842} WARNING - No viable dags retrieved from /opt/airflow/dags/weather_pipeline.py
[2026-09-17T23:23:04.269+0000] {processor.py:183} INFO - Processing /opt/airflow/dags/weather_pipeline.py took 0.638 seconds
[2026-09-17T23:23:34.451+0000] {processor.py:161} INFO - Started process (PID=84) to work on /opt/airflow/dags/weather_pipeline.py
[2026-09-17T23:23:34.453+0000] {processor.py:830} INFO - Processing file /opt/airflow/dags/weather_pipeline.py for tasks to queue
[2026-09-17T23:23:34.458+0000] {logging_mixin.py:188} INFO - [2026-09-17T23:23:34.457+0000] {dagbag.py:545} INFO - Filling up the DagBag from /opt/airflow/dags/weather_pipeline.py
[2026-09-17T23:23:34.989+0000] {logging_mixin.py:188} INFO - [2026-09-17T23:23:34.984+0000] {dagbag.py:355} ERROR - Failed to import: /opt/airflow/dags/weather_pipeline.py
Traceback (most recent call last):
  File "/home/airflow/.local/lib/python3.10/site-packages/airflow/models/dagbag.py", line 351, in parse
    loader.exec_module(new_module)
  File "<frozen importlib._bootstrap_external>", line 883, in exec_module
  File "<frozen importlib._bootstrap>", line 241, in _call_with_frames_removed
  File "/opt/airflow/dags/weather_pipeline.py", line 19, in <module>
    from scripts.script_02_transform import run_transform
  File "/opt/airflow/scripts/script_02_transform.py", line 93, in <module>
    run_transform(raw_data=raw_data)
  File "/opt/airflow/scripts/script_02_transform.py", line 90, in run_transform
    df.to_csv("data/silver/cleaned_weather_data.csv", index=False)
  File "/home/airflow/.local/lib/python3.10/site-packages/pandas/core/generic.py", line 3902, in to_csv
    return DataFrameRenderer(formatter).to_csv(
  File "/home/airflow/.local/lib/python3.10/site-packages/pandas/io/formats/format.py", line 1152, in to_csv
    csv_formatter.save()
  File "/home/airflow/.local/lib/python3.10/site-packages/pandas/io/formats/csvs.py", line 247, in save
    with get_handle(
  File "/home/airflow/.local/lib/python3.10/site-packages/pandas/io/common.py", line 863, in get_handle
    handle = open(
PermissionError: [Errno 13] Permission denied: 'data/silver/cleaned_weather_data.csv'
[2026-09-17T23:23:34.990+0000] {processor.py:842} WARNING - No viable dags retrieved from /opt/airflow/dags/weather_pipeline.py
[2026-09-17T23:23:35.024+0000] {processor.py:183} INFO - Processing /opt/airflow/dags/weather_pipeline.py took 0.594 seconds
[2026-09-17T23:24:05.307+0000] {processor.py:161} INFO - Started process (PID=86) to work on /opt/airflow/dags/weather_pipeline.py
[2026-09-17T23:24:05.311+0000] {processor.py:830} INFO - Processing file /opt/airflow/dags/weather_pipeline.py for tasks to queue
[2026-09-17T23:24:05.317+0000] {logging_mixin.py:188} INFO - [2026-09-17T23:24:05.316+0000] {dagbag.py:545} INFO - Filling up the DagBag from /opt/airflow/dags/weather_pipeline.py
[2026-09-17T23:24:06.014+0000] {logging_mixin.py:188} INFO - [2026-09-17T23:24:06.008+0000] {dagbag.py:355} ERROR - Failed to import: /opt/airflow/dags/weather_pipeline.py
Traceback (most recent call last):
  File "/home/airflow/.local/lib/python3.10/site-packages/airflow/models/dagbag.py", line 351, in parse
    loader.exec_module(new_module)
  File "<frozen importlib._bootstrap_external>", line 883, in exec_module
  File "<frozen importlib._bootstrap>", line 241, in _call_with_frames_removed
  File "/opt/airflow/dags/weather_pipeline.py", line 19, in <module>
    from scripts.script_02_transform import run_transform
  File "/opt/airflow/scripts/script_02_transform.py", line 93, in <module>
    run_transform(raw_data=raw_data)
  File "/opt/airflow/scripts/script_02_transform.py", line 90, in run_transform
    df.to_csv("data/silver/cleaned_weather_data.csv", index=False)
  File "/home/airflow/.local/lib/python3.10/site-packages/pandas/core/generic.py", line 3902, in to_csv
    return DataFrameRenderer(formatter).to_csv(
  File "/home/airflow/.local/lib/python3.10/site-packages/pandas/io/formats/format.py", line 1152, in to_csv
    csv_formatter.save()
  File "/home/airflow/.local/lib/python3.10/site-packages/pandas/io/formats/csvs.py", line 247, in save
    with get_handle(
  File "/home/airflow/.local/lib/python3.10/site-packages/pandas/io/common.py", line 863, in get_handle
    handle = open(
PermissionError: [Errno 13] Permission denied: 'data/silver/cleaned_weather_data.csv'
[2026-09-17T23:24:06.015+0000] {processor.py:842} WARNING - No viable dags retrieved from /opt/airflow/dags/weather_pipeline.py
[2026-09-17T23:24:06.053+0000] {processor.py:183} INFO - Processing /opt/airflow/dags/weather_pipeline.py took 0.769 seconds
[2026-09-17T23:24:36.318+0000] {processor.py:161} INFO - Started process (PID=88) to work on /opt/airflow/dags/weather_pipeline.py
[2026-09-17T23:24:36.321+0000] {processor.py:830} INFO - Processing file /opt/airflow/dags/weather_pipeline.py for tasks to queue
[2026-09-17T23:24:36.328+0000] {logging_mixin.py:188} INFO - [2026-09-17T23:24:36.327+0000] {dagbag.py:545} INFO - Filling up the DagBag from /opt/airflow/dags/weather_pipeline.py
[2026-09-17T23:24:36.927+0000] {logging_mixin.py:188} INFO - [2026-09-17T23:24:36.925+0000] {dagbag.py:355} ERROR - Failed to import: /opt/airflow/dags/weather_pipeline.py
Traceback (most recent call last):
  File "/home/airflow/.local/lib/python3.10/site-packages/airflow/models/dagbag.py", line 351, in parse
    loader.exec_module(new_module)
  File "<frozen importlib._bootstrap_external>", line 883, in exec_module
  File "<frozen importlib._bootstrap>", line 241, in _call_with_frames_removed
  File "/opt/airflow/dags/weather_pipeline.py", line 19, in <module>
    from scripts.script_02_transform import run_transform
  File "/opt/airflow/scripts/script_02_transform.py", line 93, in <module>
    run_transform(raw_data=raw_data)
NameError: name 'raw_data' is not defined
[2026-09-17T23:24:36.927+0000] {processor.py:842} WARNING - No viable dags retrieved from /opt/airflow/dags/weather_pipeline.py
[2026-09-17T23:24:36.973+0000] {processor.py:183} INFO - Processing /opt/airflow/dags/weather_pipeline.py took 0.683 seconds
[2026-09-17T23:25:07.171+0000] {processor.py:161} INFO - Started process (PID=90) to work on /opt/airflow/dags/weather_pipeline.py
[2026-09-17T23:25:07.175+0000] {processor.py:830} INFO - Processing file /opt/airflow/dags/weather_pipeline.py for tasks to queue
[2026-09-17T23:25:07.183+0000] {logging_mixin.py:188} INFO - [2026-09-17T23:25:07.181+0000] {dagbag.py:545} INFO - Filling up the DagBag from /opt/airflow/dags/weather_pipeline.py
[2026-09-17T23:25:07.818+0000] {logging_mixin.py:188} INFO - Data transformed successfully!
[2026-09-17T23:25:07.841+0000] {processor.py:840} INFO - DAG(s) 'weather_pipeline' retrieved from /opt/airflow/dags/weather_pipeline.py
[2026-09-17T23:25:08.078+0000] {logging_mixin.py:188} INFO - [2026-09-17T23:25:08.077+0000] {dag.py:3096} INFO - Sync 1 DAGs
[2026-09-17T23:25:08.113+0000] {logging_mixin.py:188} INFO - [2026-09-17T23:25:08.113+0000] {dag.py:3954} INFO - Setting next_dagrun for weather_pipeline to 2026-09-17 00:00:00+00:00, run_after=2026-09-18 00:00:00+00:00
[2026-09-17T23:25:08.154+0000] {processor.py:183} INFO - Processing /opt/airflow/dags/weather_pipeline.py took 1.008 seconds
[2026-09-17T23:25:38.363+0000] {processor.py:161} INFO - Started process (PID=92) to work on /opt/airflow/dags/weather_pipeline.py
[2026-09-17T23:25:38.364+0000] {processor.py:830} INFO - Processing file /opt/airflow/dags/weather_pipeline.py for tasks to queue
[2026-09-17T23:25:38.366+0000] {logging_mixin.py:188} INFO - [2026-09-17T23:25:38.366+0000] {dagbag.py:545} INFO - Filling up the DagBag from /opt/airflow/dags/weather_pipeline.py
[2026-09-17T23:25:38.948+0000] {logging_mixin.py:188} INFO - Data transformed successfully!
[2026-09-17T23:25:38.968+0000] {processor.py:840} INFO - DAG(s) 'weather_pipeline' retrieved from /opt/airflow/dags/weather_pipeline.py
[2026-09-17T23:25:39.021+0000] {logging_mixin.py:188} INFO - [2026-09-17T23:25:39.020+0000] {dag.py:3096} INFO - Sync 1 DAGs
[2026-09-17T23:25:39.058+0000] {logging_mixin.py:188} INFO - [2026-09-17T23:25:39.058+0000] {dag.py:3954} INFO - Setting next_dagrun for weather_pipeline to 2026-09-17 00:00:00+00:00, run_after=2026-09-18 00:00:00+00:00
[2026-09-17T23:25:39.089+0000] {processor.py:183} INFO - Processing /opt/airflow/dags/weather_pipeline.py took 0.737 seconds
[2026-09-17T23:26:09.337+0000] {processor.py:161} INFO - Started process (PID=94) to work on /opt/airflow/dags/weather_pipeline.py
[2026-09-17T23:26:09.340+0000] {processor.py:830} INFO - Processing file /opt/airflow/dags/weather_pipeline.py for tasks to queue
[2026-09-17T23:26:09.345+0000] {logging_mixin.py:188} INFO - [2026-09-17T23:26:09.344+0000] {dagbag.py:545} INFO - Filling up the DagBag from /opt/airflow/dags/weather_pipeline.py
[2026-09-17T23:26:10.088+0000] {logging_mixin.py:188} INFO - Data transformed successfully!
[2026-09-17T23:26:10.107+0000] {processor.py:840} INFO - DAG(s) 'weather_pipeline' retrieved from /opt/airflow/dags/weather_pipeline.py
[2026-09-17T23:26:10.150+0000] {logging_mixin.py:188} INFO - [2026-09-17T23:26:10.150+0000] {dag.py:3096} INFO - Sync 1 DAGs
[2026-09-17T23:26:10.184+0000] {logging_mixin.py:188} INFO - [2026-09-17T23:26:10.184+0000] {dag.py:3954} INFO - Setting next_dagrun for weather_pipeline to 2026-09-17 00:00:00+00:00, run_after=2026-09-18 00:00:00+00:00
[2026-09-17T23:26:10.210+0000] {processor.py:183} INFO - Processing /opt/airflow/dags/weather_pipeline.py took 0.893 seconds
[2026-09-17T23:26:40.418+0000] {processor.py:161} INFO - Started process (PID=96) to work on /opt/airflow/dags/weather_pipeline.py
[2026-09-17T23:26:40.421+0000] {processor.py:830} INFO - Processing file /opt/airflow/dags/weather_pipeline.py for tasks to queue
[2026-09-17T23:26:40.423+0000] {logging_mixin.py:188} INFO - [2026-09-17T23:26:40.423+0000] {dagbag.py:545} INFO - Filling up the DagBag from /opt/airflow/dags/weather_pipeline.py
[2026-09-17T23:26:40.936+0000] {logging_mixin.py:188} INFO - Data transformed successfully!
[2026-09-17T23:26:40.956+0000] {processor.py:840} INFO - DAG(s) 'weather_pipeline' retrieved from /opt/airflow/dags/weather_pipeline.py
[2026-09-17T23:26:41.008+0000] {logging_mixin.py:188} INFO - [2026-09-17T23:26:41.007+0000] {dag.py:3096} INFO - Sync 1 DAGs
[2026-09-17T23:26:41.040+0000] {logging_mixin.py:188} INFO - [2026-09-17T23:26:41.040+0000] {dag.py:3954} INFO - Setting next_dagrun for weather_pipeline to 2026-09-17 00:00:00+00:00, run_after=2026-09-18 00:00:00+00:00
[2026-09-17T23:26:41.072+0000] {processor.py:183} INFO - Processing /opt/airflow/dags/weather_pipeline.py took 0.662 seconds
[2026-09-17T23:27:11.271+0000] {processor.py:161} INFO - Started process (PID=98) to work on /opt/airflow/dags/weather_pipeline.py
[2026-09-17T23:27:11.272+0000] {processor.py:830} INFO - Processing file /opt/airflow/dags/weather_pipeline.py for tasks to queue
[2026-09-17T23:27:11.274+0000] {logging_mixin.py:188} INFO - [2026-09-17T23:27:11.274+0000] {dagbag.py:545} INFO - Filling up the DagBag from /opt/airflow/dags/weather_pipeline.py
[2026-09-17T23:27:11.813+0000] {logging_mixin.py:188} INFO - Data transformed successfully!
[2026-09-17T23:27:11.832+0000] {processor.py:840} INFO - DAG(s) 'weather_pipeline' retrieved from /opt/airflow/dags/weather_pipeline.py
[2026-09-17T23:27:11.885+0000] {logging_mixin.py:188} INFO - [2026-09-17T23:27:11.885+0000] {dag.py:3096} INFO - Sync 1 DAGs
[2026-09-17T23:27:11.919+0000] {logging_mixin.py:188} INFO - [2026-09-17T23:27:11.919+0000] {dag.py:3954} INFO - Setting next_dagrun for weather_pipeline to 2026-09-17 00:00:00+00:00, run_after=2026-09-18 00:00:00+00:00
[2026-09-17T23:27:11.948+0000] {processor.py:183} INFO - Processing /opt/airflow/dags/weather_pipeline.py took 0.685 seconds
[2026-09-17T23:27:42.084+0000] {processor.py:161} INFO - Started process (PID=100) to work on /opt/airflow/dags/weather_pipeline.py
[2026-09-17T23:27:42.088+0000] {processor.py:830} INFO - Processing file /opt/airflow/dags/weather_pipeline.py for tasks to queue
[2026-09-17T23:27:42.094+0000] {logging_mixin.py:188} INFO - [2026-09-17T23:27:42.093+0000] {dagbag.py:545} INFO - Filling up the DagBag from /opt/airflow/dags/weather_pipeline.py
[2026-09-17T23:27:42.670+0000] {logging_mixin.py:188} INFO - Data transformed successfully!
[2026-09-17T23:27:42.690+0000] {processor.py:840} INFO - DAG(s) 'weather_pipeline' retrieved from /opt/airflow/dags/weather_pipeline.py
[2026-09-17T23:27:42.736+0000] {logging_mixin.py:188} INFO - [2026-09-17T23:27:42.735+0000] {dag.py:3096} INFO - Sync 1 DAGs
[2026-09-17T23:27:42.771+0000] {logging_mixin.py:188} INFO - [2026-09-17T23:27:42.771+0000] {dag.py:3954} INFO - Setting next_dagrun for weather_pipeline to 2026-09-17 00:00:00+00:00, run_after=2026-09-18 00:00:00+00:00
[2026-09-17T23:27:42.800+0000] {processor.py:183} INFO - Processing /opt/airflow/dags/weather_pipeline.py took 0.734 seconds
[2026-09-17T23:28:12.998+0000] {processor.py:161} INFO - Started process (PID=102) to work on /opt/airflow/dags/weather_pipeline.py
[2026-09-17T23:28:12.999+0000] {processor.py:830} INFO - Processing file /opt/airflow/dags/weather_pipeline.py for tasks to queue
[2026-09-17T23:28:13.001+0000] {logging_mixin.py:188} INFO - [2026-09-17T23:28:13.001+0000] {dagbag.py:545} INFO - Filling up the DagBag from /opt/airflow/dags/weather_pipeline.py
[2026-09-17T23:28:13.620+0000] {logging_mixin.py:188} INFO - Data transformed successfully!
[2026-09-17T23:28:13.640+0000] {processor.py:840} INFO - DAG(s) 'weather_pipeline' retrieved from /opt/airflow/dags/weather_pipeline.py
[2026-09-17T23:28:13.683+0000] {logging_mixin.py:188} INFO - [2026-09-17T23:28:13.683+0000] {dag.py:3096} INFO - Sync 1 DAGs
[2026-09-17T23:28:13.717+0000] {logging_mixin.py:188} INFO - [2026-09-17T23:28:13.717+0000] {dag.py:3954} INFO - Setting next_dagrun for weather_pipeline to 2026-09-17 00:00:00+00:00, run_after=2026-09-18 00:00:00+00:00
[2026-09-17T23:28:13.745+0000] {processor.py:183} INFO - Processing /opt/airflow/dags/weather_pipeline.py took 0.758 seconds
[2026-09-17T23:28:43.922+0000] {processor.py:161} INFO - Started process (PID=104) to work on /opt/airflow/dags/weather_pipeline.py
[2026-09-17T23:28:43.923+0000] {processor.py:830} INFO - Processing file /opt/airflow/dags/weather_pipeline.py for tasks to queue
[2026-09-17T23:28:43.925+0000] {logging_mixin.py:188} INFO - [2026-09-17T23:28:43.924+0000] {dagbag.py:545} INFO - Filling up the DagBag from /opt/airflow/dags/weather_pipeline.py
[2026-09-17T23:28:44.467+0000] {logging_mixin.py:188} INFO - Data transformed successfully!
[2026-09-17T23:28:44.491+0000] {processor.py:840} INFO - DAG(s) 'weather_pipeline' retrieved from /opt/airflow/dags/weather_pipeline.py
[2026-09-17T23:28:44.538+0000] {logging_mixin.py:188} INFO - [2026-09-17T23:28:44.537+0000] {dag.py:3096} INFO - Sync 1 DAGs
[2026-09-17T23:28:44.575+0000] {logging_mixin.py:188} INFO - [2026-09-17T23:28:44.574+0000] {dag.py:3954} INFO - Setting next_dagrun for weather_pipeline to 2026-09-17 00:00:00+00:00, run_after=2026-09-18 00:00:00+00:00
[2026-09-17T23:28:44.607+0000] {processor.py:183} INFO - Processing /opt/airflow/dags/weather_pipeline.py took 0.693 seconds
[2026-09-17T23:29:14.688+0000] {processor.py:161} INFO - Started process (PID=106) to work on /opt/airflow/dags/weather_pipeline.py
[2026-09-17T23:29:14.692+0000] {processor.py:830} INFO - Processing file /opt/airflow/dags/weather_pipeline.py for tasks to queue
[2026-09-17T23:29:14.698+0000] {logging_mixin.py:188} INFO - [2026-09-17T23:29:14.697+0000] {dagbag.py:545} INFO - Filling up the DagBag from /opt/airflow/dags/weather_pipeline.py
[2026-09-17T23:29:15.359+0000] {logging_mixin.py:188} INFO - Data transformed successfully!
[2026-09-17T23:29:15.378+0000] {processor.py:840} INFO - DAG(s) 'weather_pipeline' retrieved from /opt/airflow/dags/weather_pipeline.py
[2026-09-17T23:29:15.423+0000] {logging_mixin.py:188} INFO - [2026-09-17T23:29:15.422+0000] {dag.py:3096} INFO - Sync 1 DAGs
[2026-09-17T23:29:15.458+0000] {logging_mixin.py:188} INFO - [2026-09-17T23:29:15.458+0000] {dag.py:3954} INFO - Setting next_dagrun for weather_pipeline to 2026-09-17 00:00:00+00:00, run_after=2026-09-18 00:00:00+00:00
[2026-09-17T23:29:15.487+0000] {processor.py:183} INFO - Processing /opt/airflow/dags/weather_pipeline.py took 0.820 seconds
[2026-09-17T23:29:45.715+0000] {processor.py:161} INFO - Started process (PID=108) to work on /opt/airflow/dags/weather_pipeline.py
[2026-09-17T23:29:45.718+0000] {processor.py:830} INFO - Processing file /opt/airflow/dags/weather_pipeline.py for tasks to queue
[2026-09-17T23:29:45.720+0000] {logging_mixin.py:188} INFO - [2026-09-17T23:29:45.719+0000] {dagbag.py:545} INFO - Filling up the DagBag from /opt/airflow/dags/weather_pipeline.py
[2026-09-17T23:29:46.259+0000] {logging_mixin.py:188} INFO - Data transformed successfully!
[2026-09-17T23:29:46.278+0000] {processor.py:840} INFO - DAG(s) 'weather_pipeline' retrieved from /opt/airflow/dags/weather_pipeline.py
[2026-09-17T23:29:46.335+0000] {logging_mixin.py:188} INFO - [2026-09-17T23:29:46.334+0000] {dag.py:3096} INFO - Sync 1 DAGs
[2026-09-17T23:29:46.380+0000] {logging_mixin.py:188} INFO - [2026-09-17T23:29:46.379+0000] {dag.py:3954} INFO - Setting next_dagrun for weather_pipeline to 2026-09-17 00:00:00+00:00, run_after=2026-09-18 00:00:00+00:00
[2026-09-17T23:29:46.407+0000] {processor.py:183} INFO - Processing /opt/airflow/dags/weather_pipeline.py took 0.700 seconds
[2026-09-17T23:30:16.646+0000] {processor.py:161} INFO - Started process (PID=110) to work on /opt/airflow/dags/weather_pipeline.py
[2026-09-17T23:30:16.649+0000] {processor.py:830} INFO - Processing file /opt/airflow/dags/weather_pipeline.py for tasks to queue
[2026-09-17T23:30:16.654+0000] {logging_mixin.py:188} INFO - [2026-09-17T23:30:16.653+0000] {dagbag.py:545} INFO - Filling up the DagBag from /opt/airflow/dags/weather_pipeline.py
[2026-09-17T23:30:17.250+0000] {logging_mixin.py:188} INFO - Data transformed successfully!
[2026-09-17T23:30:17.271+0000] {processor.py:840} INFO - DAG(s) 'weather_pipeline' retrieved from /opt/airflow/dags/weather_pipeline.py
[2026-09-17T23:30:17.319+0000] {logging_mixin.py:188} INFO - [2026-09-17T23:30:17.318+0000] {dag.py:3096} INFO - Sync 1 DAGs
[2026-09-17T23:30:17.357+0000] {logging_mixin.py:188} INFO - [2026-09-17T23:30:17.356+0000] {dag.py:3954} INFO - Setting next_dagrun for weather_pipeline to 2026-09-17 00:00:00+00:00, run_after=2026-09-18 00:00:00+00:00
[2026-09-17T23:30:17.388+0000] {processor.py:183} INFO - Processing /opt/airflow/dags/weather_pipeline.py took 0.763 seconds
[2026-09-17T23:30:47.631+0000] {processor.py:161} INFO - Started process (PID=112) to work on /opt/airflow/dags/weather_pipeline.py
[2026-09-17T23:30:47.634+0000] {processor.py:830} INFO - Processing file /opt/airflow/dags/weather_pipeline.py for tasks to queue
[2026-09-17T23:30:47.640+0000] {logging_mixin.py:188} INFO - [2026-09-17T23:30:47.638+0000] {dagbag.py:545} INFO - Filling up the DagBag from /opt/airflow/dags/weather_pipeline.py
[2026-09-17T23:30:48.204+0000] {logging_mixin.py:188} INFO - Data transformed successfully!
[2026-09-17T23:30:48.225+0000] {processor.py:840} INFO - DAG(s) 'weather_pipeline' retrieved from /opt/airflow/dags/weather_pipeline.py
[2026-09-17T23:30:48.270+0000] {logging_mixin.py:188} INFO - [2026-09-17T23:30:48.270+0000] {dag.py:3096} INFO - Sync 1 DAGs
[2026-09-17T23:30:48.305+0000] {logging_mixin.py:188} INFO - [2026-09-17T23:30:48.305+0000] {dag.py:3954} INFO - Setting next_dagrun for weather_pipeline to 2026-09-17 00:00:00+00:00, run_after=2026-09-18 00:00:00+00:00
[2026-09-17T23:30:48.419+0000] {processor.py:183} INFO - Processing /opt/airflow/dags/weather_pipeline.py took 0.809 seconds
[2026-09-17T23:31:18.680+0000] {processor.py:161} INFO - Started process (PID=114) to work on /opt/airflow/dags/weather_pipeline.py
[2026-09-17T23:31:18.684+0000] {processor.py:830} INFO - Processing file /opt/airflow/dags/weather_pipeline.py for tasks to queue
[2026-09-17T23:31:18.689+0000] {logging_mixin.py:188} INFO - [2026-09-17T23:31:18.688+0000] {dagbag.py:545} INFO - Filling up the DagBag from /opt/airflow/dags/weather_pipeline.py
[2026-09-17T23:31:19.275+0000] {logging_mixin.py:188} INFO - Data transformed successfully!
[2026-09-17T23:31:19.295+0000] {processor.py:840} INFO - DAG(s) 'weather_pipeline' retrieved from /opt/airflow/dags/weather_pipeline.py
[2026-09-17T23:31:19.340+0000] {logging_mixin.py:188} INFO - [2026-09-17T23:31:19.339+0000] {dag.py:3096} INFO - Sync 1 DAGs
[2026-09-17T23:31:19.374+0000] {logging_mixin.py:188} INFO - [2026-09-17T23:31:19.373+0000] {dag.py:3954} INFO - Setting next_dagrun for weather_pipeline to 2026-09-17 00:00:00+00:00, run_after=2026-09-18 00:00:00+00:00
[2026-09-17T23:31:19.402+0000] {processor.py:183} INFO - Processing /opt/airflow/dags/weather_pipeline.py took 0.741 seconds
[2026-09-17T23:31:49.640+0000] {processor.py:161} INFO - Started process (PID=116) to work on /opt/airflow/dags/weather_pipeline.py
[2026-09-17T23:31:49.641+0000] {processor.py:830} INFO - Processing file /opt/airflow/dags/weather_pipeline.py for tasks to queue
[2026-09-17T23:31:49.643+0000] {logging_mixin.py:188} INFO - [2026-09-17T23:31:49.643+0000] {dagbag.py:545} INFO - Filling up the DagBag from /opt/airflow/dags/weather_pipeline.py
[2026-09-17T23:31:50.189+0000] {logging_mixin.py:188} INFO - Data transformed successfully!
[2026-09-17T23:31:50.218+0000] {processor.py:840} INFO - DAG(s) 'weather_pipeline' retrieved from /opt/airflow/dags/weather_pipeline.py
[2026-09-17T23:31:50.264+0000] {logging_mixin.py:188} INFO - [2026-09-17T23:31:50.263+0000] {dag.py:3096} INFO - Sync 1 DAGs
[2026-09-17T23:31:50.298+0000] {logging_mixin.py:188} INFO - [2026-09-17T23:31:50.298+0000] {dag.py:3954} INFO - Setting next_dagrun for weather_pipeline to 2026-09-17 00:00:00+00:00, run_after=2026-09-18 00:00:00+00:00
[2026-09-17T23:31:50.328+0000] {processor.py:183} INFO - Processing /opt/airflow/dags/weather_pipeline.py took 0.697 seconds
[2026-09-17T23:32:20.512+0000] {processor.py:161} INFO - Started process (PID=118) to work on /opt/airflow/dags/weather_pipeline.py
[2026-09-17T23:32:20.513+0000] {processor.py:830} INFO - Processing file /opt/airflow/dags/weather_pipeline.py for tasks to queue
[2026-09-17T23:32:20.515+0000] {logging_mixin.py:188} INFO - [2026-09-17T23:32:20.514+0000] {dagbag.py:545} INFO - Filling up the DagBag from /opt/airflow/dags/weather_pipeline.py
[2026-09-17T23:32:21.044+0000] {logging_mixin.py:188} INFO - Data transformed successfully!
[2026-09-17T23:32:21.062+0000] {processor.py:840} INFO - DAG(s) 'weather_pipeline' retrieved from /opt/airflow/dags/weather_pipeline.py
[2026-09-17T23:32:21.104+0000] {logging_mixin.py:188} INFO - [2026-09-17T23:32:21.104+0000] {dag.py:3096} INFO - Sync 1 DAGs
[2026-09-17T23:32:21.136+0000] {logging_mixin.py:188} INFO - [2026-09-17T23:32:21.136+0000] {dag.py:3954} INFO - Setting next_dagrun for weather_pipeline to 2026-09-17 00:00:00+00:00, run_after=2026-09-18 00:00:00+00:00
[2026-09-17T23:32:21.163+0000] {processor.py:183} INFO - Processing /opt/airflow/dags/weather_pipeline.py took 0.659 seconds
[2026-09-17T23:32:51.298+0000] {processor.py:161} INFO - Started process (PID=120) to work on /opt/airflow/dags/weather_pipeline.py
[2026-09-17T23:32:51.301+0000] {processor.py:830} INFO - Processing file /opt/airflow/dags/weather_pipeline.py for tasks to queue
[2026-09-17T23:32:51.306+0000] {logging_mixin.py:188} INFO - [2026-09-17T23:32:51.305+0000] {dagbag.py:545} INFO - Filling up the DagBag from /opt/airflow/dags/weather_pipeline.py
[2026-09-17T23:32:51.932+0000] {logging_mixin.py:188} INFO - Data transformed successfully!
[2026-09-17T23:32:51.952+0000] {processor.py:840} INFO - DAG(s) 'weather_pipeline' retrieved from /opt/airflow/dags/weather_pipeline.py
[2026-09-17T23:32:51.996+0000] {logging_mixin.py:188} INFO - [2026-09-17T23:32:51.996+0000] {dag.py:3096} INFO - Sync 1 DAGs
[2026-09-17T23:32:52.036+0000] {logging_mixin.py:188} INFO - [2026-09-17T23:32:52.036+0000] {dag.py:3954} INFO - Setting next_dagrun for weather_pipeline to 2026-09-17 00:00:00+00:00, run_after=2026-09-18 00:00:00+00:00
[2026-09-17T23:32:52.064+0000] {processor.py:183} INFO - Processing /opt/airflow/dags/weather_pipeline.py took 0.788 seconds
[2026-09-17T23:33:22.235+0000] {processor.py:161} INFO - Started process (PID=132) to work on /opt/airflow/dags/weather_pipeline.py
[2026-09-17T23:33:22.237+0000] {processor.py:830} INFO - Processing file /opt/airflow/dags/weather_pipeline.py for tasks to queue
[2026-09-17T23:33:22.240+0000] {logging_mixin.py:188} INFO - [2026-09-17T23:33:22.240+0000] {dagbag.py:545} INFO - Filling up the DagBag from /opt/airflow/dags/weather_pipeline.py
[2026-09-17T23:33:22.794+0000] {logging_mixin.py:188} INFO - Data transformed successfully!
[2026-09-17T23:33:22.813+0000] {processor.py:840} INFO - DAG(s) 'weather_pipeline' retrieved from /opt/airflow/dags/weather_pipeline.py
[2026-09-17T23:33:22.858+0000] {logging_mixin.py:188} INFO - [2026-09-17T23:33:22.857+0000] {dag.py:3096} INFO - Sync 1 DAGs
[2026-09-17T23:33:22.920+0000] {processor.py:183} INFO - Processing /opt/airflow/dags/weather_pipeline.py took 0.693 seconds
[2026-09-17T23:33:53.109+0000] {processor.py:161} INFO - Started process (PID=135) to work on /opt/airflow/dags/weather_pipeline.py
[2026-09-17T23:33:53.110+0000] {processor.py:830} INFO - Processing file /opt/airflow/dags/weather_pipeline.py for tasks to queue
[2026-09-17T23:33:53.113+0000] {logging_mixin.py:188} INFO - [2026-09-17T23:33:53.112+0000] {dagbag.py:545} INFO - Filling up the DagBag from /opt/airflow/dags/weather_pipeline.py
[2026-09-17T23:33:53.659+0000] {logging_mixin.py:188} INFO - Data transformed successfully!
[2026-09-17T23:33:53.681+0000] {processor.py:840} INFO - DAG(s) 'weather_pipeline' retrieved from /opt/airflow/dags/weather_pipeline.py
[2026-09-17T23:33:53.725+0000] {logging_mixin.py:188} INFO - [2026-09-17T23:33:53.724+0000] {dag.py:3096} INFO - Sync 1 DAGs
[2026-09-17T23:33:53.785+0000] {processor.py:183} INFO - Processing /opt/airflow/dags/weather_pipeline.py took 0.684 seconds
[2026-09-17T23:34:23.896+0000] {processor.py:161} INFO - Started process (PID=156) to work on /opt/airflow/dags/weather_pipeline.py
[2026-09-17T23:34:23.899+0000] {processor.py:830} INFO - Processing file /opt/airflow/dags/weather_pipeline.py for tasks to queue
[2026-09-17T23:34:23.906+0000] {logging_mixin.py:188} INFO - [2026-09-17T23:34:23.904+0000] {dagbag.py:545} INFO - Filling up the DagBag from /opt/airflow/dags/weather_pipeline.py
[2026-09-17T23:34:24.501+0000] {logging_mixin.py:188} INFO - Data transformed successfully!
[2026-09-17T23:34:24.521+0000] {processor.py:840} INFO - DAG(s) 'weather_pipeline' retrieved from /opt/airflow/dags/weather_pipeline.py
[2026-09-17T23:34:24.565+0000] {logging_mixin.py:188} INFO - [2026-09-17T23:34:24.564+0000] {dag.py:3096} INFO - Sync 1 DAGs
[2026-09-17T23:34:24.625+0000] {processor.py:183} INFO - Processing /opt/airflow/dags/weather_pipeline.py took 0.751 seconds
[2026-09-17T23:34:54.888+0000] {processor.py:161} INFO - Started process (PID=158) to work on /opt/airflow/dags/weather_pipeline.py
[2026-09-17T23:34:54.891+0000] {processor.py:830} INFO - Processing file /opt/airflow/dags/weather_pipeline.py for tasks to queue
[2026-09-17T23:34:54.897+0000] {logging_mixin.py:188} INFO - [2026-09-17T23:34:54.895+0000] {dagbag.py:545} INFO - Filling up the DagBag from /opt/airflow/dags/weather_pipeline.py
[2026-09-17T23:34:55.471+0000] {logging_mixin.py:188} INFO - Data transformed successfully!
[2026-09-17T23:34:55.490+0000] {processor.py:840} INFO - DAG(s) 'weather_pipeline' retrieved from /opt/airflow/dags/weather_pipeline.py
[2026-09-17T23:34:55.532+0000] {logging_mixin.py:188} INFO - [2026-09-17T23:34:55.532+0000] {dag.py:3096} INFO - Sync 1 DAGs
[2026-09-17T23:34:55.590+0000] {processor.py:183} INFO - Processing /opt/airflow/dags/weather_pipeline.py took 0.725 seconds
[2026-09-17T23:35:25.785+0000] {processor.py:161} INFO - Started process (PID=160) to work on /opt/airflow/dags/weather_pipeline.py
[2026-09-17T23:35:25.788+0000] {processor.py:830} INFO - Processing file /opt/airflow/dags/weather_pipeline.py for tasks to queue
[2026-09-17T23:35:25.792+0000] {logging_mixin.py:188} INFO - [2026-09-17T23:35:25.791+0000] {dagbag.py:545} INFO - Filling up the DagBag from /opt/airflow/dags/weather_pipeline.py
[2026-09-17T23:35:26.416+0000] {logging_mixin.py:188} INFO - Data transformed successfully!
[2026-09-17T23:35:26.438+0000] {processor.py:840} INFO - DAG(s) 'weather_pipeline' retrieved from /opt/airflow/dags/weather_pipeline.py
[2026-09-17T23:35:26.494+0000] {logging_mixin.py:188} INFO - [2026-09-17T23:35:26.494+0000] {dag.py:3096} INFO - Sync 1 DAGs
[2026-09-17T23:35:26.568+0000] {processor.py:183} INFO - Processing /opt/airflow/dags/weather_pipeline.py took 0.797 seconds
[2026-09-17T23:35:56.732+0000] {processor.py:161} INFO - Started process (PID=162) to work on /opt/airflow/dags/weather_pipeline.py
[2026-09-17T23:35:56.733+0000] {processor.py:830} INFO - Processing file /opt/airflow/dags/weather_pipeline.py for tasks to queue
[2026-09-17T23:35:56.735+0000] {logging_mixin.py:188} INFO - [2026-09-17T23:35:56.734+0000] {dagbag.py:545} INFO - Filling up the DagBag from /opt/airflow/dags/weather_pipeline.py
[2026-09-17T23:35:57.270+0000] {logging_mixin.py:188} INFO - Data transformed successfully!
[2026-09-17T23:35:57.291+0000] {processor.py:840} INFO - DAG(s) 'weather_pipeline' retrieved from /opt/airflow/dags/weather_pipeline.py
[2026-09-17T23:35:57.335+0000] {logging_mixin.py:188} INFO - [2026-09-17T23:35:57.335+0000] {dag.py:3096} INFO - Sync 1 DAGs
[2026-09-17T23:35:57.399+0000] {processor.py:183} INFO - Processing /opt/airflow/dags/weather_pipeline.py took 0.675 seconds
[2026-09-17T23:36:27.623+0000] {processor.py:161} INFO - Started process (PID=164) to work on /opt/airflow/dags/weather_pipeline.py
[2026-09-17T23:36:27.627+0000] {processor.py:830} INFO - Processing file /opt/airflow/dags/weather_pipeline.py for tasks to queue
[2026-09-17T23:36:27.631+0000] {logging_mixin.py:188} INFO - [2026-09-17T23:36:27.630+0000] {dagbag.py:545} INFO - Filling up the DagBag from /opt/airflow/dags/weather_pipeline.py
[2026-09-17T23:36:28.193+0000] {logging_mixin.py:188} INFO - Data transformed successfully!
[2026-09-17T23:36:28.212+0000] {processor.py:840} INFO - DAG(s) 'weather_pipeline' retrieved from /opt/airflow/dags/weather_pipeline.py
[2026-09-17T23:36:28.256+0000] {logging_mixin.py:188} INFO - [2026-09-17T23:36:28.255+0000] {dag.py:3096} INFO - Sync 1 DAGs
[2026-09-17T23:36:28.312+0000] {processor.py:183} INFO - Processing /opt/airflow/dags/weather_pipeline.py took 0.707 seconds
[2026-09-17T23:36:58.559+0000] {processor.py:161} INFO - Started process (PID=166) to work on /opt/airflow/dags/weather_pipeline.py
[2026-09-17T23:36:58.562+0000] {processor.py:830} INFO - Processing file /opt/airflow/dags/weather_pipeline.py for tasks to queue
[2026-09-17T23:36:58.572+0000] {logging_mixin.py:188} INFO - [2026-09-17T23:36:58.568+0000] {dagbag.py:545} INFO - Filling up the DagBag from /opt/airflow/dags/weather_pipeline.py
[2026-09-17T23:36:59.303+0000] {logging_mixin.py:188} INFO - Data transformed successfully!
[2026-09-17T23:36:59.324+0000] {processor.py:840} INFO - DAG(s) 'weather_pipeline' retrieved from /opt/airflow/dags/weather_pipeline.py
[2026-09-17T23:36:59.369+0000] {logging_mixin.py:188} INFO - [2026-09-17T23:36:59.369+0000] {dag.py:3096} INFO - Sync 1 DAGs
[2026-09-17T23:36:59.431+0000] {processor.py:183} INFO - Processing /opt/airflow/dags/weather_pipeline.py took 0.903 seconds
[2026-09-17T23:37:29.622+0000] {processor.py:161} INFO - Started process (PID=168) to work on /opt/airflow/dags/weather_pipeline.py
[2026-09-17T23:37:29.623+0000] {processor.py:830} INFO - Processing file /opt/airflow/dags/weather_pipeline.py for tasks to queue
[2026-09-17T23:37:29.625+0000] {logging_mixin.py:188} INFO - [2026-09-17T23:37:29.625+0000] {dagbag.py:545} INFO - Filling up the DagBag from /opt/airflow/dags/weather_pipeline.py
[2026-09-17T23:37:30.177+0000] {logging_mixin.py:188} INFO - Data transformed successfully!
[2026-09-17T23:37:30.198+0000] {processor.py:840} INFO - DAG(s) 'weather_pipeline' retrieved from /opt/airflow/dags/weather_pipeline.py
[2026-09-17T23:37:30.253+0000] {logging_mixin.py:188} INFO - [2026-09-17T23:37:30.252+0000] {dag.py:3096} INFO - Sync 1 DAGs
[2026-09-17T23:37:30.313+0000] {processor.py:183} INFO - Processing /opt/airflow/dags/weather_pipeline.py took 0.700 seconds
[2026-09-17T23:38:00.415+0000] {processor.py:161} INFO - Started process (PID=170) to work on /opt/airflow/dags/weather_pipeline.py
[2026-09-17T23:38:00.416+0000] {processor.py:830} INFO - Processing file /opt/airflow/dags/weather_pipeline.py for tasks to queue
[2026-09-17T23:38:00.418+0000] {logging_mixin.py:188} INFO - [2026-09-17T23:38:00.418+0000] {dagbag.py:545} INFO - Filling up the DagBag from /opt/airflow/dags/weather_pipeline.py
[2026-09-17T23:38:00.973+0000] {logging_mixin.py:188} INFO - Data transformed successfully!
[2026-09-17T23:38:00.993+0000] {processor.py:840} INFO - DAG(s) 'weather_pipeline' retrieved from /opt/airflow/dags/weather_pipeline.py
[2026-09-17T23:38:01.040+0000] {logging_mixin.py:188} INFO - [2026-09-17T23:38:01.040+0000] {dag.py:3096} INFO - Sync 1 DAGs
[2026-09-17T23:38:01.108+0000] {processor.py:183} INFO - Processing /opt/airflow/dags/weather_pipeline.py took 0.702 seconds
[2026-09-17T23:38:31.327+0000] {processor.py:161} INFO - Started process (PID=172) to work on /opt/airflow/dags/weather_pipeline.py
[2026-09-17T23:38:31.332+0000] {processor.py:830} INFO - Processing file /opt/airflow/dags/weather_pipeline.py for tasks to queue
[2026-09-17T23:38:31.337+0000] {logging_mixin.py:188} INFO - [2026-09-17T23:38:31.336+0000] {dagbag.py:545} INFO - Filling up the DagBag from /opt/airflow/dags/weather_pipeline.py
[2026-09-17T23:38:31.942+0000] {logging_mixin.py:188} INFO - Data transformed successfully!
[2026-09-17T23:38:31.963+0000] {processor.py:840} INFO - DAG(s) 'weather_pipeline' retrieved from /opt/airflow/dags/weather_pipeline.py
[2026-09-17T23:38:32.014+0000] {logging_mixin.py:188} INFO - [2026-09-17T23:38:32.013+0000] {dag.py:3096} INFO - Sync 1 DAGs
[2026-09-17T23:38:32.075+0000] {processor.py:183} INFO - Processing /opt/airflow/dags/weather_pipeline.py took 0.767 seconds
[2026-09-17T23:39:02.347+0000] {processor.py:161} INFO - Started process (PID=174) to work on /opt/airflow/dags/weather_pipeline.py
[2026-09-17T23:39:02.350+0000] {processor.py:830} INFO - Processing file /opt/airflow/dags/weather_pipeline.py for tasks to queue
[2026-09-17T23:39:02.358+0000] {logging_mixin.py:188} INFO - [2026-09-17T23:39:02.357+0000] {dagbag.py:545} INFO - Filling up the DagBag from /opt/airflow/dags/weather_pipeline.py
[2026-09-17T23:39:02.934+0000] {logging_mixin.py:188} INFO - Data transformed successfully!
[2026-09-17T23:39:02.953+0000] {processor.py:840} INFO - DAG(s) 'weather_pipeline' retrieved from /opt/airflow/dags/weather_pipeline.py
[2026-09-17T23:39:02.998+0000] {logging_mixin.py:188} INFO - [2026-09-17T23:39:02.997+0000] {dag.py:3096} INFO - Sync 1 DAGs
[2026-09-17T23:39:03.058+0000] {processor.py:183} INFO - Processing /opt/airflow/dags/weather_pipeline.py took 0.731 seconds
[2026-09-17T23:39:33.316+0000] {processor.py:161} INFO - Started process (PID=186) to work on /opt/airflow/dags/weather_pipeline.py
[2026-09-17T23:39:33.320+0000] {processor.py:830} INFO - Processing file /opt/airflow/dags/weather_pipeline.py for tasks to queue
[2026-09-17T23:39:33.326+0000] {logging_mixin.py:188} INFO - [2026-09-17T23:39:33.325+0000] {dagbag.py:545} INFO - Filling up the DagBag from /opt/airflow/dags/weather_pipeline.py
[2026-09-17T23:39:33.864+0000] {logging_mixin.py:188} INFO - Data transformed successfully!
[2026-09-17T23:39:33.883+0000] {processor.py:840} INFO - DAG(s) 'weather_pipeline' retrieved from /opt/airflow/dags/weather_pipeline.py
[2026-09-17T23:39:33.929+0000] {logging_mixin.py:188} INFO - [2026-09-17T23:39:33.928+0000] {dag.py:3096} INFO - Sync 1 DAGs
[2026-09-17T23:39:33.988+0000] {processor.py:183} INFO - Processing /opt/airflow/dags/weather_pipeline.py took 0.702 seconds
[2026-09-17T23:40:04.279+0000] {processor.py:161} INFO - Started process (PID=188) to work on /opt/airflow/dags/weather_pipeline.py
[2026-09-17T23:40:04.281+0000] {processor.py:830} INFO - Processing file /opt/airflow/dags/weather_pipeline.py for tasks to queue
[2026-09-17T23:40:04.288+0000] {logging_mixin.py:188} INFO - [2026-09-17T23:40:04.287+0000] {dagbag.py:545} INFO - Filling up the DagBag from /opt/airflow/dags/weather_pipeline.py
[2026-09-17T23:40:04.807+0000] {logging_mixin.py:188} INFO - Data transformed successfully!
[2026-09-17T23:40:04.826+0000] {processor.py:840} INFO - DAG(s) 'weather_pipeline' retrieved from /opt/airflow/dags/weather_pipeline.py
[2026-09-17T23:40:04.872+0000] {logging_mixin.py:188} INFO - [2026-09-17T23:40:04.871+0000] {dag.py:3096} INFO - Sync 1 DAGs
[2026-09-17T23:40:04.929+0000] {processor.py:183} INFO - Processing /opt/airflow/dags/weather_pipeline.py took 0.671 seconds
[2026-09-17T23:40:35.205+0000] {processor.py:161} INFO - Started process (PID=190) to work on /opt/airflow/dags/weather_pipeline.py
[2026-09-17T23:40:35.207+0000] {processor.py:830} INFO - Processing file /opt/airflow/dags/weather_pipeline.py for tasks to queue
[2026-09-17T23:40:35.212+0000] {logging_mixin.py:188} INFO - [2026-09-17T23:40:35.211+0000] {dagbag.py:545} INFO - Filling up the DagBag from /opt/airflow/dags/weather_pipeline.py
[2026-09-17T23:40:35.765+0000] {logging_mixin.py:188} INFO - Data transformed successfully!
[2026-09-17T23:40:35.783+0000] {processor.py:840} INFO - DAG(s) 'weather_pipeline' retrieved from /opt/airflow/dags/weather_pipeline.py
[2026-09-17T23:40:35.827+0000] {logging_mixin.py:188} INFO - [2026-09-17T23:40:35.826+0000] {dag.py:3096} INFO - Sync 1 DAGs
[2026-09-17T23:40:35.886+0000] {processor.py:183} INFO - Processing /opt/airflow/dags/weather_pipeline.py took 0.699 seconds
[2026-09-17T23:41:05.990+0000] {processor.py:161} INFO - Started process (PID=192) to work on /opt/airflow/dags/weather_pipeline.py
[2026-09-17T23:41:05.991+0000] {processor.py:830} INFO - Processing file /opt/airflow/dags/weather_pipeline.py for tasks to queue
[2026-09-17T23:41:05.993+0000] {logging_mixin.py:188} INFO - [2026-09-17T23:41:05.993+0000] {dagbag.py:545} INFO - Filling up the DagBag from /opt/airflow/dags/weather_pipeline.py
[2026-09-17T23:41:06.524+0000] {logging_mixin.py:188} INFO - Data transformed successfully!
[2026-09-17T23:41:06.544+0000] {processor.py:840} INFO - DAG(s) 'weather_pipeline' retrieved from /opt/airflow/dags/weather_pipeline.py
[2026-09-17T23:41:06.587+0000] {logging_mixin.py:188} INFO - [2026-09-17T23:41:06.587+0000] {dag.py:3096} INFO - Sync 1 DAGs
[2026-09-17T23:41:06.645+0000] {processor.py:183} INFO - Processing /opt/airflow/dags/weather_pipeline.py took 0.668 seconds
[2026-09-17T23:41:36.912+0000] {processor.py:161} INFO - Started process (PID=194) to work on /opt/airflow/dags/weather_pipeline.py
[2026-09-17T23:41:36.915+0000] {processor.py:830} INFO - Processing file /opt/airflow/dags/weather_pipeline.py for tasks to queue
[2026-09-17T23:41:36.919+0000] {logging_mixin.py:188} INFO - [2026-09-17T23:41:36.918+0000] {dagbag.py:545} INFO - Filling up the DagBag from /opt/airflow/dags/weather_pipeline.py
[2026-09-17T23:41:37.508+0000] {logging_mixin.py:188} INFO - Data transformed successfully!
[2026-09-17T23:41:37.527+0000] {processor.py:840} INFO - DAG(s) 'weather_pipeline' retrieved from /opt/airflow/dags/weather_pipeline.py
[2026-09-17T23:41:37.574+0000] {logging_mixin.py:188} INFO - [2026-09-17T23:41:37.574+0000] {dag.py:3096} INFO - Sync 1 DAGs
[2026-09-17T23:41:37.631+0000] {processor.py:183} INFO - Processing /opt/airflow/dags/weather_pipeline.py took 0.739 seconds
[2026-09-17T23:42:07.891+0000] {processor.py:161} INFO - Started process (PID=196) to work on /opt/airflow/dags/weather_pipeline.py
[2026-09-17T23:42:07.893+0000] {processor.py:830} INFO - Processing file /opt/airflow/dags/weather_pipeline.py for tasks to queue
[2026-09-17T23:42:07.899+0000] {logging_mixin.py:188} INFO - [2026-09-17T23:42:07.898+0000] {dagbag.py:545} INFO - Filling up the DagBag from /opt/airflow/dags/weather_pipeline.py
[2026-09-17T23:42:08.520+0000] {logging_mixin.py:188} INFO - Data transformed successfully!
[2026-09-17T23:42:08.539+0000] {processor.py:840} INFO - DAG(s) 'weather_pipeline' retrieved from /opt/airflow/dags/weather_pipeline.py
[2026-09-17T23:42:08.585+0000] {logging_mixin.py:188} INFO - [2026-09-17T23:42:08.584+0000] {dag.py:3096} INFO - Sync 1 DAGs
[2026-09-17T23:42:08.642+0000] {processor.py:183} INFO - Processing /opt/airflow/dags/weather_pipeline.py took 0.772 seconds
[2026-09-17T23:42:38.813+0000] {processor.py:161} INFO - Started process (PID=198) to work on /opt/airflow/dags/weather_pipeline.py
[2026-09-17T23:42:38.816+0000] {processor.py:830} INFO - Processing file /opt/airflow/dags/weather_pipeline.py for tasks to queue
[2026-09-17T23:42:38.821+0000] {logging_mixin.py:188} INFO - [2026-09-17T23:42:38.820+0000] {dagbag.py:545} INFO - Filling up the DagBag from /opt/airflow/dags/weather_pipeline.py
[2026-09-17T23:42:39.388+0000] {logging_mixin.py:188} INFO - Data transformed successfully!
[2026-09-17T23:42:39.406+0000] {processor.py:840} INFO - DAG(s) 'weather_pipeline' retrieved from /opt/airflow/dags/weather_pipeline.py
[2026-09-17T23:42:39.453+0000] {logging_mixin.py:188} INFO - [2026-09-17T23:42:39.452+0000] {dag.py:3096} INFO - Sync 1 DAGs
[2026-09-17T23:42:39.526+0000] {processor.py:183} INFO - Processing /opt/airflow/dags/weather_pipeline.py took 0.732 seconds
[2026-09-17T23:43:09.793+0000] {processor.py:161} INFO - Started process (PID=200) to work on /opt/airflow/dags/weather_pipeline.py
[2026-09-17T23:43:09.795+0000] {processor.py:830} INFO - Processing file /opt/airflow/dags/weather_pipeline.py for tasks to queue
[2026-09-17T23:43:09.800+0000] {logging_mixin.py:188} INFO - [2026-09-17T23:43:09.799+0000] {dagbag.py:545} INFO - Filling up the DagBag from /opt/airflow/dags/weather_pipeline.py
[2026-09-17T23:43:10.341+0000] {logging_mixin.py:188} INFO - Data transformed successfully!
[2026-09-17T23:43:10.364+0000] {processor.py:840} INFO - DAG(s) 'weather_pipeline' retrieved from /opt/airflow/dags/weather_pipeline.py
[2026-09-17T23:43:10.406+0000] {logging_mixin.py:188} INFO - [2026-09-17T23:43:10.405+0000] {dag.py:3096} INFO - Sync 1 DAGs
[2026-09-17T23:43:10.460+0000] {processor.py:183} INFO - Processing /opt/airflow/dags/weather_pipeline.py took 0.685 seconds
[2026-09-17T23:43:40.711+0000] {processor.py:161} INFO - Started process (PID=202) to work on /opt/airflow/dags/weather_pipeline.py
[2026-09-17T23:43:40.714+0000] {processor.py:830} INFO - Processing file /opt/airflow/dags/weather_pipeline.py for tasks to queue
[2026-09-17T23:43:40.720+0000] {logging_mixin.py:188} INFO - [2026-09-17T23:43:40.718+0000] {dagbag.py:545} INFO - Filling up the DagBag from /opt/airflow/dags/weather_pipeline.py
[2026-09-17T23:43:41.295+0000] {logging_mixin.py:188} INFO - Data transformed successfully!
[2026-09-17T23:43:41.318+0000] {processor.py:840} INFO - DAG(s) 'weather_pipeline' retrieved from /opt/airflow/dags/weather_pipeline.py
[2026-09-17T23:43:41.368+0000] {logging_mixin.py:188} INFO - [2026-09-17T23:43:41.367+0000] {dag.py:3096} INFO - Sync 1 DAGs
[2026-09-17T23:43:41.435+0000] {processor.py:183} INFO - Processing /opt/airflow/dags/weather_pipeline.py took 0.748 seconds
[2026-09-17T23:44:11.499+0000] {processor.py:161} INFO - Started process (PID=205) to work on /opt/airflow/dags/weather_pipeline.py
[2026-09-17T23:44:11.500+0000] {processor.py:830} INFO - Processing file /opt/airflow/dags/weather_pipeline.py for tasks to queue
[2026-09-17T23:44:11.503+0000] {logging_mixin.py:188} INFO - [2026-09-17T23:44:11.502+0000] {dagbag.py:545} INFO - Filling up the DagBag from /opt/airflow/dags/weather_pipeline.py
[2026-09-17T23:44:11.998+0000] {logging_mixin.py:188} INFO - Data transformed successfully!
[2026-09-17T23:44:12.019+0000] {processor.py:840} INFO - DAG(s) 'weather_pipeline' retrieved from /opt/airflow/dags/weather_pipeline.py
[2026-09-17T23:44:12.061+0000] {logging_mixin.py:188} INFO - [2026-09-17T23:44:12.061+0000] {dag.py:3096} INFO - Sync 1 DAGs
[2026-09-17T23:44:12.121+0000] {processor.py:183} INFO - Processing /opt/airflow/dags/weather_pipeline.py took 0.630 seconds
[2026-09-17T23:44:42.329+0000] {processor.py:161} INFO - Started process (PID=226) to work on /opt/airflow/dags/weather_pipeline.py
[2026-09-17T23:44:42.330+0000] {processor.py:830} INFO - Processing file /opt/airflow/dags/weather_pipeline.py for tasks to queue
[2026-09-17T23:44:42.342+0000] {logging_mixin.py:188} INFO - [2026-09-17T23:44:42.339+0000] {dagbag.py:545} INFO - Filling up the DagBag from /opt/airflow/dags/weather_pipeline.py
[2026-09-17T23:44:42.900+0000] {logging_mixin.py:188} INFO - Data transformed successfully!
[2026-09-17T23:44:42.931+0000] {processor.py:840} INFO - DAG(s) 'weather_pipeline' retrieved from /opt/airflow/dags/weather_pipeline.py
[2026-09-17T23:44:42.996+0000] {logging_mixin.py:188} INFO - [2026-09-17T23:44:42.996+0000] {dag.py:3096} INFO - Sync 1 DAGs
[2026-09-17T23:44:43.074+0000] {processor.py:183} INFO - Processing /opt/airflow/dags/weather_pipeline.py took 0.758 seconds
[2026-09-17T23:45:13.344+0000] {processor.py:161} INFO - Started process (PID=228) to work on /opt/airflow/dags/weather_pipeline.py
[2026-09-17T23:45:13.346+0000] {processor.py:830} INFO - Processing file /opt/airflow/dags/weather_pipeline.py for tasks to queue
[2026-09-17T23:45:13.353+0000] {logging_mixin.py:188} INFO - [2026-09-17T23:45:13.352+0000] {dagbag.py:545} INFO - Filling up the DagBag from /opt/airflow/dags/weather_pipeline.py
[2026-09-17T23:45:14.045+0000] {logging_mixin.py:188} INFO - Data transformed successfully!
[2026-09-17T23:45:14.068+0000] {processor.py:840} INFO - DAG(s) 'weather_pipeline' retrieved from /opt/airflow/dags/weather_pipeline.py
[2026-09-17T23:45:14.114+0000] {logging_mixin.py:188} INFO - [2026-09-17T23:45:14.113+0000] {dag.py:3096} INFO - Sync 1 DAGs
[2026-09-17T23:45:14.172+0000] {processor.py:183} INFO - Processing /opt/airflow/dags/weather_pipeline.py took 0.854 seconds
[2026-09-17T23:45:44.407+0000] {processor.py:161} INFO - Started process (PID=250) to work on /opt/airflow/dags/weather_pipeline.py
[2026-09-17T23:45:44.410+0000] {processor.py:830} INFO - Processing file /opt/airflow/dags/weather_pipeline.py for tasks to queue
[2026-09-17T23:45:44.416+0000] {logging_mixin.py:188} INFO - [2026-09-17T23:45:44.415+0000] {dagbag.py:545} INFO - Filling up the DagBag from /opt/airflow/dags/weather_pipeline.py
[2026-09-17T23:45:44.958+0000] {logging_mixin.py:188} INFO - Data transformed successfully!
[2026-09-17T23:45:44.978+0000] {processor.py:840} INFO - DAG(s) 'weather_pipeline' retrieved from /opt/airflow/dags/weather_pipeline.py
[2026-09-17T23:45:45.023+0000] {logging_mixin.py:188} INFO - [2026-09-17T23:45:45.023+0000] {dag.py:3096} INFO - Sync 1 DAGs
[2026-09-17T23:45:45.081+0000] {processor.py:183} INFO - Processing /opt/airflow/dags/weather_pipeline.py took 0.696 seconds
[2026-09-17T23:46:15.382+0000] {processor.py:161} INFO - Started process (PID=252) to work on /opt/airflow/dags/weather_pipeline.py
[2026-09-17T23:46:15.383+0000] {processor.py:830} INFO - Processing file /opt/airflow/dags/weather_pipeline.py for tasks to queue
[2026-09-17T23:46:15.385+0000] {logging_mixin.py:188} INFO - [2026-09-17T23:46:15.385+0000] {dagbag.py:545} INFO - Filling up the DagBag from /opt/airflow/dags/weather_pipeline.py
[2026-09-17T23:46:15.913+0000] {logging_mixin.py:188} INFO - Data transformed successfully!
[2026-09-17T23:46:15.932+0000] {processor.py:840} INFO - DAG(s) 'weather_pipeline' retrieved from /opt/airflow/dags/weather_pipeline.py
[2026-09-17T23:46:15.977+0000] {logging_mixin.py:188} INFO - [2026-09-17T23:46:15.977+0000] {dag.py:3096} INFO - Sync 1 DAGs
[2026-09-17T23:46:16.041+0000] {processor.py:183} INFO - Processing /opt/airflow/dags/weather_pipeline.py took 0.669 seconds
[2026-09-17T23:46:46.240+0000] {processor.py:161} INFO - Started process (PID=254) to work on /opt/airflow/dags/weather_pipeline.py
[2026-09-17T23:46:46.243+0000] {processor.py:830} INFO - Processing file /opt/airflow/dags/weather_pipeline.py for tasks to queue
[2026-09-17T23:46:46.245+0000] {logging_mixin.py:188} INFO - [2026-09-17T23:46:46.244+0000] {dagbag.py:545} INFO - Filling up the DagBag from /opt/airflow/dags/weather_pipeline.py
[2026-09-17T23:46:46.938+0000] {logging_mixin.py:188} INFO - Data transformed successfully!
[2026-09-17T23:46:46.959+0000] {processor.py:840} INFO - DAG(s) 'weather_pipeline' retrieved from /opt/airflow/dags/weather_pipeline.py
[2026-09-17T23:46:47.008+0000] {logging_mixin.py:188} INFO - [2026-09-17T23:46:47.007+0000] {dag.py:3096} INFO - Sync 1 DAGs
[2026-09-17T23:46:47.068+0000] {processor.py:183} INFO - Processing /opt/airflow/dags/weather_pipeline.py took 0.839 seconds
[2026-09-17T23:47:17.324+0000] {processor.py:161} INFO - Started process (PID=256) to work on /opt/airflow/dags/weather_pipeline.py
[2026-09-17T23:47:17.327+0000] {processor.py:830} INFO - Processing file /opt/airflow/dags/weather_pipeline.py for tasks to queue
[2026-09-17T23:47:17.337+0000] {logging_mixin.py:188} INFO - [2026-09-17T23:47:17.335+0000] {dagbag.py:545} INFO - Filling up the DagBag from /opt/airflow/dags/weather_pipeline.py
[2026-09-17T23:47:18.077+0000] {logging_mixin.py:188} INFO - Data transformed successfully!
[2026-09-17T23:47:18.100+0000] {processor.py:840} INFO - DAG(s) 'weather_pipeline' retrieved from /opt/airflow/dags/weather_pipeline.py
[2026-09-17T23:47:18.161+0000] {logging_mixin.py:188} INFO - [2026-09-17T23:47:18.160+0000] {dag.py:3096} INFO - Sync 1 DAGs
[2026-09-17T23:47:18.304+0000] {processor.py:183} INFO - Processing /opt/airflow/dags/weather_pipeline.py took 1.008 seconds
[2026-09-17T23:47:48.525+0000] {processor.py:161} INFO - Started process (PID=258) to work on /opt/airflow/dags/weather_pipeline.py
[2026-09-17T23:47:48.527+0000] {processor.py:830} INFO - Processing file /opt/airflow/dags/weather_pipeline.py for tasks to queue
[2026-09-17T23:47:48.530+0000] {logging_mixin.py:188} INFO - [2026-09-17T23:47:48.529+0000] {dagbag.py:545} INFO - Filling up the DagBag from /opt/airflow/dags/weather_pipeline.py
[2026-09-17T23:47:49.048+0000] {logging_mixin.py:188} INFO - Data transformed successfully!
[2026-09-17T23:47:49.066+0000] {processor.py:840} INFO - DAG(s) 'weather_pipeline' retrieved from /opt/airflow/dags/weather_pipeline.py
[2026-09-17T23:47:49.109+0000] {logging_mixin.py:188} INFO - [2026-09-17T23:47:49.109+0000] {dag.py:3096} INFO - Sync 1 DAGs
[2026-09-17T23:47:49.165+0000] {processor.py:183} INFO - Processing /opt/airflow/dags/weather_pipeline.py took 0.649 seconds
[2026-09-17T23:48:19.444+0000] {processor.py:161} INFO - Started process (PID=260) to work on /opt/airflow/dags/weather_pipeline.py
[2026-09-17T23:48:19.448+0000] {processor.py:830} INFO - Processing file /opt/airflow/dags/weather_pipeline.py for tasks to queue
[2026-09-17T23:48:19.453+0000] {logging_mixin.py:188} INFO - [2026-09-17T23:48:19.452+0000] {dagbag.py:545} INFO - Filling up the DagBag from /opt/airflow/dags/weather_pipeline.py
[2026-09-17T23:48:19.991+0000] {logging_mixin.py:188} INFO - Data transformed successfully!
[2026-09-17T23:48:20.013+0000] {processor.py:840} INFO - DAG(s) 'weather_pipeline' retrieved from /opt/airflow/dags/weather_pipeline.py
[2026-09-17T23:48:20.060+0000] {logging_mixin.py:188} INFO - [2026-09-17T23:48:20.060+0000] {dag.py:3096} INFO - Sync 1 DAGs
[2026-09-17T23:48:20.119+0000] {processor.py:183} INFO - Processing /opt/airflow/dags/weather_pipeline.py took 0.696 seconds
[2026-09-17T23:48:50.392+0000] {processor.py:161} INFO - Started process (PID=262) to work on /opt/airflow/dags/weather_pipeline.py
[2026-09-17T23:48:50.395+0000] {processor.py:830} INFO - Processing file /opt/airflow/dags/weather_pipeline.py for tasks to queue
[2026-09-17T23:48:50.400+0000] {logging_mixin.py:188} INFO - [2026-09-17T23:48:50.399+0000] {dagbag.py:545} INFO - Filling up the DagBag from /opt/airflow/dags/weather_pipeline.py
[2026-09-17T23:48:50.952+0000] {logging_mixin.py:188} INFO - Data transformed successfully!
[2026-09-17T23:48:50.972+0000] {processor.py:840} INFO - DAG(s) 'weather_pipeline' retrieved from /opt/airflow/dags/weather_pipeline.py
[2026-09-17T23:48:51.019+0000] {logging_mixin.py:188} INFO - [2026-09-17T23:48:51.018+0000] {dag.py:3096} INFO - Sync 1 DAGs
[2026-09-17T23:48:51.086+0000] {processor.py:183} INFO - Processing /opt/airflow/dags/weather_pipeline.py took 0.714 seconds
[2026-09-17T23:49:21.260+0000] {processor.py:161} INFO - Started process (PID=264) to work on /opt/airflow/dags/weather_pipeline.py
[2026-09-17T23:49:21.264+0000] {processor.py:830} INFO - Processing file /opt/airflow/dags/weather_pipeline.py for tasks to queue
[2026-09-17T23:49:21.270+0000] {logging_mixin.py:188} INFO - [2026-09-17T23:49:21.269+0000] {dagbag.py:545} INFO - Filling up the DagBag from /opt/airflow/dags/weather_pipeline.py
[2026-09-17T23:49:21.927+0000] {logging_mixin.py:188} INFO - Data transformed successfully!
[2026-09-17T23:49:21.947+0000] {processor.py:840} INFO - DAG(s) 'weather_pipeline' retrieved from /opt/airflow/dags/weather_pipeline.py
[2026-09-17T23:49:21.992+0000] {logging_mixin.py:188} INFO - [2026-09-17T23:49:21.991+0000] {dag.py:3096} INFO - Sync 1 DAGs
[2026-09-17T23:49:22.055+0000] {processor.py:183} INFO - Processing /opt/airflow/dags/weather_pipeline.py took 0.816 seconds
[2026-09-17T23:49:52.335+0000] {processor.py:161} INFO - Started process (PID=266) to work on /opt/airflow/dags/weather_pipeline.py
[2026-09-17T23:49:52.338+0000] {processor.py:830} INFO - Processing file /opt/airflow/dags/weather_pipeline.py for tasks to queue
[2026-09-17T23:49:52.344+0000] {logging_mixin.py:188} INFO - [2026-09-17T23:49:52.343+0000] {dagbag.py:545} INFO - Filling up the DagBag from /opt/airflow/dags/weather_pipeline.py
[2026-09-17T23:49:52.905+0000] {logging_mixin.py:188} INFO - Data transformed successfully!
[2026-09-17T23:49:52.924+0000] {processor.py:840} INFO - DAG(s) 'weather_pipeline' retrieved from /opt/airflow/dags/weather_pipeline.py
[2026-09-17T23:49:52.966+0000] {logging_mixin.py:188} INFO - [2026-09-17T23:49:52.965+0000] {dag.py:3096} INFO - Sync 1 DAGs
[2026-09-17T23:49:53.027+0000] {processor.py:183} INFO - Processing /opt/airflow/dags/weather_pipeline.py took 0.713 seconds
[2026-09-17T23:50:23.273+0000] {processor.py:161} INFO - Started process (PID=268) to work on /opt/airflow/dags/weather_pipeline.py
[2026-09-17T23:50:23.275+0000] {processor.py:830} INFO - Processing file /opt/airflow/dags/weather_pipeline.py for tasks to queue
[2026-09-17T23:50:23.277+0000] {logging_mixin.py:188} INFO - [2026-09-17T23:50:23.277+0000] {dagbag.py:545} INFO - Filling up the DagBag from /opt/airflow/dags/weather_pipeline.py
[2026-09-17T23:50:23.900+0000] {logging_mixin.py:188} INFO - Data transformed successfully!
[2026-09-17T23:50:23.922+0000] {processor.py:840} INFO - DAG(s) 'weather_pipeline' retrieved from /opt/airflow/dags/weather_pipeline.py
[2026-09-17T23:50:23.976+0000] {logging_mixin.py:188} INFO - [2026-09-17T23:50:23.975+0000] {dag.py:3096} INFO - Sync 1 DAGs
[2026-09-17T23:50:24.040+0000] {processor.py:183} INFO - Processing /opt/airflow/dags/weather_pipeline.py took 0.775 seconds
[2026-09-17T23:50:54.247+0000] {processor.py:161} INFO - Started process (PID=280) to work on /opt/airflow/dags/weather_pipeline.py
[2026-09-17T23:50:54.248+0000] {processor.py:830} INFO - Processing file /opt/airflow/dags/weather_pipeline.py for tasks to queue
[2026-09-17T23:50:54.250+0000] {logging_mixin.py:188} INFO - [2026-09-17T23:50:54.250+0000] {dagbag.py:545} INFO - Filling up the DagBag from /opt/airflow/dags/weather_pipeline.py
[2026-09-17T23:50:54.851+0000] {logging_mixin.py:188} INFO - Data transformed successfully!
[2026-09-17T23:50:54.874+0000] {processor.py:840} INFO - DAG(s) 'weather_pipeline' retrieved from /opt/airflow/dags/weather_pipeline.py
[2026-09-17T23:50:54.924+0000] {logging_mixin.py:188} INFO - [2026-09-17T23:50:54.923+0000] {dag.py:3096} INFO - Sync 1 DAGs
[2026-09-17T23:50:54.986+0000] {processor.py:183} INFO - Processing /opt/airflow/dags/weather_pipeline.py took 0.748 seconds
[2026-09-17T23:51:25.240+0000] {processor.py:161} INFO - Started process (PID=282) to work on /opt/airflow/dags/weather_pipeline.py
[2026-09-17T23:51:25.243+0000] {processor.py:830} INFO - Processing file /opt/airflow/dags/weather_pipeline.py for tasks to queue
[2026-09-17T23:51:25.250+0000] {logging_mixin.py:188} INFO - [2026-09-17T23:51:25.249+0000] {dagbag.py:545} INFO - Filling up the DagBag from /opt/airflow/dags/weather_pipeline.py
[2026-09-17T23:51:25.913+0000] {logging_mixin.py:188} INFO - Data transformed successfully!
[2026-09-17T23:51:25.937+0000] {processor.py:840} INFO - DAG(s) 'weather_pipeline' retrieved from /opt/airflow/dags/weather_pipeline.py
[2026-09-17T23:51:25.985+0000] {logging_mixin.py:188} INFO - [2026-09-17T23:51:25.985+0000] {dag.py:3096} INFO - Sync 1 DAGs
[2026-09-17T23:51:26.063+0000] {processor.py:183} INFO - Processing /opt/airflow/dags/weather_pipeline.py took 0.843 seconds
[2026-09-17T23:51:56.344+0000] {processor.py:161} INFO - Started process (PID=284) to work on /opt/airflow/dags/weather_pipeline.py
[2026-09-17T23:51:56.348+0000] {processor.py:830} INFO - Processing file /opt/airflow/dags/weather_pipeline.py for tasks to queue
[2026-09-17T23:51:56.357+0000] {logging_mixin.py:188} INFO - [2026-09-17T23:51:56.355+0000] {dagbag.py:545} INFO - Filling up the DagBag from /opt/airflow/dags/weather_pipeline.py
[2026-09-17T23:51:57.042+0000] {logging_mixin.py:188} INFO - Data transformed successfully!
[2026-09-17T23:51:57.063+0000] {processor.py:840} INFO - DAG(s) 'weather_pipeline' retrieved from /opt/airflow/dags/weather_pipeline.py
[2026-09-17T23:51:57.112+0000] {logging_mixin.py:188} INFO - [2026-09-17T23:51:57.111+0000] {dag.py:3096} INFO - Sync 1 DAGs
[2026-09-17T23:51:57.177+0000] {processor.py:183} INFO - Processing /opt/airflow/dags/weather_pipeline.py took 0.858 seconds
[2026-09-17T23:52:27.454+0000] {processor.py:161} INFO - Started process (PID=286) to work on /opt/airflow/dags/weather_pipeline.py
[2026-09-17T23:52:27.458+0000] {processor.py:830} INFO - Processing file /opt/airflow/dags/weather_pipeline.py for tasks to queue
[2026-09-17T23:52:27.463+0000] {logging_mixin.py:188} INFO - [2026-09-17T23:52:27.462+0000] {dagbag.py:545} INFO - Filling up the DagBag from /opt/airflow/dags/weather_pipeline.py
[2026-09-17T23:52:28.061+0000] {logging_mixin.py:188} INFO - Data transformed successfully!
[2026-09-17T23:52:28.080+0000] {processor.py:840} INFO - DAG(s) 'weather_pipeline' retrieved from /opt/airflow/dags/weather_pipeline.py
[2026-09-17T23:52:28.124+0000] {logging_mixin.py:188} INFO - [2026-09-17T23:52:28.123+0000] {dag.py:3096} INFO - Sync 1 DAGs
[2026-09-17T23:52:28.184+0000] {processor.py:183} INFO - Processing /opt/airflow/dags/weather_pipeline.py took 0.751 seconds
[2026-09-17T23:52:58.468+0000] {processor.py:161} INFO - Started process (PID=288) to work on /opt/airflow/dags/weather_pipeline.py
[2026-09-17T23:52:58.473+0000] {processor.py:830} INFO - Processing file /opt/airflow/dags/weather_pipeline.py for tasks to queue
[2026-09-17T23:52:58.478+0000] {logging_mixin.py:188} INFO - [2026-09-17T23:52:58.477+0000] {dagbag.py:545} INFO - Filling up the DagBag from /opt/airflow/dags/weather_pipeline.py
[2026-09-17T23:52:59.175+0000] {logging_mixin.py:188} INFO - Data transformed successfully!
[2026-09-17T23:52:59.195+0000] {processor.py:840} INFO - DAG(s) 'weather_pipeline' retrieved from /opt/airflow/dags/weather_pipeline.py
[2026-09-17T23:52:59.236+0000] {logging_mixin.py:188} INFO - [2026-09-17T23:52:59.236+0000] {dag.py:3096} INFO - Sync 1 DAGs
[2026-09-17T23:52:59.295+0000] {processor.py:183} INFO - Processing /opt/airflow/dags/weather_pipeline.py took 0.851 seconds
[2026-09-17T23:53:29.565+0000] {processor.py:161} INFO - Started process (PID=290) to work on /opt/airflow/dags/weather_pipeline.py
[2026-09-17T23:53:29.568+0000] {processor.py:830} INFO - Processing file /opt/airflow/dags/weather_pipeline.py for tasks to queue
[2026-09-17T23:53:29.573+0000] {logging_mixin.py:188} INFO - [2026-09-17T23:53:29.572+0000] {dagbag.py:545} INFO - Filling up the DagBag from /opt/airflow/dags/weather_pipeline.py
[2026-09-17T23:53:30.146+0000] {logging_mixin.py:188} INFO - Data transformed successfully!
[2026-09-17T23:53:30.166+0000] {processor.py:840} INFO - DAG(s) 'weather_pipeline' retrieved from /opt/airflow/dags/weather_pipeline.py
[2026-09-17T23:53:30.212+0000] {logging_mixin.py:188} INFO - [2026-09-17T23:53:30.212+0000] {dag.py:3096} INFO - Sync 1 DAGs
[2026-09-17T23:53:30.272+0000] {processor.py:183} INFO - Processing /opt/airflow/dags/weather_pipeline.py took 0.728 seconds
[2026-09-17T23:54:00.482+0000] {processor.py:161} INFO - Started process (PID=292) to work on /opt/airflow/dags/weather_pipeline.py
[2026-09-17T23:54:00.484+0000] {processor.py:830} INFO - Processing file /opt/airflow/dags/weather_pipeline.py for tasks to queue
[2026-09-17T23:54:00.487+0000] {logging_mixin.py:188} INFO - [2026-09-17T23:54:00.487+0000] {dagbag.py:545} INFO - Filling up the DagBag from /opt/airflow/dags/weather_pipeline.py
[2026-09-17T23:54:01.032+0000] {logging_mixin.py:188} INFO - Data transformed successfully!
[2026-09-17T23:54:01.054+0000] {processor.py:840} INFO - DAG(s) 'weather_pipeline' retrieved from /opt/airflow/dags/weather_pipeline.py
[2026-09-17T23:54:01.110+0000] {logging_mixin.py:188} INFO - [2026-09-17T23:54:01.109+0000] {dag.py:3096} INFO - Sync 1 DAGs
[2026-09-17T23:54:01.185+0000] {processor.py:183} INFO - Processing /opt/airflow/dags/weather_pipeline.py took 0.712 seconds
[2026-09-17T23:54:31.449+0000] {processor.py:161} INFO - Started process (PID=294) to work on /opt/airflow/dags/weather_pipeline.py
[2026-09-17T23:54:31.452+0000] {processor.py:830} INFO - Processing file /opt/airflow/dags/weather_pipeline.py for tasks to queue
[2026-09-17T23:54:31.458+0000] {logging_mixin.py:188} INFO - [2026-09-17T23:54:31.457+0000] {dagbag.py:545} INFO - Filling up the DagBag from /opt/airflow/dags/weather_pipeline.py
[2026-09-17T23:54:32.034+0000] {logging_mixin.py:188} INFO - Data transformed successfully!
[2026-09-17T23:54:32.053+0000] {processor.py:840} INFO - DAG(s) 'weather_pipeline' retrieved from /opt/airflow/dags/weather_pipeline.py
[2026-09-17T23:54:32.292+0000] {logging_mixin.py:188} INFO - [2026-09-17T23:54:32.291+0000] {dag.py:3096} INFO - Sync 1 DAGs
[2026-09-17T23:54:32.320+0000] {logging_mixin.py:188} INFO - [2026-09-17T23:54:32.319+0000] {dag.py:3118} INFO - Creating ORM DAG for weather_pipeline
[2026-09-17T23:54:32.348+0000] {logging_mixin.py:188} INFO - [2026-09-17T23:54:32.348+0000] {dag.py:3954} INFO - Setting next_dagrun for weather_pipeline to 2026-09-17 00:00:00+00:00, run_after=2026-09-18 00:00:00+00:00
[2026-09-17T23:54:32.399+0000] {processor.py:183} INFO - Processing /opt/airflow/dags/weather_pipeline.py took 0.969 seconds
[2026-09-17T23:55:02.639+0000] {processor.py:161} INFO - Started process (PID=306) to work on /opt/airflow/dags/weather_pipeline.py
[2026-09-17T23:55:02.640+0000] {processor.py:830} INFO - Processing file /opt/airflow/dags/weather_pipeline.py for tasks to queue
[2026-09-17T23:55:02.643+0000] {logging_mixin.py:188} INFO - [2026-09-17T23:55:02.642+0000] {dagbag.py:545} INFO - Filling up the DagBag from /opt/airflow/dags/weather_pipeline.py
[2026-09-17T23:55:03.183+0000] {logging_mixin.py:188} INFO - Data transformed successfully!
[2026-09-17T23:55:03.204+0000] {processor.py:840} INFO - DAG(s) 'weather_pipeline' retrieved from /opt/airflow/dags/weather_pipeline.py
[2026-09-17T23:55:03.250+0000] {logging_mixin.py:188} INFO - [2026-09-17T23:55:03.250+0000] {dag.py:3096} INFO - Sync 1 DAGs
[2026-09-17T23:55:03.314+0000] {processor.py:183} INFO - Processing /opt/airflow/dags/weather_pipeline.py took 0.690 seconds
[2026-09-17T23:55:33.563+0000] {processor.py:161} INFO - Started process (PID=308) to work on /opt/airflow/dags/weather_pipeline.py
[2026-09-17T23:55:33.566+0000] {processor.py:830} INFO - Processing file /opt/airflow/dags/weather_pipeline.py for tasks to queue
[2026-09-17T23:55:33.568+0000] {logging_mixin.py:188} INFO - [2026-09-17T23:55:33.568+0000] {dagbag.py:545} INFO - Filling up the DagBag from /opt/airflow/dags/weather_pipeline.py
[2026-09-17T23:55:34.152+0000] {logging_mixin.py:188} INFO - Data transformed successfully!
[2026-09-17T23:55:34.172+0000] {processor.py:840} INFO - DAG(s) 'weather_pipeline' retrieved from /opt/airflow/dags/weather_pipeline.py
[2026-09-17T23:55:34.216+0000] {logging_mixin.py:188} INFO - [2026-09-17T23:55:34.215+0000] {dag.py:3096} INFO - Sync 1 DAGs
[2026-09-17T23:55:34.276+0000] {processor.py:183} INFO - Processing /opt/airflow/dags/weather_pipeline.py took 0.723 seconds
[2026-09-17T23:56:04.461+0000] {processor.py:161} INFO - Started process (PID=330) to work on /opt/airflow/dags/weather_pipeline.py
[2026-09-17T23:56:04.463+0000] {processor.py:830} INFO - Processing file /opt/airflow/dags/weather_pipeline.py for tasks to queue
[2026-09-17T23:56:04.465+0000] {logging_mixin.py:188} INFO - [2026-09-17T23:56:04.465+0000] {dagbag.py:545} INFO - Filling up the DagBag from /opt/airflow/dags/weather_pipeline.py
[2026-09-17T23:56:05.005+0000] {logging_mixin.py:188} INFO - Data transformed successfully!
[2026-09-17T23:56:05.026+0000] {processor.py:840} INFO - DAG(s) 'weather_pipeline' retrieved from /opt/airflow/dags/weather_pipeline.py
[2026-09-17T23:56:05.070+0000] {logging_mixin.py:188} INFO - [2026-09-17T23:56:05.069+0000] {dag.py:3096} INFO - Sync 1 DAGs
[2026-09-17T23:56:05.139+0000] {processor.py:183} INFO - Processing /opt/airflow/dags/weather_pipeline.py took 0.687 seconds
[2026-09-17T23:56:35.414+0000] {processor.py:161} INFO - Started process (PID=332) to work on /opt/airflow/dags/weather_pipeline.py
[2026-09-17T23:56:35.418+0000] {processor.py:830} INFO - Processing file /opt/airflow/dags/weather_pipeline.py for tasks to queue
[2026-09-17T23:56:35.424+0000] {logging_mixin.py:188} INFO - [2026-09-17T23:56:35.423+0000] {dagbag.py:545} INFO - Filling up the DagBag from /opt/airflow/dags/weather_pipeline.py
[2026-09-17T23:56:36.122+0000] {logging_mixin.py:188} INFO - Data transformed successfully!
[2026-09-17T23:56:36.143+0000] {processor.py:840} INFO - DAG(s) 'weather_pipeline' retrieved from /opt/airflow/dags/weather_pipeline.py
[2026-09-17T23:56:36.199+0000] {logging_mixin.py:188} INFO - [2026-09-17T23:56:36.198+0000] {dag.py:3096} INFO - Sync 1 DAGs
[2026-09-17T23:56:36.325+0000] {processor.py:183} INFO - Processing /opt/airflow/dags/weather_pipeline.py took 0.939 seconds
[2026-09-17T23:57:06.573+0000] {processor.py:161} INFO - Started process (PID=334) to work on /opt/airflow/dags/weather_pipeline.py
[2026-09-17T23:57:06.576+0000] {processor.py:830} INFO - Processing file /opt/airflow/dags/weather_pipeline.py for tasks to queue
[2026-09-17T23:57:06.581+0000] {logging_mixin.py:188} INFO - [2026-09-17T23:57:06.580+0000] {dagbag.py:545} INFO - Filling up the DagBag from /opt/airflow/dags/weather_pipeline.py
[2026-09-17T23:57:07.122+0000] {logging_mixin.py:188} INFO - Data transformed successfully!
[2026-09-17T23:57:07.141+0000] {processor.py:840} INFO - DAG(s) 'weather_pipeline' retrieved from /opt/airflow/dags/weather_pipeline.py
[2026-09-17T23:57:07.183+0000] {logging_mixin.py:188} INFO - [2026-09-17T23:57:07.183+0000] {dag.py:3096} INFO - Sync 1 DAGs
[2026-09-17T23:57:07.249+0000] {processor.py:183} INFO - Processing /opt/airflow/dags/weather_pipeline.py took 0.694 seconds
[2026-09-17T23:57:37.545+0000] {processor.py:161} INFO - Started process (PID=336) to work on /opt/airflow/dags/weather_pipeline.py
[2026-09-17T23:57:37.550+0000] {processor.py:830} INFO - Processing file /opt/airflow/dags/weather_pipeline.py for tasks to queue
[2026-09-17T23:57:37.558+0000] {logging_mixin.py:188} INFO - [2026-09-17T23:57:37.557+0000] {dagbag.py:545} INFO - Filling up the DagBag from /opt/airflow/dags/weather_pipeline.py
[2026-09-17T23:57:38.292+0000] {logging_mixin.py:188} INFO - Data transformed successfully!
[2026-09-17T23:57:38.311+0000] {processor.py:840} INFO - DAG(s) 'weather_pipeline' retrieved from /opt/airflow/dags/weather_pipeline.py
[2026-09-17T23:57:38.361+0000] {logging_mixin.py:188} INFO - [2026-09-17T23:57:38.360+0000] {dag.py:3096} INFO - Sync 1 DAGs
[2026-09-17T23:57:38.428+0000] {processor.py:183} INFO - Processing /opt/airflow/dags/weather_pipeline.py took 0.908 seconds
[2026-09-17T23:58:08.709+0000] {processor.py:161} INFO - Started process (PID=338) to work on /opt/airflow/dags/weather_pipeline.py
[2026-09-17T23:58:08.713+0000] {processor.py:830} INFO - Processing file /opt/airflow/dags/weather_pipeline.py for tasks to queue
[2026-09-17T23:58:08.719+0000] {logging_mixin.py:188} INFO - [2026-09-17T23:58:08.718+0000] {dagbag.py:545} INFO - Filling up the DagBag from /opt/airflow/dags/weather_pipeline.py
[2026-09-17T23:58:09.345+0000] {logging_mixin.py:188} INFO - Data transformed successfully!
[2026-09-17T23:58:09.365+0000] {processor.py:840} INFO - DAG(s) 'weather_pipeline' retrieved from /opt/airflow/dags/weather_pipeline.py
[2026-09-17T23:58:09.408+0000] {logging_mixin.py:188} INFO - [2026-09-17T23:58:09.408+0000] {dag.py:3096} INFO - Sync 1 DAGs
[2026-09-17T23:58:09.467+0000] {processor.py:183} INFO - Processing /opt/airflow/dags/weather_pipeline.py took 0.780 seconds
[2026-09-17T23:58:39.747+0000] {processor.py:161} INFO - Started process (PID=340) to work on /opt/airflow/dags/weather_pipeline.py
[2026-09-17T23:58:39.750+0000] {processor.py:830} INFO - Processing file /opt/airflow/dags/weather_pipeline.py for tasks to queue
[2026-09-17T23:58:39.757+0000] {logging_mixin.py:188} INFO - [2026-09-17T23:58:39.756+0000] {dagbag.py:545} INFO - Filling up the DagBag from /opt/airflow/dags/weather_pipeline.py
[2026-09-17T23:58:40.499+0000] {logging_mixin.py:188} INFO - Data transformed successfully!
[2026-09-17T23:58:40.502+0000] {logging_mixin.py:188} INFO - [2026-09-17T23:58:40.501+0000] {dagbag.py:355} ERROR - Failed to import: /opt/airflow/dags/weather_pipeline.py
Traceback (most recent call last):
  File "/home/airflow/.local/lib/python3.10/site-packages/airflow/models/dagbag.py", line 351, in parse
    loader.exec_module(new_module)
  File "<frozen importlib._bootstrap_external>", line 883, in exec_module
  File "<frozen importlib._bootstrap>", line 241, in _call_with_frames_removed
  File "/opt/airflow/dags/weather_pipeline.py", line 20, in <module>
    from scripts.script_03_load import run_load
  File "/opt/airflow/scripts/script_03_load.py", line 21
    DATABASE_URL = "postgresql://airflow:airflow@postgres:5432/weather_db" = os.getenv(
                   ^^^^^^^^^^^^^^^^^^^^^^^^^^^^^^^^^^^^^^^^^^^^^^^^^^^^^^^
SyntaxError: cannot assign to literal
[2026-09-17T23:58:40.503+0000] {processor.py:842} WARNING - No viable dags retrieved from /opt/airflow/dags/weather_pipeline.py
[2026-09-17T23:58:40.536+0000] {processor.py:183} INFO - Processing /opt/airflow/dags/weather_pipeline.py took 0.815 seconds
[2026-09-17T23:59:10.709+0000] {processor.py:161} INFO - Started process (PID=342) to work on /opt/airflow/dags/weather_pipeline.py
[2026-09-17T23:59:10.710+0000] {processor.py:830} INFO - Processing file /opt/airflow/dags/weather_pipeline.py for tasks to queue
[2026-09-17T23:59:10.712+0000] {logging_mixin.py:188} INFO - [2026-09-17T23:59:10.712+0000] {dagbag.py:545} INFO - Filling up the DagBag from /opt/airflow/dags/weather_pipeline.py
[2026-09-17T23:59:11.255+0000] {logging_mixin.py:188} INFO - Data transformed successfully!
[2026-09-17T23:59:11.275+0000] {processor.py:840} INFO - DAG(s) 'weather_pipeline' retrieved from /opt/airflow/dags/weather_pipeline.py
[2026-09-17T23:59:11.325+0000] {logging_mixin.py:188} INFO - [2026-09-17T23:59:11.324+0000] {dag.py:3096} INFO - Sync 1 DAGs
[2026-09-17T23:59:11.387+0000] {processor.py:183} INFO - Processing /opt/airflow/dags/weather_pipeline.py took 0.687 seconds
[2026-09-17T23:59:41.620+0000] {processor.py:161} INFO - Started process (PID=344) to work on /opt/airflow/dags/weather_pipeline.py
[2026-09-17T23:59:41.624+0000] {processor.py:830} INFO - Processing file /opt/airflow/dags/weather_pipeline.py for tasks to queue
[2026-09-17T23:59:41.629+0000] {logging_mixin.py:188} INFO - [2026-09-17T23:59:41.628+0000] {dagbag.py:545} INFO - Filling up the DagBag from /opt/airflow/dags/weather_pipeline.py
[2026-09-17T23:59:42.188+0000] {logging_mixin.py:188} INFO - Data transformed successfully!
[2026-09-17T23:59:42.208+0000] {processor.py:840} INFO - DAG(s) 'weather_pipeline' retrieved from /opt/airflow/dags/weather_pipeline.py
[2026-09-17T23:59:42.255+0000] {logging_mixin.py:188} INFO - [2026-09-17T23:59:42.254+0000] {dag.py:3096} INFO - Sync 1 DAGs
[2026-09-17T23:59:42.315+0000] {processor.py:183} INFO - Processing /opt/airflow/dags/weather_pipeline.py took 0.718 seconds
