[2026-09-17T20:05:27.477+0000] {manager.py:470} INFO - Processing files using up to 2 processes at a time 
[2026-09-17T20:05:27.478+0000] {manager.py:471} INFO - Process each file at most once every 30 seconds
[2026-09-17T20:05:27.478+0000] {manager.py:472} INFO - Checking for new files in /opt/airflow/dags every 300 seconds
[2026-09-17T20:05:27.478+0000] {manager.py:737} INFO - Searching for files in /opt/airflow/dags
[2026-09-17T20:05:27.479+0000] {manager.py:740} INFO - There are 0 files in /opt/airflow/dags
[2026-09-17T20:10:28.132+0000] {manager.py:737} INFO - Searching for files in /opt/airflow/dags
[2026-09-17T20:10:28.133+0000] {manager.py:740} INFO - There are 0 files in /opt/airflow/dags
[2026-09-17T20:15:28.908+0000] {manager.py:737} INFO - Searching for files in /opt/airflow/dags
[2026-09-17T20:15:28.911+0000] {manager.py:740} INFO - There are 0 files in /opt/airflow/dags
[2026-09-17T20:20:28.948+0000] {manager.py:737} INFO - Searching for files in /opt/airflow/dags
[2026-09-17T20:20:28.950+0000] {manager.py:740} INFO - There are 0 files in /opt/airflow/dags
[2026-09-17T20:25:28.996+0000] {manager.py:737} INFO - Searching for files in /opt/airflow/dags
[2026-09-17T20:25:28.998+0000] {manager.py:740} INFO - There are 0 files in /opt/airflow/dags
[2026-09-17T20:30:29.076+0000] {manager.py:737} INFO - Searching for files in /opt/airflow/dags
[2026-09-17T20:30:29.077+0000] {manager.py:740} INFO - There are 0 files in /opt/airflow/dags
[2026-09-17T20:35:29.095+0000] {manager.py:737} INFO - Searching for files in /opt/airflow/dags
[2026-09-17T20:35:29.096+0000] {manager.py:740} INFO - There are 0 files in /opt/airflow/dags
[2026-09-17T20:40:30.091+0000] {manager.py:737} INFO - Searching for files in /opt/airflow/dags
[2026-09-17T20:40:30.093+0000] {manager.py:740} INFO - There are 0 files in /opt/airflow/dags
[2026-09-17T20:45:31.077+0000] {manager.py:737} INFO - Searching for files in /opt/airflow/dags
[2026-09-17T20:45:31.079+0000] {manager.py:740} INFO - There are 0 files in /opt/airflow/dags
[2026-09-17T20:50:31.970+0000] {manager.py:737} INFO - Searching for files in /opt/airflow/dags
[2026-09-17T20:50:31.973+0000] {manager.py:740} INFO - There are 0 files in /opt/airflow/dags
[2026-09-17T20:55:32.955+0000] {manager.py:737} INFO - Searching for files in /opt/airflow/dags
[2026-09-17T20:55:32.959+0000] {manager.py:740} INFO - There are 0 files in /opt/airflow/dags
[2026-09-17T21:00:33.025+0000] {manager.py:737} INFO - Searching for files in /opt/airflow/dags
[2026-09-17T21:00:33.027+0000] {manager.py:740} INFO - There are 0 files in /opt/airflow/dags
[2026-09-17T21:05:33.133+0000] {manager.py:737} INFO - Searching for files in /opt/airflow/dags
[2026-09-17T21:05:33.135+0000] {manager.py:740} INFO - There are 0 files in /opt/airflow/dags
[2026-09-17T21:10:34.127+0000] {manager.py:737} INFO - Searching for files in /opt/airflow/dags
[2026-09-17T21:10:34.132+0000] {manager.py:740} INFO - There are 1 files in /opt/airflow/dags
[2026-09-17T21:10:53.543+0000] {manager.py:878} INFO - 
================================================================================
DAG File Processing Stats

File Path                              PID    Runtime      # DAGs    # Errors  Last Runtime    Last Run
-------------------------------------  -----  ---------  --------  ----------  --------------  -------------------
/opt/airflow/dags/weather_pipeline.py                           0           1  0.16s           2026-09-17T21:10:44
================================================================================
[2026-09-17T21:11:23.916+0000] {manager.py:878} INFO - 
================================================================================
DAG File Processing Stats

File Path                              PID    Runtime      # DAGs    # Errors  Last Runtime    Last Run
-------------------------------------  -----  ---------  --------  ----------  --------------  -------------------
/opt/airflow/dags/weather_pipeline.py                           1           0  0.39s           2026-09-17T21:11:08
================================================================================
[2026-09-17T21:12:34.600+0000] {manager.py:470} INFO - Processing files using up to 2 processes at a time 
[2026-09-17T21:12:34.601+0000] {manager.py:471} INFO - Process each file at most once every 30 seconds
[2026-09-17T21:12:34.602+0000] {manager.py:472} INFO - Checking for new files in /opt/airflow/dags every 300 seconds
[2026-09-17T21:12:34.602+0000] {manager.py:737} INFO - Searching for files in /opt/airflow/dags
[2026-09-17T21:12:34.605+0000] {manager.py:740} INFO - There are 1 files in /opt/airflow/dags
[2026-09-17T21:12:34.737+0000] {manager.py:878} INFO - 
================================================================================
DAG File Processing Stats

File Path                                PID  Runtime      # DAGs    # Errors  Last Runtime    Last Run
-------------------------------------  -----  ---------  --------  ----------  --------------  ----------
/opt/airflow/dags/weather_pipeline.py     51  0.07s             0           0
================================================================================
[2026-09-17T21:13:04.898+0000] {manager.py:878} INFO - 
================================================================================
DAG File Processing Stats

File Path                                PID  Runtime      # DAGs    # Errors  Last Runtime    Last Run
-------------------------------------  -----  ---------  --------  ----------  --------------  -------------------
/opt/airflow/dags/weather_pipeline.py     71  0.01s             1           0  0.18s           2026-09-17T21:12:34
================================================================================
[2026-09-17T21:13:35.150+0000] {manager.py:878} INFO - 
================================================================================
DAG File Processing Stats

File Path                              PID    Runtime      # DAGs    # Errors  Last Runtime    Last Run
-------------------------------------  -----  ---------  --------  ----------  --------------  -------------------
/opt/airflow/dags/weather_pipeline.py                           1           0  0.42s           2026-09-17T21:13:05
================================================================================
[2026-09-17T21:14:05.627+0000] {manager.py:878} INFO - 
================================================================================
DAG File Processing Stats

File Path                              PID    Runtime      # DAGs    # Errors  Last Runtime    Last Run
-------------------------------------  -----  ---------  --------  ----------  --------------  -------------------
/opt/airflow/dags/weather_pipeline.py                           1           0  0.32s           2026-09-17T21:13:35
================================================================================
[2026-09-17T21:14:36.128+0000] {manager.py:878} INFO - 
================================================================================
DAG File Processing Stats

File Path                                PID  Runtime      # DAGs    # Errors  Last Runtime    Last Run
-------------------------------------  -----  ---------  --------  ----------  --------------  -------------------
/opt/airflow/dags/weather_pipeline.py     93  0.01s             1           0  0.17s           2026-09-17T21:14:06
================================================================================
[2026-09-17T21:15:06.491+0000] {manager.py:878} INFO - 
================================================================================
DAG File Processing Stats

File Path                                PID  Runtime      # DAGs    # Errors  Last Runtime    Last Run
-------------------------------------  -----  ---------  --------  ----------  --------------  -------------------
/opt/airflow/dags/weather_pipeline.py     94  0.01s             1           0  0.34s           2026-09-17T21:14:36
================================================================================
[2026-09-17T21:15:36.885+0000] {manager.py:878} INFO - 
================================================================================
DAG File Processing Stats

File Path                                PID  Runtime      # DAGs    # Errors  Last Runtime    Last Run
-------------------------------------  -----  ---------  --------  ----------  --------------  -------------------
/opt/airflow/dags/weather_pipeline.py     95  0.01s             1           0  0.26s           2026-09-17T21:15:06
================================================================================
[2026-09-17T21:16:07.150+0000] {manager.py:878} INFO - 
================================================================================
DAG File Processing Stats

File Path                              PID    Runtime      # DAGs    # Errors  Last Runtime    Last Run
-------------------------------------  -----  ---------  --------  ----------  --------------  -------------------
/opt/airflow/dags/weather_pipeline.py                           1           0  0.32s           2026-09-17T21:15:37
================================================================================
[2026-09-17T21:16:37.629+0000] {manager.py:878} INFO - 
================================================================================
DAG File Processing Stats

File Path                              PID    Runtime      # DAGs    # Errors  Last Runtime    Last Run
-------------------------------------  -----  ---------  --------  ----------  --------------  -------------------
/opt/airflow/dags/weather_pipeline.py                           1           0  0.24s           2026-09-17T21:16:07
================================================================================
[2026-09-17T21:17:08.073+0000] {manager.py:878} INFO - 
================================================================================
DAG File Processing Stats

File Path                              PID    Runtime      # DAGs    # Errors  Last Runtime    Last Run
-------------------------------------  -----  ---------  --------  ----------  --------------  -------------------
/opt/airflow/dags/weather_pipeline.py                           1           0  0.28s           2026-09-17T21:16:38
================================================================================
[2026-09-17T21:17:34.826+0000] {manager.py:737} INFO - Searching for files in /opt/airflow/dags
[2026-09-17T21:17:34.829+0000] {manager.py:740} INFO - There are 1 files in /opt/airflow/dags
[2026-09-17T21:17:38.603+0000] {manager.py:878} INFO - 
================================================================================
DAG File Processing Stats

File Path                                PID  Runtime      # DAGs    # Errors  Last Runtime    Last Run
-------------------------------------  -----  ---------  --------  ----------  --------------  -------------------
/opt/airflow/dags/weather_pipeline.py     99  0.01s             1           0  0.29s           2026-09-17T21:17:08
================================================================================
[2026-09-17T21:18:09.117+0000] {manager.py:878} INFO - 
================================================================================
DAG File Processing Stats

File Path                              PID    Runtime      # DAGs    # Errors  Last Runtime    Last Run
-------------------------------------  -----  ---------  --------  ----------  --------------  -------------------
/opt/airflow/dags/weather_pipeline.py                           1           0  0.38s           2026-09-17T21:17:51
================================================================================
[2026-09-17T21:18:39.705+0000] {manager.py:878} INFO - 
================================================================================
DAG File Processing Stats

File Path                              PID    Runtime      # DAGs    # Errors  Last Runtime    Last Run
-------------------------------------  -----  ---------  --------  ----------  --------------  -------------------
/opt/airflow/dags/weather_pipeline.py                           1           0  0.26s           2026-09-17T21:18:21
================================================================================
[2026-09-17T21:19:10.174+0000] {manager.py:878} INFO - 
================================================================================
DAG File Processing Stats

File Path                              PID    Runtime      # DAGs    # Errors  Last Runtime    Last Run
-------------------------------------  -----  ---------  --------  ----------  --------------  -------------------
/opt/airflow/dags/weather_pipeline.py                           1           0  0.34s           2026-09-17T21:18:52
================================================================================
[2026-09-17T21:19:40.733+0000] {manager.py:878} INFO - 
================================================================================
DAG File Processing Stats

File Path                              PID    Runtime      # DAGs    # Errors  Last Runtime    Last Run
-------------------------------------  -----  ---------  --------  ----------  --------------  -------------------
/opt/airflow/dags/weather_pipeline.py                           1           0  0.27s           2026-09-17T21:19:22
================================================================================
[2026-09-17T21:20:11.220+0000] {manager.py:878} INFO - 
================================================================================
DAG File Processing Stats

File Path                              PID    Runtime      # DAGs    # Errors  Last Runtime    Last Run
-------------------------------------  -----  ---------  --------  ----------  --------------  -------------------
/opt/airflow/dags/weather_pipeline.py                           1           0  0.26s           2026-09-17T21:19:53
================================================================================
[2026-09-17T21:20:41.686+0000] {manager.py:878} INFO - 
================================================================================
DAG File Processing Stats

File Path                              PID    Runtime      # DAGs    # Errors  Last Runtime    Last Run
-------------------------------------  -----  ---------  --------  ----------  --------------  -------------------
/opt/airflow/dags/weather_pipeline.py                           1           0  0.26s           2026-09-17T21:20:23
================================================================================
[2026-09-17T21:21:12.166+0000] {manager.py:878} INFO - 
================================================================================
DAG File Processing Stats

File Path                              PID    Runtime      # DAGs    # Errors  Last Runtime    Last Run
-------------------------------------  -----  ---------  --------  ----------  --------------  -------------------
/opt/airflow/dags/weather_pipeline.py                           1           0  0.36s           2026-09-17T21:20:54
================================================================================
[2026-09-17T21:21:42.719+0000] {manager.py:878} INFO - 
================================================================================
DAG File Processing Stats

File Path                              PID    Runtime      # DAGs    # Errors  Last Runtime    Last Run
-------------------------------------  -----  ---------  --------  ----------  --------------  -------------------
/opt/airflow/dags/weather_pipeline.py                           1           0  0.35s           2026-09-17T21:21:24
================================================================================
[2026-09-17T21:22:13.287+0000] {manager.py:878} INFO - 
================================================================================
DAG File Processing Stats

File Path                              PID    Runtime      # DAGs    # Errors  Last Runtime    Last Run
-------------------------------------  -----  ---------  --------  ----------  --------------  -------------------
/opt/airflow/dags/weather_pipeline.py                           1           0  0.16s           2026-09-17T21:21:55
================================================================================
[2026-09-17T21:22:35.590+0000] {manager.py:737} INFO - Searching for files in /opt/airflow/dags
[2026-09-17T21:22:35.595+0000] {manager.py:740} INFO - There are 1 files in /opt/airflow/dags
[2026-09-17T21:22:43.693+0000] {manager.py:878} INFO - 
================================================================================
DAG File Processing Stats

File Path                              PID    Runtime      # DAGs    # Errors  Last Runtime    Last Run
-------------------------------------  -----  ---------  --------  ----------  --------------  -------------------
/opt/airflow/dags/weather_pipeline.py                           1           0  0.18s           2026-09-17T21:22:25
================================================================================
[2026-09-17T21:23:13.896+0000] {manager.py:878} INFO - 
================================================================================
DAG File Processing Stats

File Path                              PID    Runtime      # DAGs    # Errors  Last Runtime    Last Run
-------------------------------------  -----  ---------  --------  ----------  --------------  -------------------
/opt/airflow/dags/weather_pipeline.py                           1           0  0.35s           2026-09-17T21:22:56
================================================================================
[2026-09-17T21:23:44.361+0000] {manager.py:878} INFO - 
================================================================================
DAG File Processing Stats

File Path                              PID    Runtime      # DAGs    # Errors  Last Runtime    Last Run
-------------------------------------  -----  ---------  --------  ----------  --------------  -------------------
/opt/airflow/dags/weather_pipeline.py                           1           0  0.29s           2026-09-17T21:23:26
================================================================================
[2026-09-17T21:24:14.802+0000] {manager.py:878} INFO - 
================================================================================
DAG File Processing Stats

File Path                              PID    Runtime      # DAGs    # Errors  Last Runtime    Last Run
-------------------------------------  -----  ---------  --------  ----------  --------------  -------------------
/opt/airflow/dags/weather_pipeline.py                           1           0  0.29s           2026-09-17T21:23:56
================================================================================
[2026-09-17T21:24:45.355+0000] {manager.py:878} INFO - 
================================================================================
DAG File Processing Stats

File Path                              PID    Runtime      # DAGs    # Errors  Last Runtime    Last Run
-------------------------------------  -----  ---------  --------  ----------  --------------  -------------------
/opt/airflow/dags/weather_pipeline.py                           0           1  0.18s           2026-09-17T21:24:36
================================================================================
[2026-09-17T21:25:15.532+0000] {manager.py:878} INFO - 
================================================================================
DAG File Processing Stats

File Path                              PID    Runtime      # DAGs    # Errors  Last Runtime    Last Run
-------------------------------------  -----  ---------  --------  ----------  --------------  -------------------
/opt/airflow/dags/weather_pipeline.py                           0           1  0.07s           2026-09-17T21:25:06
================================================================================
[2026-09-17T21:25:45.812+0000] {manager.py:878} INFO - 
================================================================================
DAG File Processing Stats

File Path                              PID    Runtime      # DAGs    # Errors  Last Runtime    Last Run
-------------------------------------  -----  ---------  --------  ----------  --------------  -------------------
/opt/airflow/dags/weather_pipeline.py                           0           1  0.21s           2026-09-17T21:25:36
================================================================================
[2026-09-17T21:26:16.114+0000] {manager.py:878} INFO - 
================================================================================
DAG File Processing Stats

File Path                              PID    Runtime      # DAGs    # Errors  Last Runtime    Last Run
-------------------------------------  -----  ---------  --------  ----------  --------------  -------------------
/opt/airflow/dags/weather_pipeline.py                           1           0  0.91s           2026-09-17T21:26:16
================================================================================
[2026-09-17T21:26:46.819+0000] {manager.py:878} INFO - 
================================================================================
DAG File Processing Stats

File Path                              PID    Runtime      # DAGs    # Errors  Last Runtime    Last Run
-------------------------------------  -----  ---------  --------  ----------  --------------  -------------------
/opt/airflow/dags/weather_pipeline.py                           0           1  0.20s           2026-09-17T21:26:41
================================================================================
[2026-09-17T21:27:17.504+0000] {manager.py:878} INFO - 
================================================================================
DAG File Processing Stats

File Path                              PID    Runtime      # DAGs    # Errors  Last Runtime    Last Run
-------------------------------------  -----  ---------  --------  ----------  --------------  -------------------
/opt/airflow/dags/weather_pipeline.py                           0           1  0.20s           2026-09-17T21:27:16
================================================================================
[2026-09-17T21:27:35.968+0000] {manager.py:737} INFO - Searching for files in /opt/airflow/dags
[2026-09-17T21:27:35.971+0000] {manager.py:740} INFO - There are 1 files in /opt/airflow/dags
[2026-09-17T21:27:47.534+0000] {manager.py:878} INFO - 
================================================================================
DAG File Processing Stats

File Path                              PID    Runtime      # DAGs    # Errors  Last Runtime    Last Run
-------------------------------------  -----  ---------  --------  ----------  --------------  -------------------
/opt/airflow/dags/weather_pipeline.py                           0           1  0.19s           2026-09-17T21:27:47
================================================================================
[2026-09-17T21:28:17.756+0000] {manager.py:878} INFO - 
================================================================================
DAG File Processing Stats

File Path                              PID    Runtime      # DAGs    # Errors  Last Runtime    Last Run
-------------------------------------  -----  ---------  --------  ----------  --------------  -------------------
/opt/airflow/dags/weather_pipeline.py                           0           1  0.17s           2026-09-17T21:27:53
================================================================================
[2026-09-17T21:28:48.410+0000] {manager.py:878} INFO - 
================================================================================
DAG File Processing Stats

File Path                              PID    Runtime      # DAGs    # Errors  Last Runtime    Last Run
-------------------------------------  -----  ---------  --------  ----------  --------------  -------------------
/opt/airflow/dags/weather_pipeline.py                           0           1  0.19s           2026-09-17T21:28:30
================================================================================
[2026-09-17T21:29:18.780+0000] {manager.py:878} INFO - 
================================================================================
DAG File Processing Stats

File Path                              PID    Runtime      # DAGs    # Errors  Last Runtime    Last Run
-------------------------------------  -----  ---------  --------  ----------  --------------  -------------------
/opt/airflow/dags/weather_pipeline.py                           0           1  0.17s           2026-09-17T21:29:00
================================================================================
[2026-09-17T21:29:48.999+0000] {manager.py:878} INFO - 
================================================================================
DAG File Processing Stats

File Path                              PID    Runtime      # DAGs    # Errors  Last Runtime    Last Run
-------------------------------------  -----  ---------  --------  ----------  --------------  -------------------
/opt/airflow/dags/weather_pipeline.py                           0           1  0.08s           2026-09-17T21:29:30
================================================================================
[2026-09-17T21:30:19.118+0000] {manager.py:878} INFO - 
================================================================================
DAG File Processing Stats

File Path                              PID    Runtime      # DAGs    # Errors  Last Runtime    Last Run
-------------------------------------  -----  ---------  --------  ----------  --------------  -------------------
/opt/airflow/dags/weather_pipeline.py                           0           1  0.19s           2026-09-17T21:30:13
================================================================================
[2026-09-17T21:30:49.325+0000] {manager.py:878} INFO - 
================================================================================
DAG File Processing Stats

File Path                              PID    Runtime      # DAGs    # Errors  Last Runtime    Last Run
-------------------------------------  -----  ---------  --------  ----------  --------------  -------------------
/opt/airflow/dags/weather_pipeline.py                           1           0  0.43s           2026-09-17T21:30:22
================================================================================
[2026-09-17T21:31:41.588+0000] {manager.py:470} INFO - Processing files using up to 2 processes at a time 
[2026-09-17T21:31:41.589+0000] {manager.py:471} INFO - Process each file at most once every 30 seconds
[2026-09-17T21:31:41.589+0000] {manager.py:472} INFO - Checking for new files in /opt/airflow/dags every 300 seconds
[2026-09-17T21:31:41.590+0000] {manager.py:737} INFO - Searching for files in /opt/airflow/dags
[2026-09-17T21:31:41.592+0000] {manager.py:740} INFO - There are 1 files in /opt/airflow/dags
[2026-09-17T21:31:41.718+0000] {manager.py:878} INFO - 
================================================================================
DAG File Processing Stats

File Path                                PID  Runtime      # DAGs    # Errors  Last Runtime    Last Run
-------------------------------------  -----  ---------  --------  ----------  --------------  ----------
/opt/airflow/dags/weather_pipeline.py     51  0.06s             0           0
================================================================================
[2026-09-17T21:32:11.859+0000] {manager.py:878} INFO - 
================================================================================
DAG File Processing Stats

File Path                                PID  Runtime      # DAGs    # Errors  Last Runtime    Last Run
-------------------------------------  -----  ---------  --------  ----------  --------------  -------------------
/opt/airflow/dags/weather_pipeline.py     71  0.01s             1           0  0.16s           2026-09-17T21:31:41
================================================================================
[2026-09-17T21:32:42.098+0000] {manager.py:878} INFO - 
================================================================================
DAG File Processing Stats

File Path                              PID    Runtime      # DAGs    # Errors  Last Runtime    Last Run
-------------------------------------  -----  ---------  --------  ----------  --------------  -------------------
/opt/airflow/dags/weather_pipeline.py                           1           0  0.29s           2026-09-17T21:32:12
================================================================================
[2026-09-17T21:33:12.484+0000] {manager.py:878} INFO - 
================================================================================
DAG File Processing Stats

File Path                              PID    Runtime      # DAGs    # Errors  Last Runtime    Last Run
-------------------------------------  -----  ---------  --------  ----------  --------------  -------------------
/opt/airflow/dags/weather_pipeline.py                           1           0  0.24s           2026-09-17T21:32:42
================================================================================
[2026-09-17T21:33:42.925+0000] {manager.py:878} INFO - 
================================================================================
DAG File Processing Stats

File Path                              PID    Runtime      # DAGs    # Errors  Last Runtime    Last Run
-------------------------------------  -----  ---------  --------  ----------  --------------  -------------------
/opt/airflow/dags/weather_pipeline.py                           1           0  0.33s           2026-09-17T21:33:13
================================================================================
[2026-09-17T21:34:13.435+0000] {manager.py:878} INFO - 
================================================================================
DAG File Processing Stats

File Path                              PID    Runtime      # DAGs    # Errors  Last Runtime    Last Run
-------------------------------------  -----  ---------  --------  ----------  --------------  -------------------
/opt/airflow/dags/weather_pipeline.py                           1           0  0.37s           2026-09-17T21:33:43
================================================================================
[2026-09-17T21:34:44.020+0000] {manager.py:878} INFO - 
================================================================================
DAG File Processing Stats

File Path                                PID  Runtime      # DAGs    # Errors  Last Runtime    Last Run
-------------------------------------  -----  ---------  --------  ----------  --------------  -------------------
/opt/airflow/dags/weather_pipeline.py     77  0.02s             1           0  0.17s           2026-09-17T21:34:13
================================================================================
[2026-09-17T21:35:14.407+0000] {manager.py:878} INFO - 
================================================================================
DAG File Processing Stats

File Path                                PID  Runtime      # DAGs    # Errors  Last Runtime    Last Run
-------------------------------------  -----  ---------  --------  ----------  --------------  -------------------
/opt/airflow/dags/weather_pipeline.py     78  0.01s             1           0  0.26s           2026-09-17T21:34:44
================================================================================
[2026-09-17T21:35:44.689+0000] {manager.py:878} INFO - 
================================================================================
DAG File Processing Stats

File Path                              PID    Runtime      # DAGs    # Errors  Last Runtime    Last Run
-------------------------------------  -----  ---------  --------  ----------  --------------  -------------------
/opt/airflow/dags/weather_pipeline.py                           1           0  0.35s           2026-09-17T21:35:14
================================================================================
[2026-09-17T21:36:15.184+0000] {manager.py:878} INFO - 
================================================================================
DAG File Processing Stats

File Path                                PID  Runtime      # DAGs    # Errors  Last Runtime    Last Run
-------------------------------------  -----  ---------  --------  ----------  --------------  -------------------
/opt/airflow/dags/weather_pipeline.py     80  0.01s             1           0  0.17s           2026-09-17T21:35:45
================================================================================
[2026-09-17T21:36:41.731+0000] {manager.py:737} INFO - Searching for files in /opt/airflow/dags
[2026-09-17T21:36:41.734+0000] {manager.py:740} INFO - There are 1 files in /opt/airflow/dags
[2026-09-17T21:36:45.522+0000] {manager.py:878} INFO - 
================================================================================
DAG File Processing Stats

File Path                              PID    Runtime      # DAGs    # Errors  Last Runtime    Last Run
-------------------------------------  -----  ---------  --------  ----------  --------------  -------------------
/opt/airflow/dags/weather_pipeline.py                           1           0  0.41s           2026-09-17T21:36:15
================================================================================
[2026-09-17T21:37:15.986+0000] {manager.py:878} INFO - 
================================================================================
DAG File Processing Stats

File Path                              PID    Runtime      # DAGs    # Errors  Last Runtime    Last Run
-------------------------------------  -----  ---------  --------  ----------  --------------  -------------------
/opt/airflow/dags/weather_pipeline.py                           1           0  0.24s           2026-09-17T21:36:46
================================================================================
[2026-09-17T21:37:46.451+0000] {manager.py:878} INFO - 
================================================================================
DAG File Processing Stats

File Path                              PID    Runtime      # DAGs    # Errors  Last Runtime    Last Run
-------------------------------------  -----  ---------  --------  ----------  --------------  -------------------
/opt/airflow/dags/weather_pipeline.py                           1           0  0.43s           2026-09-17T21:37:16
================================================================================
[2026-09-17T21:38:17.091+0000] {manager.py:878} INFO - 
================================================================================
DAG File Processing Stats

File Path                              PID    Runtime      # DAGs    # Errors  Last Runtime    Last Run
-------------------------------------  -----  ---------  --------  ----------  --------------  -------------------
/opt/airflow/dags/weather_pipeline.py                           1           0  0.24s           2026-09-17T21:37:47
================================================================================
[2026-09-17T21:38:47.505+0000] {manager.py:878} INFO - 
================================================================================
DAG File Processing Stats

File Path                              PID    Runtime      # DAGs    # Errors  Last Runtime    Last Run
-------------------------------------  -----  ---------  --------  ----------  --------------  -------------------
/opt/airflow/dags/weather_pipeline.py                           1           0  0.32s           2026-09-17T21:38:17
================================================================================
[2026-09-17T21:39:18.039+0000] {manager.py:878} INFO - 
================================================================================
DAG File Processing Stats

File Path                              PID    Runtime      # DAGs    # Errors  Last Runtime    Last Run
-------------------------------------  -----  ---------  --------  ----------  --------------  -------------------
/opt/airflow/dags/weather_pipeline.py                           1           0  0.32s           2026-09-17T21:38:48
================================================================================
[2026-09-17T21:39:48.573+0000] {manager.py:878} INFO - 
================================================================================
DAG File Processing Stats

File Path                                PID  Runtime      # DAGs    # Errors  Last Runtime    Last Run
-------------------------------------  -----  ---------  --------  ----------  --------------  -------------------
/opt/airflow/dags/weather_pipeline.py     87  0.01s             1           0  0.21s           2026-09-17T21:39:18
================================================================================
[2026-09-17T21:40:18.972+0000] {manager.py:878} INFO - 
================================================================================
DAG File Processing Stats

File Path                                PID  Runtime      # DAGs    # Errors  Last Runtime    Last Run
-------------------------------------  -----  ---------  --------  ----------  --------------  -------------------
/opt/airflow/dags/weather_pipeline.py     88  0.01s             1           0  0.33s           2026-09-17T21:39:48
================================================================================
[2026-09-17T21:40:49.536+0000] {manager.py:878} INFO - 
================================================================================
DAG File Processing Stats

File Path                                PID  Runtime      # DAGs    # Errors  Last Runtime    Last Run
-------------------------------------  -----  ---------  --------  ----------  --------------  -------------------
/opt/airflow/dags/weather_pipeline.py     92  0.02s             0           1  0.11s           2026-09-17T21:40:46
================================================================================
[2026-09-17T21:41:20.429+0000] {manager.py:878} INFO - 
================================================================================
DAG File Processing Stats

File Path                              PID    Runtime      # DAGs    # Errors  Last Runtime    Last Run
-------------------------------------  -----  ---------  --------  ----------  --------------  -------------------
/opt/airflow/dags/weather_pipeline.py                           0           1  0.15s           2026-09-17T21:41:19
================================================================================
[2026-09-17T21:41:41.830+0000] {manager.py:737} INFO - Searching for files in /opt/airflow/dags
[2026-09-17T21:41:41.835+0000] {manager.py:740} INFO - There are 1 files in /opt/airflow/dags
[2026-09-17T21:41:50.996+0000] {manager.py:878} INFO - 
================================================================================
DAG File Processing Stats

File Path                              PID    Runtime      # DAGs    # Errors  Last Runtime    Last Run
-------------------------------------  -----  ---------  --------  ----------  --------------  -------------------
/opt/airflow/dags/weather_pipeline.py                           0           1  0.16s           2026-09-17T21:41:49
================================================================================
[2026-09-17T21:42:21.001+0000] {manager.py:878} INFO - 
================================================================================
DAG File Processing Stats

File Path                                PID  Runtime      # DAGs    # Errors  Last Runtime    Last Run
-------------------------------------  -----  ---------  --------  ----------  --------------  -------------------
/opt/airflow/dags/weather_pipeline.py    117  0.11s             0           1  0.13s           2026-09-17T21:42:17
================================================================================
[2026-09-17T21:42:51.538+0000] {manager.py:878} INFO - 
================================================================================
DAG File Processing Stats

File Path                              PID    Runtime      # DAGs    # Errors  Last Runtime    Last Run
-------------------------------------  -----  ---------  --------  ----------  --------------  -------------------
/opt/airflow/dags/weather_pipeline.py                           0           1  0.17s           2026-09-17T21:42:33
================================================================================
[2026-09-17T21:43:21.841+0000] {manager.py:878} INFO - 
================================================================================
DAG File Processing Stats

File Path                              PID    Runtime      # DAGs    # Errors  Last Runtime    Last Run
-------------------------------------  -----  ---------  --------  ----------  --------------  -------------------
/opt/airflow/dags/weather_pipeline.py                           0           1  0.17s           2026-09-17T21:43:03
================================================================================
[2026-09-17T21:43:52.035+0000] {manager.py:878} INFO - 
================================================================================
DAG File Processing Stats

File Path                              PID    Runtime      # DAGs    # Errors  Last Runtime    Last Run
-------------------------------------  -----  ---------  --------  ----------  --------------  -------------------
/opt/airflow/dags/weather_pipeline.py                           0           1  0.07s           2026-09-17T21:43:33
================================================================================
[2026-09-17T21:44:22.301+0000] {manager.py:878} INFO - 
================================================================================
DAG File Processing Stats

File Path                              PID    Runtime      # DAGs    # Errors  Last Runtime    Last Run
-------------------------------------  -----  ---------  --------  ----------  --------------  -------------------
/opt/airflow/dags/weather_pipeline.py                           0           1  0.14s           2026-09-17T21:44:04
================================================================================
[2026-09-17T21:45:05.595+0000] {manager.py:470} INFO - Processing files using up to 2 processes at a time 
[2026-09-17T21:45:05.596+0000] {manager.py:471} INFO - Process each file at most once every 30 seconds
[2026-09-17T21:45:05.596+0000] {manager.py:472} INFO - Checking for new files in /opt/airflow/dags every 300 seconds
[2026-09-17T21:45:05.597+0000] {manager.py:737} INFO - Searching for files in /opt/airflow/dags
[2026-09-17T21:45:05.599+0000] {manager.py:740} INFO - There are 1 files in /opt/airflow/dags
[2026-09-17T21:45:05.700+0000] {manager.py:878} INFO - 
================================================================================
DAG File Processing Stats

File Path                                PID  Runtime      # DAGs    # Errors  Last Runtime    Last Run
-------------------------------------  -----  ---------  --------  ----------  --------------  ----------
/opt/airflow/dags/weather_pipeline.py     51  0.05s             0           0
================================================================================
[2026-09-17T21:45:35.866+0000] {manager.py:878} INFO - 
================================================================================
DAG File Processing Stats

File Path                                PID  Runtime      # DAGs    # Errors  Last Runtime    Last Run
-------------------------------------  -----  ---------  --------  ----------  --------------  -------------------
/opt/airflow/dags/weather_pipeline.py     71  0.01s             0           1  0.07s           2026-09-17T21:45:05
================================================================================
[2026-09-17T21:46:06.131+0000] {manager.py:878} INFO - 
================================================================================
DAG File Processing Stats

File Path                              PID    Runtime      # DAGs    # Errors  Last Runtime    Last Run
-------------------------------------  -----  ---------  --------  ----------  --------------  -------------------
/opt/airflow/dags/weather_pipeline.py                           0           1  0.16s           2026-09-17T21:46:05
================================================================================
[2026-09-17T21:46:36.527+0000] {manager.py:878} INFO - 
================================================================================
DAG File Processing Stats

File Path                              PID    Runtime      # DAGs    # Errors  Last Runtime    Last Run
-------------------------------------  -----  ---------  --------  ----------  --------------  -------------------
/opt/airflow/dags/weather_pipeline.py                           0           1  0.19s           2026-09-17T21:46:10
================================================================================
[2026-09-17T21:47:07.210+0000] {manager.py:878} INFO - 
================================================================================
DAG File Processing Stats

File Path                              PID    Runtime      # DAGs    # Errors  Last Runtime    Last Run
-------------------------------------  -----  ---------  --------  ----------  --------------  -------------------
/opt/airflow/dags/weather_pipeline.py                           0           1  0.17s           2026-09-17T21:46:50
================================================================================
[2026-09-17T21:47:37.482+0000] {manager.py:878} INFO - 
================================================================================
DAG File Processing Stats

File Path                              PID    Runtime      # DAGs    # Errors  Last Runtime    Last Run
-------------------------------------  -----  ---------  --------  ----------  --------------  -------------------
/opt/airflow/dags/weather_pipeline.py                           0           1  0.08s           2026-09-17T21:47:20
================================================================================
[2026-09-17T21:48:07.710+0000] {manager.py:878} INFO - 
================================================================================
DAG File Processing Stats

File Path                              PID    Runtime      # DAGs    # Errors  Last Runtime    Last Run
-------------------------------------  -----  ---------  --------  ----------  --------------  -------------------
/opt/airflow/dags/weather_pipeline.py                           1           0  0.28s           2026-09-17T21:48:01
================================================================================
[2026-09-17T21:48:38.210+0000] {manager.py:878} INFO - 
================================================================================
DAG File Processing Stats

File Path                              PID    Runtime      # DAGs    # Errors  Last Runtime    Last Run
-------------------------------------  -----  ---------  --------  ----------  --------------  -------------------
/opt/airflow/dags/weather_pipeline.py                           1           0  0.26s           2026-09-17T21:48:32
================================================================================
[2026-09-17T21:49:08.683+0000] {manager.py:878} INFO - 
================================================================================
DAG File Processing Stats

File Path                              PID    Runtime      # DAGs    # Errors  Last Runtime    Last Run
-------------------------------------  -----  ---------  --------  ----------  --------------  -------------------
/opt/airflow/dags/weather_pipeline.py                           1           0  0.34s           2026-09-17T21:49:02
================================================================================
[2026-09-17T21:49:39.190+0000] {manager.py:878} INFO - 
================================================================================
DAG File Processing Stats

File Path                              PID    Runtime      # DAGs    # Errors  Last Runtime    Last Run
-------------------------------------  -----  ---------  --------  ----------  --------------  -------------------
/opt/airflow/dags/weather_pipeline.py                           1           0  0.16s           2026-09-17T21:49:33
================================================================================
[2026-09-17T21:50:05.624+0000] {manager.py:737} INFO - Searching for files in /opt/airflow/dags
[2026-09-17T21:50:05.627+0000] {manager.py:740} INFO - There are 1 files in /opt/airflow/dags
[2026-09-17T21:50:09.489+0000] {manager.py:878} INFO - 
================================================================================
DAG File Processing Stats

File Path                              PID    Runtime      # DAGs    # Errors  Last Runtime    Last Run
-------------------------------------  -----  ---------  --------  ----------  --------------  -------------------
/opt/airflow/dags/weather_pipeline.py                           1           0  0.17s           2026-09-17T21:50:03
================================================================================
[2026-09-17T21:50:39.847+0000] {manager.py:878} INFO - 
================================================================================
DAG File Processing Stats

File Path                              PID    Runtime      # DAGs    # Errors  Last Runtime    Last Run
-------------------------------------  -----  ---------  --------  ----------  --------------  -------------------
/opt/airflow/dags/weather_pipeline.py                           1           0  0.39s           2026-09-17T21:50:34
================================================================================
[2026-09-17T21:51:10.305+0000] {manager.py:878} INFO - 
================================================================================
DAG File Processing Stats

File Path                              PID    Runtime      # DAGs    # Errors  Last Runtime    Last Run
-------------------------------------  -----  ---------  --------  ----------  --------------  -------------------
/opt/airflow/dags/weather_pipeline.py                           1           0  0.25s           2026-09-17T21:51:04
================================================================================
[2026-09-17T21:51:40.779+0000] {manager.py:878} INFO - 
================================================================================
DAG File Processing Stats

File Path                              PID    Runtime      # DAGs    # Errors  Last Runtime    Last Run
-------------------------------------  -----  ---------  --------  ----------  --------------  -------------------
/opt/airflow/dags/weather_pipeline.py                           1           0  0.24s           2026-09-17T21:51:34
================================================================================
[2026-09-17T21:52:11.245+0000] {manager.py:878} INFO - 
================================================================================
DAG File Processing Stats

File Path                              PID    Runtime      # DAGs    # Errors  Last Runtime    Last Run
-------------------------------------  -----  ---------  --------  ----------  --------------  -------------------
/opt/airflow/dags/weather_pipeline.py                           1           0  0.31s           2026-09-17T21:52:05
================================================================================
[2026-09-17T21:52:41.550+0000] {manager.py:878} INFO - 
================================================================================
DAG File Processing Stats

File Path                              PID    Runtime      # DAGs    # Errors  Last Runtime    Last Run
-------------------------------------  -----  ---------  --------  ----------  --------------  -------------------
/opt/airflow/dags/weather_pipeline.py                           1           0  0.25s           2026-09-17T21:52:35
================================================================================
[2026-09-17T21:53:11.950+0000] {manager.py:878} INFO - 
================================================================================
DAG File Processing Stats

File Path                              PID    Runtime      # DAGs    # Errors  Last Runtime    Last Run
-------------------------------------  -----  ---------  --------  ----------  --------------  -------------------
/opt/airflow/dags/weather_pipeline.py                           1           0  0.44s           2026-09-17T21:53:06
================================================================================
[2026-09-17T21:53:42.458+0000] {manager.py:878} INFO - 
================================================================================
DAG File Processing Stats

File Path                              PID    Runtime      # DAGs    # Errors  Last Runtime    Last Run
-------------------------------------  -----  ---------  --------  ----------  --------------  -------------------
/opt/airflow/dags/weather_pipeline.py                           1           0  0.35s           2026-09-17T21:53:36
================================================================================
[2026-09-17T21:54:13.040+0000] {manager.py:878} INFO - 
================================================================================
DAG File Processing Stats

File Path                              PID    Runtime      # DAGs    # Errors  Last Runtime    Last Run
-------------------------------------  -----  ---------  --------  ----------  --------------  -------------------
/opt/airflow/dags/weather_pipeline.py                           1           0  0.31s           2026-09-17T21:54:07
================================================================================
[2026-09-17T21:54:43.427+0000] {manager.py:878} INFO - 
================================================================================
DAG File Processing Stats

File Path                              PID    Runtime      # DAGs    # Errors  Last Runtime    Last Run
-------------------------------------  -----  ---------  --------  ----------  --------------  -------------------
/opt/airflow/dags/weather_pipeline.py                           0           1  0.18s           2026-09-17T21:54:31
================================================================================
[2026-09-17T21:55:05.649+0000] {manager.py:737} INFO - Searching for files in /opt/airflow/dags
[2026-09-17T21:55:05.654+0000] {manager.py:740} INFO - There are 1 files in /opt/airflow/dags
[2026-09-17T21:55:13.763+0000] {manager.py:878} INFO - 
================================================================================
DAG File Processing Stats

File Path                              PID    Runtime      # DAGs    # Errors  Last Runtime    Last Run
-------------------------------------  -----  ---------  --------  ----------  --------------  -------------------
/opt/airflow/dags/weather_pipeline.py                           0           1  0.14s           2026-09-17T21:55:01
================================================================================
[2026-09-17T21:55:44.033+0000] {manager.py:878} INFO - 
================================================================================
DAG File Processing Stats

File Path                              PID    Runtime      # DAGs    # Errors  Last Runtime    Last Run
-------------------------------------  -----  ---------  --------  ----------  --------------  -------------------
/opt/airflow/dags/weather_pipeline.py                           0           1  0.15s           2026-09-17T21:55:32
================================================================================
[2026-09-17T21:56:14.345+0000] {manager.py:878} INFO - 
================================================================================
DAG File Processing Stats

File Path                              PID    Runtime      # DAGs    # Errors  Last Runtime    Last Run
-------------------------------------  -----  ---------  --------  ----------  --------------  -------------------
/opt/airflow/dags/weather_pipeline.py                           0           1  0.17s           2026-09-17T21:56:02
================================================================================
[2026-09-17T21:56:44.602+0000] {manager.py:878} INFO - 
================================================================================
DAG File Processing Stats

File Path                              PID    Runtime      # DAGs    # Errors  Last Runtime    Last Run
-------------------------------------  -----  ---------  --------  ----------  --------------  -------------------
/opt/airflow/dags/weather_pipeline.py                           0           1  0.15s           2026-09-17T21:56:32
================================================================================
[2026-09-17T21:57:15.024+0000] {manager.py:878} INFO - 
================================================================================
DAG File Processing Stats

File Path                              PID    Runtime      # DAGs    # Errors  Last Runtime    Last Run
-------------------------------------  -----  ---------  --------  ----------  --------------  -------------------
/opt/airflow/dags/weather_pipeline.py                           0           1  0.21s           2026-09-17T21:57:09
================================================================================
[2026-09-17T21:57:45.602+0000] {manager.py:878} INFO - 
================================================================================
DAG File Processing Stats

File Path                              PID    Runtime      # DAGs    # Errors  Last Runtime    Last Run
-------------------------------------  -----  ---------  --------  ----------  --------------  -------------------
/opt/airflow/dags/weather_pipeline.py                           0           1  0.12s           2026-09-17T21:57:39
================================================================================
[2026-09-17T21:58:15.934+0000] {manager.py:878} INFO - 
================================================================================
DAG File Processing Stats

File Path                              PID    Runtime      # DAGs    # Errors  Last Runtime    Last Run
-------------------------------------  -----  ---------  --------  ----------  --------------  -------------------
/opt/airflow/dags/weather_pipeline.py                           0           1  0.16s           2026-09-17T21:58:09
================================================================================
[2026-09-17T21:58:45.947+0000] {manager.py:878} INFO - 
================================================================================
DAG File Processing Stats

File Path                              PID    Runtime      # DAGs    # Errors  Last Runtime    Last Run
-------------------------------------  -----  ---------  --------  ----------  --------------  -------------------
/opt/airflow/dags/weather_pipeline.py                           0           1  0.16s           2026-09-17T21:58:42
================================================================================
[2026-09-17T21:59:16.484+0000] {manager.py:878} INFO - 
================================================================================
DAG File Processing Stats

File Path                              PID    Runtime      # DAGs    # Errors  Last Runtime    Last Run
-------------------------------------  -----  ---------  --------  ----------  --------------  -------------------
/opt/airflow/dags/weather_pipeline.py                           0           1  0.08s           2026-09-17T21:59:15
================================================================================
[2026-09-17T21:59:47.139+0000] {manager.py:878} INFO - 
================================================================================
DAG File Processing Stats

File Path                                PID  Runtime      # DAGs    # Errors  Last Runtime    Last Run
-------------------------------------  -----  ---------  --------  ----------  --------------  -------------------
/opt/airflow/dags/weather_pipeline.py    135  0.01s             0           1  0.07s           2026-09-17T21:59:45
================================================================================
[2026-09-17T22:00:06.287+0000] {manager.py:737} INFO - Searching for files in /opt/airflow/dags
[2026-09-17T22:00:06.292+0000] {manager.py:740} INFO - There are 1 files in /opt/airflow/dags
[2026-09-17T22:00:17.594+0000] {manager.py:878} INFO - 
================================================================================
DAG File Processing Stats

File Path                              PID    Runtime      # DAGs    # Errors  Last Runtime    Last Run
-------------------------------------  -----  ---------  --------  ----------  --------------  -------------------
/opt/airflow/dags/weather_pipeline.py                           0           1  0.18s           2026-09-17T22:00:08
================================================================================
[2026-09-17T22:00:47.790+0000] {manager.py:878} INFO - 
================================================================================
DAG File Processing Stats

File Path                              PID    Runtime      # DAGs    # Errors  Last Runtime    Last Run
-------------------------------------  -----  ---------  --------  ----------  --------------  -------------------
/opt/airflow/dags/weather_pipeline.py                           0           1  0.08s           2026-09-17T22:00:38
================================================================================
[2026-09-17T22:01:18.067+0000] {manager.py:878} INFO - 
================================================================================
DAG File Processing Stats

File Path                              PID    Runtime      # DAGs    # Errors  Last Runtime    Last Run
-------------------------------------  -----  ---------  --------  ----------  --------------  -------------------
/opt/airflow/dags/weather_pipeline.py                           0           1  0.17s           2026-09-17T22:01:09
================================================================================
[2026-09-17T22:01:48.386+0000] {manager.py:878} INFO - 
================================================================================
DAG File Processing Stats

File Path                              PID    Runtime      # DAGs    # Errors  Last Runtime    Last Run
-------------------------------------  -----  ---------  --------  ----------  --------------  -------------------
/opt/airflow/dags/weather_pipeline.py                           0           1  0.16s           2026-09-17T22:01:39
================================================================================
[2026-09-17T22:02:18.673+0000] {manager.py:878} INFO - 
================================================================================
DAG File Processing Stats

File Path                              PID    Runtime      # DAGs    # Errors  Last Runtime    Last Run
-------------------------------------  -----  ---------  --------  ----------  --------------  -------------------
/opt/airflow/dags/weather_pipeline.py                           0           1  0.14s           2026-09-17T22:02:09
================================================================================
[2026-09-17T22:02:48.960+0000] {manager.py:878} INFO - 
================================================================================
DAG File Processing Stats

File Path                              PID    Runtime      # DAGs    # Errors  Last Runtime    Last Run
-------------------------------------  -----  ---------  --------  ----------  --------------  -------------------
/opt/airflow/dags/weather_pipeline.py                           0           1  0.17s           2026-09-17T22:02:40
================================================================================
[2026-09-17T22:03:19.289+0000] {manager.py:878} INFO - 
================================================================================
DAG File Processing Stats

File Path                              PID    Runtime      # DAGs    # Errors  Last Runtime    Last Run
-------------------------------------  -----  ---------  --------  ----------  --------------  -------------------
/opt/airflow/dags/weather_pipeline.py                           0           1  0.16s           2026-09-17T22:03:10
================================================================================
[2026-09-17T22:03:49.559+0000] {manager.py:878} INFO - 
================================================================================
DAG File Processing Stats

File Path                              PID    Runtime      # DAGs    # Errors  Last Runtime    Last Run
-------------------------------------  -----  ---------  --------  ----------  --------------  -------------------
/opt/airflow/dags/weather_pipeline.py                           0           1  0.16s           2026-09-17T22:03:40
================================================================================
[2026-09-17T22:04:19.839+0000] {manager.py:878} INFO - 
================================================================================
DAG File Processing Stats

File Path                              PID    Runtime      # DAGs    # Errors  Last Runtime    Last Run
-------------------------------------  -----  ---------  --------  ----------  --------------  -------------------
/opt/airflow/dags/weather_pipeline.py                           0           1  0.15s           2026-09-17T22:04:10
================================================================================
[2026-09-17T22:04:50.127+0000] {manager.py:878} INFO - 
================================================================================
DAG File Processing Stats

File Path                              PID    Runtime      # DAGs    # Errors  Last Runtime    Last Run
-------------------------------------  -----  ---------  --------  ----------  --------------  -------------------
/opt/airflow/dags/weather_pipeline.py                           0           1  0.16s           2026-09-17T22:04:41
================================================================================
[2026-09-17T22:05:06.337+0000] {manager.py:737} INFO - Searching for files in /opt/airflow/dags
[2026-09-17T22:05:06.339+0000] {manager.py:740} INFO - There are 1 files in /opt/airflow/dags
[2026-09-17T22:05:20.334+0000] {manager.py:878} INFO - 
================================================================================
DAG File Processing Stats

File Path                              PID    Runtime      # DAGs    # Errors  Last Runtime    Last Run
-------------------------------------  -----  ---------  --------  ----------  --------------  -------------------
/opt/airflow/dags/weather_pipeline.py                           0           1  0.08s           2026-09-17T22:05:11
================================================================================
[2026-09-17T22:05:50.605+0000] {manager.py:878} INFO - 
================================================================================
DAG File Processing Stats

File Path                              PID    Runtime      # DAGs    # Errors  Last Runtime    Last Run
-------------------------------------  -----  ---------  --------  ----------  --------------  -------------------
/opt/airflow/dags/weather_pipeline.py                           0           1  0.07s           2026-09-17T22:05:41
================================================================================
[2026-09-17T22:06:20.840+0000] {manager.py:878} INFO - 
================================================================================
DAG File Processing Stats

File Path                              PID    Runtime      # DAGs    # Errors  Last Runtime    Last Run
-------------------------------------  -----  ---------  --------  ----------  --------------  -------------------
/opt/airflow/dags/weather_pipeline.py                           0           1  0.12s           2026-09-17T22:06:11
================================================================================
[2026-09-17T22:06:51.161+0000] {manager.py:878} INFO - 
================================================================================
DAG File Processing Stats

File Path                              PID    Runtime      # DAGs    # Errors  Last Runtime    Last Run
-------------------------------------  -----  ---------  --------  ----------  --------------  -------------------
/opt/airflow/dags/weather_pipeline.py                           0           1  0.20s           2026-09-17T22:06:42
================================================================================
[2026-09-17T22:07:21.370+0000] {manager.py:878} INFO - 
================================================================================
DAG File Processing Stats

File Path                              PID    Runtime      # DAGs    # Errors  Last Runtime    Last Run
-------------------------------------  -----  ---------  --------  ----------  --------------  -------------------
/opt/airflow/dags/weather_pipeline.py                           0           1  0.07s           2026-09-17T22:07:12
================================================================================
[2026-09-17T22:07:51.615+0000] {manager.py:878} INFO - 
================================================================================
DAG File Processing Stats

File Path                              PID    Runtime      # DAGs    # Errors  Last Runtime    Last Run
-------------------------------------  -----  ---------  --------  ----------  --------------  -------------------
/opt/airflow/dags/weather_pipeline.py                           0           1  0.09s           2026-09-17T22:07:42
================================================================================
[2026-09-17T22:08:21.831+0000] {manager.py:878} INFO - 
================================================================================
DAG File Processing Stats

File Path                              PID    Runtime      # DAGs    # Errors  Last Runtime    Last Run
-------------------------------------  -----  ---------  --------  ----------  --------------  -------------------
/opt/airflow/dags/weather_pipeline.py                           0           1  0.14s           2026-09-17T22:08:12
================================================================================
[2026-09-17T22:08:52.172+0000] {manager.py:878} INFO - 
================================================================================
DAG File Processing Stats

File Path                              PID    Runtime      # DAGs    # Errors  Last Runtime    Last Run
-------------------------------------  -----  ---------  --------  ----------  --------------  -------------------
/opt/airflow/dags/weather_pipeline.py                           0           1  0.20s           2026-09-17T22:08:43
================================================================================
[2026-09-17T22:09:22.443+0000] {manager.py:878} INFO - 
================================================================================
DAG File Processing Stats

File Path                              PID    Runtime      # DAGs    # Errors  Last Runtime    Last Run
-------------------------------------  -----  ---------  --------  ----------  --------------  -------------------
/opt/airflow/dags/weather_pipeline.py                           0           1  0.19s           2026-09-17T22:09:13
================================================================================
[2026-09-17T22:09:52.599+0000] {manager.py:878} INFO - 
================================================================================
DAG File Processing Stats

File Path                              PID    Runtime      # DAGs    # Errors  Last Runtime    Last Run
-------------------------------------  -----  ---------  --------  ----------  --------------  -------------------
/opt/airflow/dags/weather_pipeline.py                           0           1  0.08s           2026-09-17T22:09:43
================================================================================
[2026-09-17T22:10:06.673+0000] {manager.py:737} INFO - Searching for files in /opt/airflow/dags
[2026-09-17T22:10:06.677+0000] {manager.py:740} INFO - There are 1 files in /opt/airflow/dags
[2026-09-17T22:10:22.860+0000] {manager.py:878} INFO - 
================================================================================
DAG File Processing Stats

File Path                              PID    Runtime      # DAGs    # Errors  Last Runtime    Last Run
-------------------------------------  -----  ---------  --------  ----------  --------------  -------------------
/opt/airflow/dags/weather_pipeline.py                           0           1  0.14s           2026-09-17T22:10:13
================================================================================
[2026-09-17T22:10:53.177+0000] {manager.py:878} INFO - 
================================================================================
DAG File Processing Stats

File Path                              PID    Runtime      # DAGs    # Errors  Last Runtime    Last Run
-------------------------------------  -----  ---------  --------  ----------  --------------  -------------------
/opt/airflow/dags/weather_pipeline.py                           0           1  0.17s           2026-09-17T22:10:44
================================================================================
[2026-09-17T22:11:23.475+0000] {manager.py:878} INFO - 
================================================================================
DAG File Processing Stats

File Path                              PID    Runtime      # DAGs    # Errors  Last Runtime    Last Run
-------------------------------------  -----  ---------  --------  ----------  --------------  -------------------
/opt/airflow/dags/weather_pipeline.py                           0           1  0.21s           2026-09-17T22:11:14
================================================================================
[2026-09-17T22:11:53.849+0000] {manager.py:878} INFO - 
================================================================================
DAG File Processing Stats

File Path                              PID    Runtime      # DAGs    # Errors  Last Runtime    Last Run
-------------------------------------  -----  ---------  --------  ----------  --------------  -------------------
/opt/airflow/dags/weather_pipeline.py                           0           1  0.21s           2026-09-17T22:11:44
================================================================================
[2026-09-17T22:12:24.077+0000] {manager.py:878} INFO - 
================================================================================
DAG File Processing Stats

File Path                              PID    Runtime      # DAGs    # Errors  Last Runtime    Last Run
-------------------------------------  -----  ---------  --------  ----------  --------------  -------------------
/opt/airflow/dags/weather_pipeline.py                           0           1  0.09s           2026-09-17T22:12:15
================================================================================
[2026-09-17T22:12:54.254+0000] {manager.py:878} INFO - 
================================================================================
DAG File Processing Stats

File Path                              PID    Runtime      # DAGs    # Errors  Last Runtime    Last Run
-------------------------------------  -----  ---------  --------  ----------  --------------  -------------------
/opt/airflow/dags/weather_pipeline.py                           0           1  0.09s           2026-09-17T22:12:45
================================================================================
[2026-09-17T22:13:24.534+0000] {manager.py:878} INFO - 
================================================================================
DAG File Processing Stats

File Path                              PID    Runtime      # DAGs    # Errors  Last Runtime    Last Run
-------------------------------------  -----  ---------  --------  ----------  --------------  -------------------
/opt/airflow/dags/weather_pipeline.py                           0           1  0.14s           2026-09-17T22:13:15
================================================================================
[2026-09-17T22:13:54.796+0000] {manager.py:878} INFO - 
================================================================================
DAG File Processing Stats

File Path                              PID    Runtime      # DAGs    # Errors  Last Runtime    Last Run
-------------------------------------  -----  ---------  --------  ----------  --------------  -------------------
/opt/airflow/dags/weather_pipeline.py                           0           1  0.17s           2026-09-17T22:13:45
================================================================================
[2026-09-17T22:14:25.016+0000] {manager.py:878} INFO - 
================================================================================
DAG File Processing Stats

File Path                              PID    Runtime      # DAGs    # Errors  Last Runtime    Last Run
-------------------------------------  -----  ---------  --------  ----------  --------------  -------------------
/opt/airflow/dags/weather_pipeline.py                           0           1  0.09s           2026-09-17T22:14:16
================================================================================
[2026-09-17T22:14:55.321+0000] {manager.py:878} INFO - 
================================================================================
DAG File Processing Stats

File Path                              PID    Runtime      # DAGs    # Errors  Last Runtime    Last Run
-------------------------------------  -----  ---------  --------  ----------  --------------  -------------------
/opt/airflow/dags/weather_pipeline.py                           0           1  0.19s           2026-09-17T22:14:46
================================================================================
[2026-09-17T22:15:07.452+0000] {manager.py:737} INFO - Searching for files in /opt/airflow/dags
[2026-09-17T22:15:07.458+0000] {manager.py:740} INFO - There are 1 files in /opt/airflow/dags
[2026-09-17T22:15:25.674+0000] {manager.py:878} INFO - 
================================================================================
DAG File Processing Stats

File Path                              PID    Runtime      # DAGs    # Errors  Last Runtime    Last Run
-------------------------------------  -----  ---------  --------  ----------  --------------  -------------------
/opt/airflow/dags/weather_pipeline.py                           0           1  0.16s           2026-09-17T22:15:16
================================================================================
[2026-09-17T22:15:55.991+0000] {manager.py:878} INFO - 
================================================================================
DAG File Processing Stats

File Path                              PID    Runtime      # DAGs    # Errors  Last Runtime    Last Run
-------------------------------------  -----  ---------  --------  ----------  --------------  -------------------
/opt/airflow/dags/weather_pipeline.py                           0           1  0.14s           2026-09-17T22:15:46
================================================================================
[2026-09-17T22:16:26.258+0000] {manager.py:878} INFO - 
================================================================================
DAG File Processing Stats

File Path                              PID    Runtime      # DAGs    # Errors  Last Runtime    Last Run
-------------------------------------  -----  ---------  --------  ----------  --------------  -------------------
/opt/airflow/dags/weather_pipeline.py                           0           1  0.10s           2026-09-17T22:16:01
================================================================================
[2026-09-17T22:16:56.540+0000] {manager.py:878} INFO - 
================================================================================
DAG File Processing Stats

File Path                              PID    Runtime      # DAGs    # Errors  Last Runtime    Last Run
-------------------------------------  -----  ---------  --------  ----------  --------------  -------------------
/opt/airflow/dags/weather_pipeline.py                           0           1  0.16s           2026-09-17T22:16:31
================================================================================
[2026-09-17T22:17:26.855+0000] {manager.py:878} INFO - 
================================================================================
DAG File Processing Stats

File Path                              PID    Runtime      # DAGs    # Errors  Last Runtime    Last Run
-------------------------------------  -----  ---------  --------  ----------  --------------  -------------------
/opt/airflow/dags/weather_pipeline.py                           0           1  0.20s           2026-09-17T22:17:01
================================================================================
[2026-09-17T22:17:57.157+0000] {manager.py:878} INFO - 
================================================================================
DAG File Processing Stats

File Path                              PID    Runtime      # DAGs    # Errors  Last Runtime    Last Run
-------------------------------------  -----  ---------  --------  ----------  --------------  -------------------
/opt/airflow/dags/weather_pipeline.py                           0           1  0.15s           2026-09-17T22:17:32
================================================================================
[2026-09-17T22:18:27.425+0000] {manager.py:878} INFO - 
================================================================================
DAG File Processing Stats

File Path                              PID    Runtime      # DAGs    # Errors  Last Runtime    Last Run
-------------------------------------  -----  ---------  --------  ----------  --------------  -------------------
/opt/airflow/dags/weather_pipeline.py                           0           1  0.10s           2026-09-17T22:18:02
================================================================================
[2026-09-17T22:18:57.692+0000] {manager.py:878} INFO - 
================================================================================
DAG File Processing Stats

File Path                              PID    Runtime      # DAGs    # Errors  Last Runtime    Last Run
-------------------------------------  -----  ---------  --------  ----------  --------------  -------------------
/opt/airflow/dags/weather_pipeline.py                           0           1  0.10s           2026-09-17T22:18:32
================================================================================
[2026-09-17T22:19:27.994+0000] {manager.py:878} INFO - 
================================================================================
DAG File Processing Stats

File Path                              PID    Runtime      # DAGs    # Errors  Last Runtime    Last Run
-------------------------------------  -----  ---------  --------  ----------  --------------  -------------------
/opt/airflow/dags/weather_pipeline.py                           0           1  0.17s           2026-09-17T22:19:02
================================================================================
[2026-09-17T22:19:58.354+0000] {manager.py:878} INFO - 
================================================================================
DAG File Processing Stats

File Path                              PID    Runtime      # DAGs    # Errors  Last Runtime    Last Run
-------------------------------------  -----  ---------  --------  ----------  --------------  -------------------
/opt/airflow/dags/weather_pipeline.py                           0           1  0.19s           2026-09-17T22:19:33
================================================================================
[2026-09-17T22:20:07.519+0000] {manager.py:737} INFO - Searching for files in /opt/airflow/dags
[2026-09-17T22:20:07.525+0000] {manager.py:740} INFO - There are 1 files in /opt/airflow/dags
[2026-09-17T22:20:28.721+0000] {manager.py:878} INFO - 
================================================================================
DAG File Processing Stats

File Path                              PID    Runtime      # DAGs    # Errors  Last Runtime    Last Run
-------------------------------------  -----  ---------  --------  ----------  --------------  -------------------
/opt/airflow/dags/weather_pipeline.py                           0           1  0.10s           2026-09-17T22:20:03
================================================================================
[2026-09-17T22:20:59.018+0000] {manager.py:878} INFO - 
================================================================================
DAG File Processing Stats

File Path                              PID    Runtime      # DAGs    # Errors  Last Runtime    Last Run
-------------------------------------  -----  ---------  --------  ----------  --------------  -------------------
/opt/airflow/dags/weather_pipeline.py                           0           1  0.25s           2026-09-17T22:20:34
================================================================================
[2026-09-17T22:21:29.190+0000] {manager.py:878} INFO - 
================================================================================
DAG File Processing Stats

File Path                              PID    Runtime      # DAGs    # Errors  Last Runtime    Last Run
-------------------------------------  -----  ---------  --------  ----------  --------------  -------------------
/opt/airflow/dags/weather_pipeline.py                           0           1  0.13s           2026-09-17T22:21:04
================================================================================
[2026-09-17T22:22:25.644+0000] {manager.py:470} INFO - Processing files using up to 2 processes at a time 
[2026-09-17T22:22:25.645+0000] {manager.py:471} INFO - Process each file at most once every 30 seconds
[2026-09-17T22:22:25.646+0000] {manager.py:472} INFO - Checking for new files in /opt/airflow/dags every 300 seconds
[2026-09-17T22:22:25.647+0000] {manager.py:737} INFO - Searching for files in /opt/airflow/dags
[2026-09-17T22:22:25.650+0000] {manager.py:740} INFO - There are 1 files in /opt/airflow/dags
[2026-09-17T22:22:25.748+0000] {manager.py:878} INFO - 
================================================================================
DAG File Processing Stats

File Path                                PID  Runtime      # DAGs    # Errors  Last Runtime    Last Run
-------------------------------------  -----  ---------  --------  ----------  --------------  ----------
/opt/airflow/dags/weather_pipeline.py     51  0.05s             0           0
================================================================================
[2026-09-17T22:22:55.899+0000] {manager.py:878} INFO - 
================================================================================
DAG File Processing Stats

File Path                                PID  Runtime      # DAGs    # Errors  Last Runtime    Last Run
-------------------------------------  -----  ---------  --------  ----------  --------------  -------------------
/opt/airflow/dags/weather_pipeline.py     67  0.01s             0           1  0.08s           2026-09-17T22:22:25
================================================================================
[2026-09-17T22:23:26.151+0000] {manager.py:878} INFO - 
================================================================================
DAG File Processing Stats

File Path                                PID  Runtime      # DAGs    # Errors  Last Runtime    Last Run
-------------------------------------  -----  ---------  --------  ----------  --------------  -------------------
/opt/airflow/dags/weather_pipeline.py     72  0.01s             0           1  0.13s           2026-09-17T22:22:56
================================================================================
[2026-09-17T22:23:56.440+0000] {manager.py:878} INFO - 
================================================================================
DAG File Processing Stats

File Path                                PID  Runtime      # DAGs    # Errors  Last Runtime    Last Run
-------------------------------------  -----  ---------  --------  ----------  --------------  -------------------
/opt/airflow/dags/weather_pipeline.py     73  0.01s             0           1  0.16s           2026-09-17T22:23:26
================================================================================
[2026-09-17T22:24:26.698+0000] {manager.py:878} INFO - 
================================================================================
DAG File Processing Stats

File Path                                PID  Runtime      # DAGs    # Errors  Last Runtime    Last Run
-------------------------------------  -----  ---------  --------  ----------  --------------  -------------------
/opt/airflow/dags/weather_pipeline.py     75  0.02s             0           1  0.08s           2026-09-17T22:23:56
================================================================================
[2026-09-17T22:24:57.067+0000] {manager.py:878} INFO - 
================================================================================
DAG File Processing Stats

File Path                              PID    Runtime      # DAGs    # Errors  Last Runtime    Last Run
-------------------------------------  -----  ---------  --------  ----------  --------------  -------------------
/opt/airflow/dags/weather_pipeline.py                           1           0  0.48s           2026-09-17T22:24:49
================================================================================
[2026-09-17T22:25:27.116+0000] {manager.py:878} INFO - 
================================================================================
DAG File Processing Stats

File Path                              PID    Runtime      # DAGs    # Errors  Last Runtime    Last Run
-------------------------------------  -----  ---------  --------  ----------  --------------  -------------------
/opt/airflow/dags/weather_pipeline.py                           1           0  0.47s           2026-09-17T22:25:20
================================================================================
[2026-09-17T22:25:57.342+0000] {manager.py:878} INFO - 
================================================================================
DAG File Processing Stats

File Path                              PID    Runtime      # DAGs    # Errors  Last Runtime    Last Run
-------------------------------------  -----  ---------  --------  ----------  --------------  -------------------
/opt/airflow/dags/weather_pipeline.py                           1           0  0.46s           2026-09-17T22:25:50
================================================================================
[2026-09-17T22:26:27.551+0000] {manager.py:878} INFO - 
================================================================================
DAG File Processing Stats

File Path                              PID    Runtime      # DAGs    # Errors  Last Runtime    Last Run
-------------------------------------  -----  ---------  --------  ----------  --------------  -------------------
/opt/airflow/dags/weather_pipeline.py                           0           1  0.19s           2026-09-17T22:26:00
================================================================================
[2026-09-17T22:26:57.949+0000] {manager.py:878} INFO - 
================================================================================
DAG File Processing Stats

File Path                              PID    Runtime      # DAGs    # Errors  Last Runtime    Last Run
-------------------------------------  -----  ---------  --------  ----------  --------------  -------------------
/opt/airflow/dags/weather_pipeline.py                           0           1  0.22s           2026-09-17T22:26:30
================================================================================
[2026-09-17T22:27:26.224+0000] {manager.py:737} INFO - Searching for files in /opt/airflow/dags
[2026-09-17T22:27:26.230+0000] {manager.py:740} INFO - There are 1 files in /opt/airflow/dags
[2026-09-17T22:27:28.300+0000] {manager.py:878} INFO - 
================================================================================
DAG File Processing Stats

File Path                              PID    Runtime      # DAGs    # Errors  Last Runtime    Last Run
-------------------------------------  -----  ---------  --------  ----------  --------------  -------------------
/opt/airflow/dags/weather_pipeline.py                           0           1  0.22s           2026-09-17T22:27:01
================================================================================
[2026-09-17T22:27:58.639+0000] {manager.py:878} INFO - 
================================================================================
DAG File Processing Stats

File Path                              PID    Runtime      # DAGs    # Errors  Last Runtime    Last Run
-------------------------------------  -----  ---------  --------  ----------  --------------  -------------------
/opt/airflow/dags/weather_pipeline.py                           0           1  0.20s           2026-09-17T22:27:31
================================================================================
[2026-09-17T22:28:28.932+0000] {manager.py:878} INFO - 
================================================================================
DAG File Processing Stats

File Path                              PID    Runtime      # DAGs    # Errors  Last Runtime    Last Run
-------------------------------------  -----  ---------  --------  ----------  --------------  -------------------
/opt/airflow/dags/weather_pipeline.py                           0           1  0.20s           2026-09-17T22:28:01
================================================================================
[2026-09-17T22:28:59.261+0000] {manager.py:878} INFO - 
================================================================================
DAG File Processing Stats

File Path                              PID    Runtime      # DAGs    # Errors  Last Runtime    Last Run
-------------------------------------  -----  ---------  --------  ----------  --------------  -------------------
/opt/airflow/dags/weather_pipeline.py                           0           1  0.21s           2026-09-17T22:28:32
================================================================================
[2026-09-17T22:29:29.564+0000] {manager.py:878} INFO - 
================================================================================
DAG File Processing Stats

File Path                              PID    Runtime      # DAGs    # Errors  Last Runtime    Last Run
-------------------------------------  -----  ---------  --------  ----------  --------------  -------------------
/opt/airflow/dags/weather_pipeline.py                           0           1  0.23s           2026-09-17T22:29:02
================================================================================
[2026-09-17T22:29:59.903+0000] {manager.py:878} INFO - 
================================================================================
DAG File Processing Stats

File Path                              PID    Runtime      # DAGs    # Errors  Last Runtime    Last Run
-------------------------------------  -----  ---------  --------  ----------  --------------  -------------------
/opt/airflow/dags/weather_pipeline.py                           0           1  0.16s           2026-09-17T22:29:32
================================================================================
[2026-09-17T22:30:30.194+0000] {manager.py:878} INFO - 
================================================================================
DAG File Processing Stats

File Path                              PID    Runtime      # DAGs    # Errors  Last Runtime    Last Run
-------------------------------------  -----  ---------  --------  ----------  --------------  -------------------
/opt/airflow/dags/weather_pipeline.py                           0           1  0.18s           2026-09-17T22:30:03
================================================================================
[2026-09-17T22:31:00.571+0000] {manager.py:878} INFO - 
================================================================================
DAG File Processing Stats

File Path                              PID    Runtime      # DAGs    # Errors  Last Runtime    Last Run
-------------------------------------  -----  ---------  --------  ----------  --------------  -------------------
/opt/airflow/dags/weather_pipeline.py                           0           1  0.20s           2026-09-17T22:30:33
================================================================================
[2026-09-17T22:31:31.179+0000] {manager.py:878} INFO - 
================================================================================
DAG File Processing Stats

File Path                              PID    Runtime      # DAGs    # Errors  Last Runtime    Last Run
-------------------------------------  -----  ---------  --------  ----------  --------------  -------------------
/opt/airflow/dags/weather_pipeline.py                           0           1  1.66s           2026-09-17T22:31:28
================================================================================
[2026-09-17T22:32:01.744+0000] {manager.py:878} INFO - 
================================================================================
DAG File Processing Stats

File Path                              PID    Runtime      # DAGs    # Errors  Last Runtime    Last Run
-------------------------------------  -----  ---------  --------  ----------  --------------  -------------------
/opt/airflow/dags/weather_pipeline.py                           0           1  1.46s           2026-09-17T22:32:00
================================================================================
[2026-09-17T22:32:26.378+0000] {manager.py:737} INFO - Searching for files in /opt/airflow/dags
[2026-09-17T22:32:26.384+0000] {manager.py:740} INFO - There are 1 files in /opt/airflow/dags
[2026-09-17T22:32:31.987+0000] {manager.py:878} INFO - 
================================================================================
DAG File Processing Stats

File Path                                PID  Runtime      # DAGs    # Errors  Last Runtime    Last Run
-------------------------------------  -----  ---------  --------  ----------  --------------  -------------------
/opt/airflow/dags/weather_pipeline.py     94  1.53s             0           1  1.46s           2026-09-17T22:32:00
================================================================================
[2026-09-17T22:33:02.219+0000] {manager.py:878} INFO - 
================================================================================
DAG File Processing Stats

File Path                              PID    Runtime      # DAGs    # Errors  Last Runtime    Last Run
-------------------------------------  -----  ---------  --------  ----------  --------------  -------------------
/opt/airflow/dags/weather_pipeline.py                           0           1  1.79s           2026-09-17T22:32:32
================================================================================
[2026-09-17T22:33:32.458+0000] {manager.py:878} INFO - 
================================================================================
DAG File Processing Stats

File Path                              PID    Runtime      # DAGs    # Errors  Last Runtime    Last Run
-------------------------------------  -----  ---------  --------  ----------  --------------  -------------------
/opt/airflow/dags/weather_pipeline.py                           0           1  1.72s           2026-09-17T22:33:04
================================================================================
[2026-09-17T22:34:02.982+0000] {manager.py:878} INFO - 
================================================================================
DAG File Processing Stats

File Path                              PID    Runtime      # DAGs    # Errors  Last Runtime    Last Run
-------------------------------------  -----  ---------  --------  ----------  --------------  -------------------
/opt/airflow/dags/weather_pipeline.py                           0           1  1.60s           2026-09-17T22:33:36
================================================================================
[2026-09-17T22:34:33.484+0000] {manager.py:878} INFO - 
================================================================================
DAG File Processing Stats

File Path                              PID    Runtime      # DAGs    # Errors  Last Runtime    Last Run
-------------------------------------  -----  ---------  --------  ----------  --------------  -------------------
/opt/airflow/dags/weather_pipeline.py                           0           1  1.51s           2026-09-17T22:34:07
================================================================================
[2026-09-17T22:35:03.690+0000] {manager.py:878} INFO - 
================================================================================
DAG File Processing Stats

File Path                              PID    Runtime      # DAGs    # Errors  Last Runtime    Last Run
-------------------------------------  -----  ---------  --------  ----------  --------------  -------------------
/opt/airflow/dags/weather_pipeline.py                           0           1  1.67s           2026-09-17T22:34:39
================================================================================
[2026-09-17T22:35:34.030+0000] {manager.py:878} INFO - 
================================================================================
DAG File Processing Stats

File Path                              PID    Runtime      # DAGs    # Errors  Last Runtime    Last Run
-------------------------------------  -----  ---------  --------  ----------  --------------  -------------------
/opt/airflow/dags/weather_pipeline.py                           0           1  1.44s           2026-09-17T22:35:11
================================================================================
[2026-09-17T22:36:04.253+0000] {manager.py:878} INFO - 
================================================================================
DAG File Processing Stats

File Path                              PID    Runtime      # DAGs    # Errors  Last Runtime    Last Run
-------------------------------------  -----  ---------  --------  ----------  --------------  -------------------
/opt/airflow/dags/weather_pipeline.py                           0           1  1.70s           2026-09-17T22:35:43
================================================================================
[2026-09-17T22:36:34.488+0000] {manager.py:878} INFO - 
================================================================================
DAG File Processing Stats

File Path                              PID    Runtime      # DAGs    # Errors  Last Runtime    Last Run
-------------------------------------  -----  ---------  --------  ----------  --------------  -------------------
/opt/airflow/dags/weather_pipeline.py                           0           1  1.29s           2026-09-17T22:36:14
================================================================================
[2026-09-17T22:37:04.547+0000] {manager.py:878} INFO - 
================================================================================
DAG File Processing Stats

File Path                              PID    Runtime      # DAGs    # Errors  Last Runtime    Last Run
-------------------------------------  -----  ---------  --------  ----------  --------------  -------------------
/opt/airflow/dags/weather_pipeline.py                           0           1  1.59s           2026-09-17T22:36:46
================================================================================
[2026-09-17T22:37:27.105+0000] {manager.py:737} INFO - Searching for files in /opt/airflow/dags
[2026-09-17T22:37:27.116+0000] {manager.py:740} INFO - There are 1 files in /opt/airflow/dags
[2026-09-17T22:37:35.218+0000] {manager.py:878} INFO - 
================================================================================
DAG File Processing Stats

File Path                              PID    Runtime      # DAGs    # Errors  Last Runtime    Last Run
-------------------------------------  -----  ---------  --------  ----------  --------------  -------------------
/opt/airflow/dags/weather_pipeline.py                           0           1  2.51s           2026-09-17T22:37:19
================================================================================
[2026-09-17T22:38:05.456+0000] {manager.py:878} INFO - 
================================================================================
DAG File Processing Stats

File Path                              PID    Runtime      # DAGs    # Errors  Last Runtime    Last Run
-------------------------------------  -----  ---------  --------  ----------  --------------  -------------------
/opt/airflow/dags/weather_pipeline.py                           0           1  1.03s           2026-09-17T22:37:50
================================================================================
[2026-09-17T22:38:36.325+0000] {manager.py:878} INFO - 
================================================================================
DAG File Processing Stats

File Path                              PID    Runtime      # DAGs    # Errors  Last Runtime    Last Run
-------------------------------------  -----  ---------  --------  ----------  --------------  -------------------
/opt/airflow/dags/weather_pipeline.py                           0           1  12.74s          2026-09-17T22:38:33
================================================================================
[2026-09-17T22:39:06.937+0000] {manager.py:878} INFO - 
================================================================================
DAG File Processing Stats

File Path                                PID  Runtime      # DAGs    # Errors  Last Runtime    Last Run
-------------------------------------  -----  ---------  --------  ----------  --------------  -------------------
/opt/airflow/dags/weather_pipeline.py    118  3.19s             0           1  12.74s          2026-09-17T22:38:33
================================================================================
[2026-09-17T22:39:37.476+0000] {manager.py:878} INFO - 
================================================================================
DAG File Processing Stats

File Path                              PID    Runtime      # DAGs    # Errors  Last Runtime    Last Run
-------------------------------------  -----  ---------  --------  ----------  --------------  -------------------
/opt/airflow/dags/weather_pipeline.py                           0           1  8.31s           2026-09-17T22:39:12
================================================================================
[2026-09-17T22:40:07.815+0000] {manager.py:878} INFO - 
================================================================================
DAG File Processing Stats

File Path                              PID    Runtime      # DAGs    # Errors  Last Runtime    Last Run
-------------------------------------  -----  ---------  --------  ----------  --------------  -------------------
/opt/airflow/dags/weather_pipeline.py                           0           1  14.07s          2026-09-17T22:39:56
================================================================================
[2026-09-17T22:40:38.174+0000] {manager.py:878} INFO - 
================================================================================
DAG File Processing Stats

File Path                              PID    Runtime      # DAGs    # Errors  Last Runtime    Last Run
-------------------------------------  -----  ---------  --------  ----------  --------------  -------------------
/opt/airflow/dags/weather_pipeline.py                           0           1  8.06s           2026-09-17T22:40:35
================================================================================
[2026-09-17T22:41:08.548+0000] {manager.py:878} INFO - 
================================================================================
DAG File Processing Stats

File Path                                PID  Runtime      # DAGs    # Errors  Last Runtime    Last Run
-------------------------------------  -----  ---------  --------  ----------  --------------  -------------------
/opt/airflow/dags/weather_pipeline.py    124  3.08s             0           1  8.06s           2026-09-17T22:40:35
================================================================================
[2026-09-17T22:41:38.873+0000] {manager.py:878} INFO - 
================================================================================
DAG File Processing Stats

File Path                              PID    Runtime      # DAGs    # Errors  Last Runtime    Last Run
-------------------------------------  -----  ---------  --------  ----------  --------------  -------------------
/opt/airflow/dags/weather_pipeline.py                           0           1  4.75s           2026-09-17T22:41:10
================================================================================
[2026-09-17T22:42:09.099+0000] {manager.py:878} INFO - 
================================================================================
DAG File Processing Stats

File Path                              PID    Runtime      # DAGs    # Errors  Last Runtime    Last Run
-------------------------------------  -----  ---------  --------  ----------  --------------  -------------------
/opt/airflow/dags/weather_pipeline.py                           0           1  2.02s           2026-09-17T22:41:42
================================================================================
[2026-09-17T22:42:27.217+0000] {manager.py:737} INFO - Searching for files in /opt/airflow/dags
[2026-09-17T22:42:27.225+0000] {manager.py:740} INFO - There are 1 files in /opt/airflow/dags
[2026-09-17T22:42:39.352+0000] {manager.py:878} INFO - 
================================================================================
DAG File Processing Stats

File Path                              PID    Runtime      # DAGs    # Errors  Last Runtime    Last Run
-------------------------------------  -----  ---------  --------  ----------  --------------  -------------------
/opt/airflow/dags/weather_pipeline.py                           0           1  0.79s           2026-09-17T22:42:13
================================================================================
[2026-09-17T22:43:09.718+0000] {manager.py:878} INFO - 
================================================================================
DAG File Processing Stats

File Path                              PID    Runtime      # DAGs    # Errors  Last Runtime    Last Run
-------------------------------------  -----  ---------  --------  ----------  --------------  -------------------
/opt/airflow/dags/weather_pipeline.py                           0           1  0.67s           2026-09-17T22:42:44
================================================================================
[2026-09-17T22:43:39.950+0000] {manager.py:878} INFO - 
================================================================================
DAG File Processing Stats

File Path                              PID    Runtime      # DAGs    # Errors  Last Runtime    Last Run
-------------------------------------  -----  ---------  --------  ----------  --------------  -------------------
/opt/airflow/dags/weather_pipeline.py                           0           1  1.61s           2026-09-17T22:43:15
================================================================================
[2026-09-17T22:44:10.234+0000] {manager.py:878} INFO - 
================================================================================
DAG File Processing Stats

File Path                              PID    Runtime      # DAGs    # Errors  Last Runtime    Last Run
-------------------------------------  -----  ---------  --------  ----------  --------------  -------------------
/opt/airflow/dags/weather_pipeline.py                           0           1  0.66s           2026-09-17T22:43:46
================================================================================
[2026-09-17T22:44:40.431+0000] {manager.py:878} INFO - 
================================================================================
DAG File Processing Stats

File Path                              PID    Runtime      # DAGs    # Errors  Last Runtime    Last Run
-------------------------------------  -----  ---------  --------  ----------  --------------  -------------------
/opt/airflow/dags/weather_pipeline.py                           0           1  0.94s           2026-09-17T22:44:17
================================================================================
[2026-09-17T22:45:10.646+0000] {manager.py:878} INFO - 
================================================================================
DAG File Processing Stats

File Path                              PID    Runtime      # DAGs    # Errors  Last Runtime    Last Run
-------------------------------------  -----  ---------  --------  ----------  --------------  -------------------
/opt/airflow/dags/weather_pipeline.py                           0           1  0.64s           2026-09-17T22:44:48
================================================================================
[2026-09-17T22:45:40.988+0000] {manager.py:878} INFO - 
================================================================================
DAG File Processing Stats

File Path                              PID    Runtime      # DAGs    # Errors  Last Runtime    Last Run
-------------------------------------  -----  ---------  --------  ----------  --------------  -------------------
/opt/airflow/dags/weather_pipeline.py                           0           1  0.59s           2026-09-17T22:45:19
================================================================================
[2026-09-17T22:46:11.241+0000] {manager.py:878} INFO - 
================================================================================
DAG File Processing Stats

File Path                              PID    Runtime      # DAGs    # Errors  Last Runtime    Last Run
-------------------------------------  -----  ---------  --------  ----------  --------------  -------------------
/opt/airflow/dags/weather_pipeline.py                           0           1  3.02s           2026-09-17T22:45:52
================================================================================
[2026-09-17T22:46:41.459+0000] {manager.py:878} INFO - 
================================================================================
DAG File Processing Stats

File Path                              PID    Runtime      # DAGs    # Errors  Last Runtime    Last Run
-------------------------------------  -----  ---------  --------  ----------  --------------  -------------------
/opt/airflow/dags/weather_pipeline.py                           0           1  0.98s           2026-09-17T22:46:23
================================================================================
[2026-09-17T22:47:11.674+0000] {manager.py:878} INFO - 
================================================================================
DAG File Processing Stats

File Path                              PID    Runtime      # DAGs    # Errors  Last Runtime    Last Run
-------------------------------------  -----  ---------  --------  ----------  --------------  -------------------
/opt/airflow/dags/weather_pipeline.py                           0           1  0.74s           2026-09-17T22:46:54
================================================================================
[2026-09-17T22:47:27.356+0000] {manager.py:737} INFO - Searching for files in /opt/airflow/dags
[2026-09-17T22:47:27.359+0000] {manager.py:740} INFO - There are 1 files in /opt/airflow/dags
[2026-09-17T22:47:41.980+0000] {manager.py:878} INFO - 
================================================================================
DAG File Processing Stats

File Path                              PID    Runtime      # DAGs    # Errors  Last Runtime    Last Run
-------------------------------------  -----  ---------  --------  ----------  --------------  -------------------
/opt/airflow/dags/weather_pipeline.py                           0           1  0.59s           2026-09-17T22:47:25
================================================================================
[2026-09-17T22:48:12.179+0000] {manager.py:878} INFO - 
================================================================================
DAG File Processing Stats

File Path                              PID    Runtime      # DAGs    # Errors  Last Runtime    Last Run
-------------------------------------  -----  ---------  --------  ----------  --------------  -------------------
/opt/airflow/dags/weather_pipeline.py                           0           1  0.63s           2026-09-17T22:47:56
================================================================================
[2026-09-17T22:48:42.189+0000] {manager.py:878} INFO - 
================================================================================
DAG File Processing Stats

File Path                              PID    Runtime      # DAGs    # Errors  Last Runtime    Last Run
-------------------------------------  -----  ---------  --------  ----------  --------------  -------------------
/opt/airflow/dags/weather_pipeline.py                           0           1  0.80s           2026-09-17T22:48:27
================================================================================
[2026-09-17T22:49:12.729+0000] {manager.py:878} INFO - 
================================================================================
DAG File Processing Stats

File Path                              PID    Runtime      # DAGs    # Errors  Last Runtime    Last Run
-------------------------------------  -----  ---------  --------  ----------  --------------  -------------------
/opt/airflow/dags/weather_pipeline.py                           0           1  0.62s           2026-09-17T22:48:57
================================================================================
[2026-09-17T22:49:42.876+0000] {manager.py:878} INFO - 
================================================================================
DAG File Processing Stats

File Path                              PID    Runtime      # DAGs    # Errors  Last Runtime    Last Run
-------------------------------------  -----  ---------  --------  ----------  --------------  -------------------
/opt/airflow/dags/weather_pipeline.py                           0           1  0.63s           2026-09-17T22:49:28
================================================================================
[2026-09-17T22:50:13.429+0000] {manager.py:878} INFO - 
================================================================================
DAG File Processing Stats

File Path                              PID    Runtime      # DAGs    # Errors  Last Runtime    Last Run
-------------------------------------  -----  ---------  --------  ----------  --------------  -------------------
/opt/airflow/dags/weather_pipeline.py                           0           1  0.66s           2026-09-17T22:49:59
================================================================================
[2026-09-17T22:50:43.625+0000] {manager.py:878} INFO - 
================================================================================
DAG File Processing Stats

File Path                              PID    Runtime      # DAGs    # Errors  Last Runtime    Last Run
-------------------------------------  -----  ---------  --------  ----------  --------------  -------------------
/opt/airflow/dags/weather_pipeline.py                           0           1  0.72s           2026-09-17T22:50:30
================================================================================
[2026-09-17T22:51:14.148+0000] {manager.py:878} INFO - 
================================================================================
DAG File Processing Stats

File Path                              PID    Runtime      # DAGs    # Errors  Last Runtime    Last Run
-------------------------------------  -----  ---------  --------  ----------  --------------  -------------------
/opt/airflow/dags/weather_pipeline.py                           0           1  0.65s           2026-09-17T22:51:01
================================================================================
[2026-09-17T22:51:44.333+0000] {manager.py:878} INFO - 
================================================================================
DAG File Processing Stats

File Path                              PID    Runtime      # DAGs    # Errors  Last Runtime    Last Run
-------------------------------------  -----  ---------  --------  ----------  --------------  -------------------
/opt/airflow/dags/weather_pipeline.py                           0           1  0.62s           2026-09-17T22:51:32
================================================================================
[2026-09-17T22:52:14.886+0000] {manager.py:878} INFO - 
================================================================================
DAG File Processing Stats

File Path                              PID    Runtime      # DAGs    # Errors  Last Runtime    Last Run
-------------------------------------  -----  ---------  --------  ----------  --------------  -------------------
/opt/airflow/dags/weather_pipeline.py                           0           1  0.57s           2026-09-17T22:52:03
================================================================================
[2026-09-17T22:52:28.011+0000] {manager.py:737} INFO - Searching for files in /opt/airflow/dags
[2026-09-17T22:52:28.019+0000] {manager.py:740} INFO - There are 1 files in /opt/airflow/dags
[2026-09-17T22:52:45.300+0000] {manager.py:878} INFO - 
================================================================================
DAG File Processing Stats

File Path                              PID    Runtime      # DAGs    # Errors  Last Runtime    Last Run
-------------------------------------  -----  ---------  --------  ----------  --------------  -------------------
/opt/airflow/dags/weather_pipeline.py                           0           1  1.22s           2026-09-17T22:52:34
================================================================================
[2026-09-17T22:53:15.634+0000] {manager.py:878} INFO - 
================================================================================
DAG File Processing Stats

File Path                              PID    Runtime      # DAGs    # Errors  Last Runtime    Last Run
-------------------------------------  -----  ---------  --------  ----------  --------------  -------------------
/opt/airflow/dags/weather_pipeline.py                           0           1  0.65s           2026-09-17T22:53:05
================================================================================
[2026-09-17T22:53:45.855+0000] {manager.py:878} INFO - 
================================================================================
DAG File Processing Stats

File Path                              PID    Runtime      # DAGs    # Errors  Last Runtime    Last Run
-------------------------------------  -----  ---------  --------  ----------  --------------  -------------------
/opt/airflow/dags/weather_pipeline.py                           0           1  0.66s           2026-09-17T22:53:35
================================================================================
[2026-09-17T22:54:15.885+0000] {manager.py:878} INFO - 
================================================================================
DAG File Processing Stats

File Path                              PID    Runtime      # DAGs    # Errors  Last Runtime    Last Run
-------------------------------------  -----  ---------  --------  ----------  --------------  -------------------
/opt/airflow/dags/weather_pipeline.py                           0           1  0.63s           2026-09-17T22:54:06
================================================================================
[2026-09-17T22:54:46.432+0000] {manager.py:878} INFO - 
================================================================================
DAG File Processing Stats

File Path                              PID    Runtime      # DAGs    # Errors  Last Runtime    Last Run
-------------------------------------  -----  ---------  --------  ----------  --------------  -------------------
/opt/airflow/dags/weather_pipeline.py                           0           1  0.57s           2026-09-17T22:54:37
================================================================================
[2026-09-17T22:55:16.587+0000] {manager.py:878} INFO - 
================================================================================
DAG File Processing Stats

File Path                              PID    Runtime      # DAGs    # Errors  Last Runtime    Last Run
-------------------------------------  -----  ---------  --------  ----------  --------------  -------------------
/opt/airflow/dags/weather_pipeline.py                           0           1  0.79s           2026-09-17T22:55:08
================================================================================
[2026-09-17T22:55:47.031+0000] {manager.py:878} INFO - 
================================================================================
DAG File Processing Stats

File Path                              PID    Runtime      # DAGs    # Errors  Last Runtime    Last Run
-------------------------------------  -----  ---------  --------  ----------  --------------  -------------------
/opt/airflow/dags/weather_pipeline.py                           0           1  0.64s           2026-09-17T22:55:39
================================================================================
[2026-09-17T22:56:17.191+0000] {manager.py:878} INFO - 
================================================================================
DAG File Processing Stats

File Path                              PID    Runtime      # DAGs    # Errors  Last Runtime    Last Run
-------------------------------------  -----  ---------  --------  ----------  --------------  -------------------
/opt/airflow/dags/weather_pipeline.py                           0           1  0.56s           2026-09-17T22:56:10
================================================================================
[2026-09-17T22:56:47.843+0000] {manager.py:878} INFO - 
================================================================================
DAG File Processing Stats

File Path                              PID    Runtime      # DAGs    # Errors  Last Runtime    Last Run
-------------------------------------  -----  ---------  --------  ----------  --------------  -------------------
/opt/airflow/dags/weather_pipeline.py                           0           1  0.57s           2026-09-17T22:56:40
================================================================================
[2026-09-17T22:57:18.190+0000] {manager.py:878} INFO - 
================================================================================
DAG File Processing Stats

File Path                              PID    Runtime      # DAGs    # Errors  Last Runtime    Last Run
-------------------------------------  -----  ---------  --------  ----------  --------------  -------------------
/opt/airflow/dags/weather_pipeline.py                           0           1  0.69s           2026-09-17T22:57:11
================================================================================
[2026-09-17T22:57:28.262+0000] {manager.py:737} INFO - Searching for files in /opt/airflow/dags
[2026-09-17T22:57:28.268+0000] {manager.py:740} INFO - There are 1 files in /opt/airflow/dags
[2026-09-17T22:57:48.456+0000] {manager.py:878} INFO - 
================================================================================
DAG File Processing Stats

File Path                              PID    Runtime      # DAGs    # Errors  Last Runtime    Last Run
-------------------------------------  -----  ---------  --------  ----------  --------------  -------------------
/opt/airflow/dags/weather_pipeline.py                           0           1  0.77s           2026-09-17T22:57:42
================================================================================
[2026-09-17T22:58:18.669+0000] {manager.py:878} INFO - 
================================================================================
DAG File Processing Stats

File Path                              PID    Runtime      # DAGs    # Errors  Last Runtime    Last Run
-------------------------------------  -----  ---------  --------  ----------  --------------  -------------------
/opt/airflow/dags/weather_pipeline.py                           0           1  0.75s           2026-09-17T22:58:13
================================================================================
[2026-09-17T22:58:48.903+0000] {manager.py:878} INFO - 
================================================================================
DAG File Processing Stats

File Path                              PID    Runtime      # DAGs    # Errors  Last Runtime    Last Run
-------------------------------------  -----  ---------  --------  ----------  --------------  -------------------
/opt/airflow/dags/weather_pipeline.py                           0           1  0.69s           2026-09-17T22:58:44
================================================================================
[2026-09-17T22:59:19.122+0000] {manager.py:878} INFO - 
================================================================================
DAG File Processing Stats

File Path                              PID    Runtime      # DAGs    # Errors  Last Runtime    Last Run
-------------------------------------  -----  ---------  --------  ----------  --------------  -------------------
/opt/airflow/dags/weather_pipeline.py                           0           1  0.63s           2026-09-17T22:59:15
================================================================================
[2026-09-17T22:59:49.230+0000] {manager.py:878} INFO - 
================================================================================
DAG File Processing Stats

File Path                              PID    Runtime      # DAGs    # Errors  Last Runtime    Last Run
-------------------------------------  -----  ---------  --------  ----------  --------------  -------------------
/opt/airflow/dags/weather_pipeline.py                           0           1  0.64s           2026-09-17T22:59:46
================================================================================
[2026-09-17T23:00:19.768+0000] {manager.py:878} INFO - 
================================================================================
DAG File Processing Stats

File Path                              PID    Runtime      # DAGs    # Errors  Last Runtime    Last Run
-------------------------------------  -----  ---------  --------  ----------  --------------  -------------------
/opt/airflow/dags/weather_pipeline.py                           0           1  0.60s           2026-09-17T23:00:16
================================================================================
[2026-09-17T23:00:49.992+0000] {manager.py:878} INFO - 
================================================================================
DAG File Processing Stats

File Path                              PID    Runtime      # DAGs    # Errors  Last Runtime    Last Run
-------------------------------------  -----  ---------  --------  ----------  --------------  -------------------
/opt/airflow/dags/weather_pipeline.py                           0           1  0.78s           2026-09-17T23:00:47
================================================================================
[2026-09-17T23:01:20.213+0000] {manager.py:878} INFO - 
================================================================================
DAG File Processing Stats

File Path                              PID    Runtime      # DAGs    # Errors  Last Runtime    Last Run
-------------------------------------  -----  ---------  --------  ----------  --------------  -------------------
/opt/airflow/dags/weather_pipeline.py                           0           1  0.59s           2026-09-17T23:01:18
================================================================================
[2026-09-17T23:01:50.425+0000] {manager.py:878} INFO - 
================================================================================
DAG File Processing Stats

File Path                              PID    Runtime      # DAGs    # Errors  Last Runtime    Last Run
-------------------------------------  -----  ---------  --------  ----------  --------------  -------------------
/opt/airflow/dags/weather_pipeline.py                           0           1  0.64s           2026-09-17T23:01:49
================================================================================
[2026-09-17T23:02:20.810+0000] {manager.py:878} INFO - 
================================================================================
DAG File Processing Stats

File Path                              PID    Runtime      # DAGs    # Errors  Last Runtime    Last Run
-------------------------------------  -----  ---------  --------  ----------  --------------  -------------------
/opt/airflow/dags/weather_pipeline.py                           0           1  0.54s           2026-09-17T23:02:20
================================================================================
[2026-09-17T23:02:28.854+0000] {manager.py:737} INFO - Searching for files in /opt/airflow/dags
[2026-09-17T23:02:28.857+0000] {manager.py:740} INFO - There are 1 files in /opt/airflow/dags
[2026-09-17T23:02:50.896+0000] {manager.py:878} INFO - 
================================================================================
DAG File Processing Stats

File Path                              PID    Runtime      # DAGs    # Errors  Last Runtime    Last Run
-------------------------------------  -----  ---------  --------  ----------  --------------  -------------------
/opt/airflow/dags/weather_pipeline.py                           0           1  0.53s           2026-09-17T23:02:50
================================================================================
[2026-09-17T23:03:21.087+0000] {manager.py:878} INFO - 
================================================================================
DAG File Processing Stats

File Path                                PID  Runtime      # DAGs    # Errors  Last Runtime    Last Run
-------------------------------------  -----  ---------  --------  ----------  --------------  -------------------
/opt/airflow/dags/weather_pipeline.py    210  0.01s             0           1  0.53s           2026-09-17T23:02:50
================================================================================
[2026-09-17T23:03:51.143+0000] {manager.py:878} INFO - 
================================================================================
DAG File Processing Stats

File Path                              PID    Runtime      # DAGs    # Errors  Last Runtime    Last Run
-------------------------------------  -----  ---------  --------  ----------  --------------  -------------------
/opt/airflow/dags/weather_pipeline.py                           1           0  0.86s           2026-09-17T23:03:21
================================================================================
[2026-09-17T23:04:21.991+0000] {manager.py:878} INFO - 
================================================================================
DAG File Processing Stats

File Path                              PID    Runtime      # DAGs    # Errors  Last Runtime    Last Run
-------------------------------------  -----  ---------  --------  ----------  --------------  -------------------
/opt/airflow/dags/weather_pipeline.py                           1           0  0.76s           2026-09-17T23:03:52
================================================================================
[2026-09-17T23:04:52.328+0000] {manager.py:878} INFO - 
================================================================================
DAG File Processing Stats

File Path                              PID    Runtime      # DAGs    # Errors  Last Runtime    Last Run
-------------------------------------  -----  ---------  --------  ----------  --------------  -------------------
/opt/airflow/dags/weather_pipeline.py                           1           0  0.69s           2026-09-17T23:04:23
================================================================================
[2026-09-17T23:05:22.523+0000] {manager.py:878} INFO - 
================================================================================
DAG File Processing Stats

File Path                              PID    Runtime      # DAGs    # Errors  Last Runtime    Last Run
-------------------------------------  -----  ---------  --------  ----------  --------------  -------------------
/opt/airflow/dags/weather_pipeline.py                           1           0  0.74s           2026-09-17T23:04:54
================================================================================
[2026-09-17T23:05:54.068+0000] {manager.py:470} INFO - Processing files using up to 2 processes at a time 
[2026-09-17T23:05:54.070+0000] {manager.py:471} INFO - Process each file at most once every 30 seconds
[2026-09-17T23:05:54.070+0000] {manager.py:472} INFO - Checking for new files in /opt/airflow/dags every 300 seconds
[2026-09-17T23:05:54.071+0000] {manager.py:737} INFO - Searching for files in /opt/airflow/dags
[2026-09-17T23:05:54.074+0000] {manager.py:740} INFO - There are 1 files in /opt/airflow/dags
[2026-09-17T23:05:54.191+0000] {manager.py:878} INFO - 
================================================================================
DAG File Processing Stats

File Path                                PID  Runtime      # DAGs    # Errors  Last Runtime    Last Run
-------------------------------------  -----  ---------  --------  ----------  --------------  ----------
/opt/airflow/dags/weather_pipeline.py     52  0.06s             0           0
================================================================================
[2026-09-17T23:06:24.392+0000] {manager.py:878} INFO - 
================================================================================
DAG File Processing Stats

File Path                              PID    Runtime      # DAGs    # Errors  Last Runtime    Last Run
-------------------------------------  -----  ---------  --------  ----------  --------------  -------------------
/opt/airflow/dags/weather_pipeline.py                           1           0  0.83s           2026-09-17T23:05:54
================================================================================
[2026-09-17T23:06:54.621+0000] {manager.py:878} INFO - 
================================================================================
DAG File Processing Stats

File Path                              PID    Runtime      # DAGs    # Errors  Last Runtime    Last Run
-------------------------------------  -----  ---------  --------  ----------  --------------  -------------------
/opt/airflow/dags/weather_pipeline.py                           1           0  0.86s           2026-09-17T23:06:26
================================================================================
[2026-09-17T23:07:24.841+0000] {manager.py:878} INFO - 
================================================================================
DAG File Processing Stats

File Path                              PID    Runtime      # DAGs    # Errors  Last Runtime    Last Run
-------------------------------------  -----  ---------  --------  ----------  --------------  -------------------
/opt/airflow/dags/weather_pipeline.py                           1           0  0.73s           2026-09-17T23:06:56
================================================================================
[2026-09-17T23:07:55.073+0000] {manager.py:878} INFO - 
================================================================================
DAG File Processing Stats

File Path                              PID    Runtime      # DAGs    # Errors  Last Runtime    Last Run
-------------------------------------  -----  ---------  --------  ----------  --------------  -------------------
/opt/airflow/dags/weather_pipeline.py                           1           0  0.67s           2026-09-17T23:07:27
================================================================================
[2026-09-17T23:08:25.322+0000] {manager.py:878} INFO - 
================================================================================
DAG File Processing Stats

File Path                              PID    Runtime      # DAGs    # Errors  Last Runtime    Last Run
-------------------------------------  -----  ---------  --------  ----------  --------------  -------------------
/opt/airflow/dags/weather_pipeline.py                           1           0  0.70s           2026-09-17T23:07:58
================================================================================
[2026-09-17T23:09:34.011+0000] {manager.py:470} INFO - Processing files using up to 2 processes at a time 
[2026-09-17T23:09:34.012+0000] {manager.py:471} INFO - Process each file at most once every 30 seconds
[2026-09-17T23:09:34.013+0000] {manager.py:472} INFO - Checking for new files in /opt/airflow/dags every 300 seconds
[2026-09-17T23:09:34.013+0000] {manager.py:737} INFO - Searching for files in /opt/airflow/dags
[2026-09-17T23:09:34.015+0000] {manager.py:740} INFO - There are 1 files in /opt/airflow/dags
[2026-09-17T23:09:34.110+0000] {manager.py:878} INFO - 
================================================================================
DAG File Processing Stats

File Path                                PID  Runtime      # DAGs    # Errors  Last Runtime    Last Run
-------------------------------------  -----  ---------  --------  ----------  --------------  ----------
/opt/airflow/dags/weather_pipeline.py     52  0.05s             0           0
================================================================================
[2026-09-17T23:10:04.219+0000] {manager.py:878} INFO - 
================================================================================
DAG File Processing Stats

File Path                              PID    Runtime      # DAGs    # Errors  Last Runtime    Last Run
-------------------------------------  -----  ---------  --------  ----------  --------------  -------------------
/opt/airflow/dags/weather_pipeline.py                           1           0  0.62s           2026-09-17T23:09:34
================================================================================
[2026-09-17T23:10:34.389+0000] {manager.py:878} INFO - 
================================================================================
DAG File Processing Stats

File Path                              PID    Runtime      # DAGs    # Errors  Last Runtime    Last Run
-------------------------------------  -----  ---------  --------  ----------  --------------  -------------------
/opt/airflow/dags/weather_pipeline.py                           1           0  0.98s           2026-09-17T23:10:05
================================================================================
[2026-09-17T23:11:04.591+0000] {manager.py:878} INFO - 
================================================================================
DAG File Processing Stats

File Path                              PID    Runtime      # DAGs    # Errors  Last Runtime    Last Run
-------------------------------------  -----  ---------  --------  ----------  --------------  -------------------
/opt/airflow/dags/weather_pipeline.py                           1           0  0.85s           2026-09-17T23:10:36
================================================================================
[2026-09-17T23:11:34.807+0000] {manager.py:878} INFO - 
================================================================================
DAG File Processing Stats

File Path                              PID    Runtime      # DAGs    # Errors  Last Runtime    Last Run
-------------------------------------  -----  ---------  --------  ----------  --------------  -------------------
/opt/airflow/dags/weather_pipeline.py                           1           0  0.69s           2026-09-17T23:11:07
================================================================================
[2026-09-17T23:12:05.116+0000] {manager.py:878} INFO - 
================================================================================
DAG File Processing Stats

File Path                              PID    Runtime      # DAGs    # Errors  Last Runtime    Last Run
-------------------------------------  -----  ---------  --------  ----------  --------------  -------------------
/opt/airflow/dags/weather_pipeline.py                           0           1  0.67s           2026-09-17T23:11:38
================================================================================
[2026-09-17T23:12:35.294+0000] {manager.py:878} INFO - 
================================================================================
DAG File Processing Stats

File Path                              PID    Runtime      # DAGs    # Errors  Last Runtime    Last Run
-------------------------------------  -----  ---------  --------  ----------  --------------  -------------------
/opt/airflow/dags/weather_pipeline.py                           0           1  0.68s           2026-09-17T23:12:09
================================================================================
[2026-09-17T23:13:05.335+0000] {manager.py:878} INFO - 
================================================================================
DAG File Processing Stats

File Path                              PID    Runtime      # DAGs    # Errors  Last Runtime    Last Run
-------------------------------------  -----  ---------  --------  ----------  --------------  -------------------
/opt/airflow/dags/weather_pipeline.py                           0           1  0.64s           2026-09-17T23:12:40
================================================================================
[2026-09-17T23:13:35.889+0000] {manager.py:878} INFO - 
================================================================================
DAG File Processing Stats

File Path                              PID    Runtime      # DAGs    # Errors  Last Runtime    Last Run
-------------------------------------  -----  ---------  --------  ----------  --------------  -------------------
/opt/airflow/dags/weather_pipeline.py                           0           1  0.66s           2026-09-17T23:13:11
================================================================================
[2026-09-17T23:14:06.122+0000] {manager.py:878} INFO - 
================================================================================
DAG File Processing Stats

File Path                              PID    Runtime      # DAGs    # Errors  Last Runtime    Last Run
-------------------------------------  -----  ---------  --------  ----------  --------------  -------------------
/opt/airflow/dags/weather_pipeline.py                           0           1  0.78s           2026-09-17T23:13:42
================================================================================
[2026-09-17T23:14:34.122+0000] {manager.py:737} INFO - Searching for files in /opt/airflow/dags
[2026-09-17T23:14:34.130+0000] {manager.py:740} INFO - There are 1 files in /opt/airflow/dags
[2026-09-17T23:14:36.177+0000] {manager.py:878} INFO - 
================================================================================
DAG File Processing Stats

File Path                              PID    Runtime      # DAGs    # Errors  Last Runtime    Last Run
-------------------------------------  -----  ---------  --------  ----------  --------------  -------------------
/opt/airflow/dags/weather_pipeline.py                           0           1  0.81s           2026-09-17T23:14:12
================================================================================
[2026-09-17T23:15:06.622+0000] {manager.py:878} INFO - 
================================================================================
DAG File Processing Stats

File Path                              PID    Runtime      # DAGs    # Errors  Last Runtime    Last Run
-------------------------------------  -----  ---------  --------  ----------  --------------  -------------------
/opt/airflow/dags/weather_pipeline.py                           0           1  0.67s           2026-09-17T23:14:43
================================================================================
[2026-09-17T23:15:36.843+0000] {manager.py:878} INFO - 
================================================================================
DAG File Processing Stats

File Path                              PID    Runtime      # DAGs    # Errors  Last Runtime    Last Run
-------------------------------------  -----  ---------  --------  ----------  --------------  -------------------
/opt/airflow/dags/weather_pipeline.py                           0           1  0.79s           2026-09-17T23:15:14
================================================================================
[2026-09-17T23:16:07.078+0000] {manager.py:878} INFO - 
================================================================================
DAG File Processing Stats

File Path                              PID    Runtime      # DAGs    # Errors  Last Runtime    Last Run
-------------------------------------  -----  ---------  --------  ----------  --------------  -------------------
/opt/airflow/dags/weather_pipeline.py                           0           1  0.83s           2026-09-17T23:15:45
================================================================================
[2026-09-17T23:16:37.283+0000] {manager.py:878} INFO - 
================================================================================
DAG File Processing Stats

File Path                              PID    Runtime      # DAGs    # Errors  Last Runtime    Last Run
-------------------------------------  -----  ---------  --------  ----------  --------------  -------------------
/opt/airflow/dags/weather_pipeline.py                           0           1  0.57s           2026-09-17T23:16:16
================================================================================
[2026-09-17T23:17:07.493+0000] {manager.py:878} INFO - 
================================================================================
DAG File Processing Stats

File Path                              PID    Runtime      # DAGs    # Errors  Last Runtime    Last Run
-------------------------------------  -----  ---------  --------  ----------  --------------  -------------------
/opt/airflow/dags/weather_pipeline.py                           0           1  0.83s           2026-09-17T23:16:47
================================================================================
[2026-09-17T23:17:37.673+0000] {manager.py:878} INFO - 
================================================================================
DAG File Processing Stats

File Path                              PID    Runtime      # DAGs    # Errors  Last Runtime    Last Run
-------------------------------------  -----  ---------  --------  ----------  --------------  -------------------
/opt/airflow/dags/weather_pipeline.py                           0           1  0.68s           2026-09-17T23:17:18
================================================================================
[2026-09-17T23:18:07.918+0000] {manager.py:878} INFO - 
================================================================================
DAG File Processing Stats

File Path                              PID    Runtime      # DAGs    # Errors  Last Runtime    Last Run
-------------------------------------  -----  ---------  --------  ----------  --------------  -------------------
/opt/airflow/dags/weather_pipeline.py                           0           1  0.72s           2026-09-17T23:17:49
================================================================================
[2026-09-17T23:18:38.134+0000] {manager.py:878} INFO - 
================================================================================
DAG File Processing Stats

File Path                              PID    Runtime      # DAGs    # Errors  Last Runtime    Last Run
-------------------------------------  -----  ---------  --------  ----------  --------------  -------------------
/opt/airflow/dags/weather_pipeline.py                           0           1  0.69s           2026-09-17T23:18:20
================================================================================
[2026-09-17T23:19:08.350+0000] {manager.py:878} INFO - 
================================================================================
DAG File Processing Stats

File Path                              PID    Runtime      # DAGs    # Errors  Last Runtime    Last Run
-------------------------------------  -----  ---------  --------  ----------  --------------  -------------------
/opt/airflow/dags/weather_pipeline.py                           0           1  0.83s           2026-09-17T23:18:51
================================================================================
[2026-09-17T23:19:34.192+0000] {manager.py:737} INFO - Searching for files in /opt/airflow/dags
[2026-09-17T23:19:34.197+0000] {manager.py:740} INFO - There are 1 files in /opt/airflow/dags
[2026-09-17T23:19:38.759+0000] {manager.py:878} INFO - 
================================================================================
DAG File Processing Stats

File Path                              PID    Runtime      # DAGs    # Errors  Last Runtime    Last Run
-------------------------------------  -----  ---------  --------  ----------  --------------  -------------------
/opt/airflow/dags/weather_pipeline.py                           0           1  0.66s           2026-09-17T23:19:22
================================================================================
[2026-09-17T23:21:00.177+0000] {manager.py:470} INFO - Processing files using up to 2 processes at a time 
[2026-09-17T23:21:00.178+0000] {manager.py:471} INFO - Process each file at most once every 30 seconds
[2026-09-17T23:21:00.179+0000] {manager.py:472} INFO - Checking for new files in /opt/airflow/dags every 300 seconds
[2026-09-17T23:21:00.180+0000] {manager.py:737} INFO - Searching for files in /opt/airflow/dags
[2026-09-17T23:21:00.182+0000] {manager.py:740} INFO - There are 1 files in /opt/airflow/dags
[2026-09-17T23:21:00.275+0000] {manager.py:878} INFO - 
================================================================================
DAG File Processing Stats

File Path                                PID  Runtime      # DAGs    # Errors  Last Runtime    Last Run
-------------------------------------  -----  ---------  --------  ----------  --------------  ----------
/opt/airflow/dags/weather_pipeline.py     54  0.05s             0           0
================================================================================
[2026-09-17T23:21:30.408+0000] {manager.py:878} INFO - 
================================================================================
DAG File Processing Stats

File Path                              PID    Runtime      # DAGs    # Errors  Last Runtime    Last Run
-------------------------------------  -----  ---------  --------  ----------  --------------  -------------------
/opt/airflow/dags/weather_pipeline.py                           0           1  0.57s           2026-09-17T23:21:00
================================================================================
[2026-09-17T23:22:00.624+0000] {manager.py:878} INFO - 
================================================================================
DAG File Processing Stats

File Path                              PID    Runtime      # DAGs    # Errors  Last Runtime    Last Run
-------------------------------------  -----  ---------  --------  ----------  --------------  -------------------
/opt/airflow/dags/weather_pipeline.py                           0           1  0.65s           2026-09-17T23:21:31
================================================================================
[2026-09-17T23:22:30.942+0000] {manager.py:878} INFO - 
================================================================================
DAG File Processing Stats

File Path                              PID    Runtime      # DAGs    # Errors  Last Runtime    Last Run
-------------------------------------  -----  ---------  --------  ----------  --------------  -------------------
/opt/airflow/dags/weather_pipeline.py                           0           1  0.64s           2026-09-17T23:22:02
================================================================================
[2026-09-17T23:23:01.155+0000] {manager.py:878} INFO - 
================================================================================
DAG File Processing Stats

File Path                              PID    Runtime      # DAGs    # Errors  Last Runtime    Last Run
-------------------------------------  -----  ---------  --------  ----------  --------------  -------------------
/opt/airflow/dags/weather_pipeline.py                           0           1  0.97s           2026-09-17T23:22:33
================================================================================
[2026-09-17T23:23:31.386+0000] {manager.py:878} INFO - 
================================================================================
DAG File Processing Stats

File Path                              PID    Runtime      # DAGs    # Errors  Last Runtime    Last Run
-------------------------------------  -----  ---------  --------  ----------  --------------  -------------------
/opt/airflow/dags/weather_pipeline.py                           0           1  0.67s           2026-09-17T23:23:04
================================================================================
[2026-09-17T23:24:01.690+0000] {manager.py:878} INFO - 
================================================================================
DAG File Processing Stats

File Path                              PID    Runtime      # DAGs    # Errors  Last Runtime    Last Run
-------------------------------------  -----  ---------  --------  ----------  --------------  -------------------
/opt/airflow/dags/weather_pipeline.py                           0           1  0.63s           2026-09-17T23:23:35
================================================================================
[2026-09-17T23:24:31.873+0000] {manager.py:878} INFO - 
================================================================================
DAG File Processing Stats

File Path                              PID    Runtime      # DAGs    # Errors  Last Runtime    Last Run
-------------------------------------  -----  ---------  --------  ----------  --------------  -------------------
/opt/airflow/dags/weather_pipeline.py                           0           1  0.81s           2026-09-17T23:24:06
================================================================================
[2026-09-17T23:25:02.076+0000] {manager.py:878} INFO - 
================================================================================
DAG File Processing Stats

File Path                              PID    Runtime      # DAGs    # Errors  Last Runtime    Last Run
-------------------------------------  -----  ---------  --------  ----------  --------------  -------------------
/opt/airflow/dags/weather_pipeline.py                           0           1  0.72s           2026-09-17T23:24:36
================================================================================
[2026-09-17T23:25:32.300+0000] {manager.py:878} INFO - 
================================================================================
DAG File Processing Stats

File Path                              PID    Runtime      # DAGs    # Errors  Last Runtime    Last Run
-------------------------------------  -----  ---------  --------  ----------  --------------  -------------------
/opt/airflow/dags/weather_pipeline.py                           1           0  1.05s           2026-09-17T23:25:08
================================================================================
[2026-09-17T23:26:00.220+0000] {manager.py:737} INFO - Searching for files in /opt/airflow/dags
[2026-09-17T23:26:00.223+0000] {manager.py:740} INFO - There are 1 files in /opt/airflow/dags
[2026-09-17T23:26:02.491+0000] {manager.py:878} INFO - 
================================================================================
DAG File Processing Stats

File Path                              PID    Runtime      # DAGs    # Errors  Last Runtime    Last Run
-------------------------------------  -----  ---------  --------  ----------  --------------  -------------------
/opt/airflow/dags/weather_pipeline.py                           1           0  0.77s           2026-09-17T23:25:39
================================================================================
[2026-09-17T23:26:32.640+0000] {manager.py:878} INFO - 
================================================================================
DAG File Processing Stats

File Path                              PID    Runtime      # DAGs    # Errors  Last Runtime    Last Run
-------------------------------------  -----  ---------  --------  ----------  --------------  -------------------
/opt/airflow/dags/weather_pipeline.py                           1           0  0.92s           2026-09-17T23:26:10
================================================================================
[2026-09-17T23:27:02.820+0000] {manager.py:878} INFO - 
================================================================================
DAG File Processing Stats

File Path                              PID    Runtime      # DAGs    # Errors  Last Runtime    Last Run
-------------------------------------  -----  ---------  --------  ----------  --------------  -------------------
/opt/airflow/dags/weather_pipeline.py                           1           0  0.69s           2026-09-17T23:26:41
================================================================================
[2026-09-17T23:27:32.969+0000] {manager.py:878} INFO - 
================================================================================
DAG File Processing Stats

File Path                              PID    Runtime      # DAGs    # Errors  Last Runtime    Last Run
-------------------------------------  -----  ---------  --------  ----------  --------------  -------------------
/opt/airflow/dags/weather_pipeline.py                           1           0  0.71s           2026-09-17T23:27:11
================================================================================
[2026-09-17T23:28:03.254+0000] {manager.py:878} INFO - 
================================================================================
DAG File Processing Stats

File Path                              PID    Runtime      # DAGs    # Errors  Last Runtime    Last Run
-------------------------------------  -----  ---------  --------  ----------  --------------  -------------------
/opt/airflow/dags/weather_pipeline.py                           1           0  0.77s           2026-09-17T23:27:42
================================================================================
[2026-09-17T23:28:33.377+0000] {manager.py:878} INFO - 
================================================================================
DAG File Processing Stats

File Path                              PID    Runtime      # DAGs    # Errors  Last Runtime    Last Run
-------------------------------------  -----  ---------  --------  ----------  --------------  -------------------
/opt/airflow/dags/weather_pipeline.py                           1           0  0.78s           2026-09-17T23:28:13
================================================================================
[2026-09-17T23:29:03.567+0000] {manager.py:878} INFO - 
================================================================================
DAG File Processing Stats

File Path                              PID    Runtime      # DAGs    # Errors  Last Runtime    Last Run
-------------------------------------  -----  ---------  --------  ----------  --------------  -------------------
/opt/airflow/dags/weather_pipeline.py                           1           0  0.72s           2026-09-17T23:28:44
================================================================================
[2026-09-17T23:29:33.621+0000] {manager.py:878} INFO - 
================================================================================
DAG File Processing Stats

File Path                              PID    Runtime      # DAGs    # Errors  Last Runtime    Last Run
-------------------------------------  -----  ---------  --------  ----------  --------------  -------------------
/opt/airflow/dags/weather_pipeline.py                           1           0  0.85s           2026-09-17T23:29:15
================================================================================
[2026-09-17T23:30:04.094+0000] {manager.py:878} INFO - 
================================================================================
DAG File Processing Stats

File Path                              PID    Runtime      # DAGs    # Errors  Last Runtime    Last Run
-------------------------------------  -----  ---------  --------  ----------  --------------  -------------------
/opt/airflow/dags/weather_pipeline.py                           1           0  0.72s           2026-09-17T23:29:46
================================================================================
[2026-09-17T23:30:34.287+0000] {manager.py:878} INFO - 
================================================================================
DAG File Processing Stats

File Path                              PID    Runtime      # DAGs    # Errors  Last Runtime    Last Run
-------------------------------------  -----  ---------  --------  ----------  --------------  -------------------
/opt/airflow/dags/weather_pipeline.py                           1           0  0.80s           2026-09-17T23:30:17
================================================================================
[2026-09-17T23:31:00.461+0000] {manager.py:737} INFO - Searching for files in /opt/airflow/dags
[2026-09-17T23:31:00.467+0000] {manager.py:740} INFO - There are 1 files in /opt/airflow/dags
[2026-09-17T23:31:04.531+0000] {manager.py:878} INFO - 
================================================================================
DAG File Processing Stats

File Path                              PID    Runtime      # DAGs    # Errors  Last Runtime    Last Run
-------------------------------------  -----  ---------  --------  ----------  --------------  -------------------
/opt/airflow/dags/weather_pipeline.py                           1           0  0.85s           2026-09-17T23:30:48
================================================================================
[2026-09-17T23:31:34.780+0000] {manager.py:878} INFO - 
================================================================================
DAG File Processing Stats

File Path                              PID    Runtime      # DAGs    # Errors  Last Runtime    Last Run
-------------------------------------  -----  ---------  --------  ----------  --------------  -------------------
/opt/airflow/dags/weather_pipeline.py                           1           0  0.78s           2026-09-17T23:31:19
================================================================================
[2026-09-17T23:32:04.967+0000] {manager.py:878} INFO - 
================================================================================
DAG File Processing Stats

File Path                              PID    Runtime      # DAGs    # Errors  Last Runtime    Last Run
-------------------------------------  -----  ---------  --------  ----------  --------------  -------------------
/opt/airflow/dags/weather_pipeline.py                           1           0  0.73s           2026-09-17T23:31:50
================================================================================
[2026-09-17T23:32:35.145+0000] {manager.py:878} INFO - 
================================================================================
DAG File Processing Stats

File Path                              PID    Runtime      # DAGs    # Errors  Last Runtime    Last Run
-------------------------------------  -----  ---------  --------  ----------  --------------  -------------------
/opt/airflow/dags/weather_pipeline.py                           1           0  0.68s           2026-09-17T23:32:21
================================================================================
[2026-09-17T23:33:05.148+0000] {manager.py:878} INFO - 
================================================================================
DAG File Processing Stats

File Path                              PID    Runtime      # DAGs    # Errors  Last Runtime    Last Run
-------------------------------------  -----  ---------  --------  ----------  --------------  -------------------
/opt/airflow/dags/weather_pipeline.py                           1           0  0.82s           2026-09-17T23:32:52
================================================================================
[2026-09-17T23:33:35.580+0000] {manager.py:878} INFO - 
================================================================================
DAG File Processing Stats

File Path                              PID    Runtime      # DAGs    # Errors  Last Runtime    Last Run
-------------------------------------  -----  ---------  --------  ----------  --------------  -------------------
/opt/airflow/dags/weather_pipeline.py                           1           0  0.72s           2026-09-17T23:33:22
================================================================================
[2026-09-17T23:34:05.735+0000] {manager.py:878} INFO - 
================================================================================
DAG File Processing Stats

File Path                              PID    Runtime      # DAGs    # Errors  Last Runtime    Last Run
-------------------------------------  -----  ---------  --------  ----------  --------------  -------------------
/opt/airflow/dags/weather_pipeline.py                           1           0  0.71s           2026-09-17T23:33:53
================================================================================
[2026-09-17T23:34:36.057+0000] {manager.py:878} INFO - 
================================================================================
DAG File Processing Stats

File Path                              PID    Runtime      # DAGs    # Errors  Last Runtime    Last Run
-------------------------------------  -----  ---------  --------  ----------  --------------  -------------------
/opt/airflow/dags/weather_pipeline.py                           1           0  0.79s           2026-09-17T23:34:24
================================================================================
[2026-09-17T23:35:06.258+0000] {manager.py:878} INFO - 
================================================================================
DAG File Processing Stats

File Path                              PID    Runtime      # DAGs    # Errors  Last Runtime    Last Run
-------------------------------------  -----  ---------  --------  ----------  --------------  -------------------
/opt/airflow/dags/weather_pipeline.py                           1           0  0.76s           2026-09-17T23:34:55
================================================================================
[2026-09-17T23:35:36.392+0000] {manager.py:878} INFO - 
================================================================================
DAG File Processing Stats

File Path                              PID    Runtime      # DAGs    # Errors  Last Runtime    Last Run
-------------------------------------  -----  ---------  --------  ----------  --------------  -------------------
/opt/airflow/dags/weather_pipeline.py                           1           0  0.83s           2026-09-17T23:35:26
================================================================================
[2026-09-17T23:36:00.734+0000] {manager.py:737} INFO - Searching for files in /opt/airflow/dags
[2026-09-17T23:36:00.737+0000] {manager.py:740} INFO - There are 1 files in /opt/airflow/dags
[2026-09-17T23:36:06.458+0000] {manager.py:878} INFO - 
================================================================================
DAG File Processing Stats

File Path                              PID    Runtime      # DAGs    # Errors  Last Runtime    Last Run
-------------------------------------  -----  ---------  --------  ----------  --------------  -------------------
/opt/airflow/dags/weather_pipeline.py                           1           0  0.70s           2026-09-17T23:35:57
================================================================================
[2026-09-17T23:36:36.962+0000] {manager.py:878} INFO - 
================================================================================
DAG File Processing Stats

File Path                              PID    Runtime      # DAGs    # Errors  Last Runtime    Last Run
-------------------------------------  -----  ---------  --------  ----------  --------------  -------------------
/opt/airflow/dags/weather_pipeline.py                           1           0  0.74s           2026-09-17T23:36:28
================================================================================
[2026-09-17T23:37:07.111+0000] {manager.py:878} INFO - 
================================================================================
DAG File Processing Stats

File Path                              PID    Runtime      # DAGs    # Errors  Last Runtime    Last Run
-------------------------------------  -----  ---------  --------  ----------  --------------  -------------------
/opt/airflow/dags/weather_pipeline.py                           1           0  0.95s           2026-09-17T23:36:59
================================================================================
[2026-09-17T23:37:37.262+0000] {manager.py:878} INFO - 
================================================================================
DAG File Processing Stats

File Path                              PID    Runtime      # DAGs    # Errors  Last Runtime    Last Run
-------------------------------------  -----  ---------  --------  ----------  --------------  -------------------
/opt/airflow/dags/weather_pipeline.py                           1           0  0.73s           2026-09-17T23:37:30
================================================================================
[2026-09-17T23:38:07.530+0000] {manager.py:878} INFO - 
================================================================================
DAG File Processing Stats

File Path                              PID    Runtime      # DAGs    # Errors  Last Runtime    Last Run
-------------------------------------  -----  ---------  --------  ----------  --------------  -------------------
/opt/airflow/dags/weather_pipeline.py                           1           0  0.73s           2026-09-17T23:38:01
================================================================================
[2026-09-17T23:38:37.690+0000] {manager.py:878} INFO - 
================================================================================
DAG File Processing Stats

File Path                              PID    Runtime      # DAGs    # Errors  Last Runtime    Last Run
-------------------------------------  -----  ---------  --------  ----------  --------------  -------------------
/opt/airflow/dags/weather_pipeline.py                           1           0  0.81s           2026-09-17T23:38:32
================================================================================
[2026-09-17T23:39:07.887+0000] {manager.py:878} INFO - 
================================================================================
DAG File Processing Stats

File Path                              PID    Runtime      # DAGs    # Errors  Last Runtime    Last Run
-------------------------------------  -----  ---------  --------  ----------  --------------  -------------------
/opt/airflow/dags/weather_pipeline.py                           1           0  0.77s           2026-09-17T23:39:03
================================================================================
[2026-09-17T23:39:38.043+0000] {manager.py:878} INFO - 
================================================================================
DAG File Processing Stats

File Path                              PID    Runtime      # DAGs    # Errors  Last Runtime    Last Run
-------------------------------------  -----  ---------  --------  ----------  --------------  -------------------
/opt/airflow/dags/weather_pipeline.py                           1           0  0.74s           2026-09-17T23:39:34
================================================================================
[2026-09-17T23:40:08.512+0000] {manager.py:878} INFO - 
================================================================================
DAG File Processing Stats

File Path                              PID    Runtime      # DAGs    # Errors  Last Runtime    Last Run
-------------------------------------  -----  ---------  --------  ----------  --------------  -------------------
/opt/airflow/dags/weather_pipeline.py                           1           0  0.71s           2026-09-17T23:40:04
================================================================================
[2026-09-17T23:40:38.732+0000] {manager.py:878} INFO - 
================================================================================
DAG File Processing Stats

File Path                              PID    Runtime      # DAGs    # Errors  Last Runtime    Last Run
-------------------------------------  -----  ---------  --------  ----------  --------------  -------------------
/opt/airflow/dags/weather_pipeline.py                           1           0  0.73s           2026-09-17T23:40:35
================================================================================
[2026-09-17T23:41:00.888+0000] {manager.py:737} INFO - Searching for files in /opt/airflow/dags
[2026-09-17T23:41:00.892+0000] {manager.py:740} INFO - There are 1 files in /opt/airflow/dags
[2026-09-17T23:41:09.134+0000] {manager.py:878} INFO - 
================================================================================
DAG File Processing Stats

File Path                              PID    Runtime      # DAGs    # Errors  Last Runtime    Last Run
-------------------------------------  -----  ---------  --------  ----------  --------------  -------------------
/opt/airflow/dags/weather_pipeline.py                           1           0  0.71s           2026-09-17T23:41:06
================================================================================
[2026-09-17T23:41:39.344+0000] {manager.py:878} INFO - 
================================================================================
DAG File Processing Stats

File Path                              PID    Runtime      # DAGs    # Errors  Last Runtime    Last Run
-------------------------------------  -----  ---------  --------  ----------  --------------  -------------------
/opt/airflow/dags/weather_pipeline.py                           1           0  0.77s           2026-09-17T23:41:37
================================================================================
[2026-09-17T23:42:09.570+0000] {manager.py:878} INFO - 
================================================================================
DAG File Processing Stats

File Path                              PID    Runtime      # DAGs    # Errors  Last Runtime    Last Run
-------------------------------------  -----  ---------  --------  ----------  --------------  -------------------
/opt/airflow/dags/weather_pipeline.py                           1           0  0.81s           2026-09-17T23:42:08
================================================================================
[2026-09-17T23:42:39.865+0000] {manager.py:878} INFO - 
================================================================================
DAG File Processing Stats

File Path                              PID    Runtime      # DAGs    # Errors  Last Runtime    Last Run
-------------------------------------  -----  ---------  --------  ----------  --------------  -------------------
/opt/airflow/dags/weather_pipeline.py                           1           0  0.77s           2026-09-17T23:42:39
================================================================================
[2026-09-17T23:43:10.051+0000] {manager.py:878} INFO - 
================================================================================
DAG File Processing Stats

File Path                                PID  Runtime      # DAGs    # Errors  Last Runtime    Last Run
-------------------------------------  -----  ---------  --------  ----------  --------------  -------------------
/opt/airflow/dags/weather_pipeline.py    200  0.30s             1           0  0.77s           2026-09-17T23:42:39
================================================================================
[2026-09-17T23:43:40.256+0000] {manager.py:878} INFO - 
================================================================================
DAG File Processing Stats

File Path                              PID    Runtime      # DAGs    # Errors  Last Runtime    Last Run
-------------------------------------  -----  ---------  --------  ----------  --------------  -------------------
/opt/airflow/dags/weather_pipeline.py                           1           0  0.72s           2026-09-17T23:43:10
================================================================================
[2026-09-17T23:44:10.476+0000] {manager.py:878} INFO - 
================================================================================
DAG File Processing Stats

File Path                              PID    Runtime      # DAGs    # Errors  Last Runtime    Last Run
-------------------------------------  -----  ---------  --------  ----------  --------------  -------------------
/opt/airflow/dags/weather_pipeline.py                           1           0  0.79s           2026-09-17T23:43:41
================================================================================
[2026-09-17T23:44:40.781+0000] {manager.py:878} INFO - 
================================================================================
DAG File Processing Stats

File Path                              PID    Runtime      # DAGs    # Errors  Last Runtime    Last Run
-------------------------------------  -----  ---------  --------  ----------  --------------  -------------------
/opt/airflow/dags/weather_pipeline.py                           1           0  0.65s           2026-09-17T23:44:12
================================================================================
[2026-09-17T23:45:10.981+0000] {manager.py:878} INFO - 
================================================================================
DAG File Processing Stats

File Path                              PID    Runtime      # DAGs    # Errors  Last Runtime    Last Run
-------------------------------------  -----  ---------  --------  ----------  --------------  -------------------
/opt/airflow/dags/weather_pipeline.py                           1           0  0.79s           2026-09-17T23:44:43
================================================================================
[2026-09-17T23:45:41.162+0000] {manager.py:878} INFO - 
================================================================================
DAG File Processing Stats

File Path                              PID    Runtime      # DAGs    # Errors  Last Runtime    Last Run
-------------------------------------  -----  ---------  --------  ----------  --------------  -------------------
/opt/airflow/dags/weather_pipeline.py                           1           0  0.89s           2026-09-17T23:45:14
================================================================================
[2026-09-17T23:46:01.216+0000] {manager.py:737} INFO - Searching for files in /opt/airflow/dags
[2026-09-17T23:46:01.221+0000] {manager.py:740} INFO - There are 1 files in /opt/airflow/dags
[2026-09-17T23:46:11.331+0000] {manager.py:878} INFO - 
================================================================================
DAG File Processing Stats

File Path                              PID    Runtime      # DAGs    # Errors  Last Runtime    Last Run
-------------------------------------  -----  ---------  --------  ----------  --------------  -------------------
/opt/airflow/dags/weather_pipeline.py                           1           0  0.75s           2026-09-17T23:45:45
================================================================================
[2026-09-17T23:46:41.728+0000] {manager.py:878} INFO - 
================================================================================
DAG File Processing Stats

File Path                              PID    Runtime      # DAGs    # Errors  Last Runtime    Last Run
-------------------------------------  -----  ---------  --------  ----------  --------------  -------------------
/opt/airflow/dags/weather_pipeline.py                           1           0  0.70s           2026-09-17T23:46:16
================================================================================
[2026-09-17T23:47:11.905+0000] {manager.py:878} INFO - 
================================================================================
DAG File Processing Stats

File Path                              PID    Runtime      # DAGs    # Errors  Last Runtime    Last Run
-------------------------------------  -----  ---------  --------  ----------  --------------  -------------------
/opt/airflow/dags/weather_pipeline.py                           1           0  0.86s           2026-09-17T23:46:47
================================================================================
[2026-09-17T23:47:42.464+0000] {manager.py:878} INFO - 
================================================================================
DAG File Processing Stats

File Path                              PID    Runtime      # DAGs    # Errors  Last Runtime    Last Run
-------------------------------------  -----  ---------  --------  ----------  --------------  -------------------
/opt/airflow/dags/weather_pipeline.py                           1           0  1.07s           2026-09-17T23:47:18
================================================================================
[2026-09-17T23:48:12.720+0000] {manager.py:878} INFO - 
================================================================================
DAG File Processing Stats

File Path                              PID    Runtime      # DAGs    # Errors  Last Runtime    Last Run
-------------------------------------  -----  ---------  --------  ----------  --------------  -------------------
/opt/airflow/dags/weather_pipeline.py                           1           0  0.67s           2026-09-17T23:47:49
================================================================================
[2026-09-17T23:48:42.923+0000] {manager.py:878} INFO - 
================================================================================
DAG File Processing Stats

File Path                              PID    Runtime      # DAGs    # Errors  Last Runtime    Last Run
-------------------------------------  -----  ---------  --------  ----------  --------------  -------------------
/opt/airflow/dags/weather_pipeline.py                           1           0  0.73s           2026-09-17T23:48:20
================================================================================
[2026-09-17T23:49:13.149+0000] {manager.py:878} INFO - 
================================================================================
DAG File Processing Stats

File Path                              PID    Runtime      # DAGs    # Errors  Last Runtime    Last Run
-------------------------------------  -----  ---------  --------  ----------  --------------  -------------------
/opt/airflow/dags/weather_pipeline.py                           1           0  0.75s           2026-09-17T23:48:51
================================================================================
[2026-09-17T23:49:43.223+0000] {manager.py:878} INFO - 
================================================================================
DAG File Processing Stats

File Path                              PID    Runtime      # DAGs    # Errors  Last Runtime    Last Run
-------------------------------------  -----  ---------  --------  ----------  --------------  -------------------
/opt/airflow/dags/weather_pipeline.py                           1           0  0.85s           2026-09-17T23:49:22
================================================================================
[2026-09-17T23:50:13.679+0000] {manager.py:878} INFO - 
================================================================================
DAG File Processing Stats

File Path                              PID    Runtime      # DAGs    # Errors  Last Runtime    Last Run
-------------------------------------  -----  ---------  --------  ----------  --------------  -------------------
/opt/airflow/dags/weather_pipeline.py                           1           0  0.75s           2026-09-17T23:49:53
================================================================================
[2026-09-17T23:50:43.863+0000] {manager.py:878} INFO - 
================================================================================
DAG File Processing Stats

File Path                              PID    Runtime      # DAGs    # Errors  Last Runtime    Last Run
-------------------------------------  -----  ---------  --------  ----------  --------------  -------------------
/opt/airflow/dags/weather_pipeline.py                           1           0  0.80s           2026-09-17T23:50:24
================================================================================
[2026-09-17T23:51:01.986+0000] {manager.py:737} INFO - Searching for files in /opt/airflow/dags
[2026-09-17T23:51:01.990+0000] {manager.py:740} INFO - There are 1 files in /opt/airflow/dags
[2026-09-17T23:51:14.112+0000] {manager.py:878} INFO - 
================================================================================
DAG File Processing Stats

File Path                              PID    Runtime      # DAGs    # Errors  Last Runtime    Last Run
-------------------------------------  -----  ---------  --------  ----------  --------------  -------------------
/opt/airflow/dags/weather_pipeline.py                           1           0  0.78s           2026-09-17T23:50:55
================================================================================
[2026-09-17T23:51:44.206+0000] {manager.py:878} INFO - 
================================================================================
DAG File Processing Stats

File Path                              PID    Runtime      # DAGs    # Errors  Last Runtime    Last Run
-------------------------------------  -----  ---------  --------  ----------  --------------  -------------------
/opt/airflow/dags/weather_pipeline.py                           1           0  0.88s           2026-09-17T23:51:26
================================================================================
[2026-09-17T23:52:14.328+0000] {manager.py:878} INFO - 
================================================================================
DAG File Processing Stats

File Path                              PID    Runtime      # DAGs    # Errors  Last Runtime    Last Run
-------------------------------------  -----  ---------  --------  ----------  --------------  -------------------
/opt/airflow/dags/weather_pipeline.py                           1           0  0.90s           2026-09-17T23:51:57
================================================================================
[2026-09-17T23:52:44.769+0000] {manager.py:878} INFO - 
================================================================================
DAG File Processing Stats

File Path                              PID    Runtime      # DAGs    # Errors  Last Runtime    Last Run
-------------------------------------  -----  ---------  --------  ----------  --------------  -------------------
/opt/airflow/dags/weather_pipeline.py                           1           0  0.79s           2026-09-17T23:52:28
================================================================================
[2026-09-17T23:53:15.000+0000] {manager.py:878} INFO - 
================================================================================
DAG File Processing Stats

File Path                              PID    Runtime      # DAGs    # Errors  Last Runtime    Last Run
-------------------------------------  -----  ---------  --------  ----------  --------------  -------------------
/opt/airflow/dags/weather_pipeline.py                           1           0  0.89s           2026-09-17T23:52:59
================================================================================
[2026-09-17T23:53:45.217+0000] {manager.py:878} INFO - 
================================================================================
DAG File Processing Stats

File Path                              PID    Runtime      # DAGs    # Errors  Last Runtime    Last Run
-------------------------------------  -----  ---------  --------  ----------  --------------  -------------------
/opt/airflow/dags/weather_pipeline.py                           1           0  0.77s           2026-09-17T23:53:30
================================================================================
[2026-09-17T23:54:15.296+0000] {manager.py:878} INFO - 
================================================================================
DAG File Processing Stats

File Path                              PID    Runtime      # DAGs    # Errors  Last Runtime    Last Run
-------------------------------------  -----  ---------  --------  ----------  --------------  -------------------
/opt/airflow/dags/weather_pipeline.py                           1           0  0.75s           2026-09-17T23:54:01
================================================================================
[2026-09-17T23:54:45.503+0000] {manager.py:878} INFO - 
================================================================================
DAG File Processing Stats

File Path                              PID    Runtime      # DAGs    # Errors  Last Runtime    Last Run
-------------------------------------  -----  ---------  --------  ----------  --------------  -------------------
/opt/airflow/dags/weather_pipeline.py                           1           0  1.02s           2026-09-17T23:54:32
================================================================================
[2026-09-17T23:55:15.909+0000] {manager.py:878} INFO - 
================================================================================
DAG File Processing Stats

File Path                              PID    Runtime      # DAGs    # Errors  Last Runtime    Last Run
-------------------------------------  -----  ---------  --------  ----------  --------------  -------------------
/opt/airflow/dags/weather_pipeline.py                           1           0  0.72s           2026-09-17T23:55:03
================================================================================
[2026-09-17T23:55:46.097+0000] {manager.py:878} INFO - 
================================================================================
DAG File Processing Stats

File Path                              PID    Runtime      # DAGs    # Errors  Last Runtime    Last Run
-------------------------------------  -----  ---------  --------  ----------  --------------  -------------------
/opt/airflow/dags/weather_pipeline.py                           1           0  0.76s           2026-09-17T23:55:34
================================================================================
[2026-09-17T23:56:02.165+0000] {manager.py:737} INFO - Searching for files in /opt/airflow/dags
[2026-09-17T23:56:02.171+0000] {manager.py:740} INFO - There are 1 files in /opt/airflow/dags
[2026-09-17T23:56:16.226+0000] {manager.py:878} INFO - 
================================================================================
DAG File Processing Stats

File Path                              PID    Runtime      # DAGs    # Errors  Last Runtime    Last Run
-------------------------------------  -----  ---------  --------  ----------  --------------  -------------------
/opt/airflow/dags/weather_pipeline.py                           1           0  0.71s           2026-09-17T23:56:05
================================================================================
[2026-09-17T23:56:46.423+0000] {manager.py:878} INFO - 
================================================================================
DAG File Processing Stats

File Path                              PID    Runtime      # DAGs    # Errors  Last Runtime    Last Run
-------------------------------------  -----  ---------  --------  ----------  --------------  -------------------
/opt/airflow/dags/weather_pipeline.py                           1           0  0.99s           2026-09-17T23:56:36
================================================================================
[2026-09-17T23:57:16.897+0000] {manager.py:878} INFO - 
================================================================================
DAG File Processing Stats

File Path                              PID    Runtime      # DAGs    # Errors  Last Runtime    Last Run
-------------------------------------  -----  ---------  --------  ----------  --------------  -------------------
/opt/airflow/dags/weather_pipeline.py                           1           0  0.73s           2026-09-17T23:57:07
================================================================================
[2026-09-17T23:57:47.113+0000] {manager.py:878} INFO - 
================================================================================
DAG File Processing Stats

File Path                              PID    Runtime      # DAGs    # Errors  Last Runtime    Last Run
-------------------------------------  -----  ---------  --------  ----------  --------------  -------------------
/opt/airflow/dags/weather_pipeline.py                           1           0  0.95s           2026-09-17T23:57:38
================================================================================
[2026-09-17T23:58:17.326+0000] {manager.py:878} INFO - 
================================================================================
DAG File Processing Stats

File Path                              PID    Runtime      # DAGs    # Errors  Last Runtime    Last Run
-------------------------------------  -----  ---------  --------  ----------  --------------  -------------------
/opt/airflow/dags/weather_pipeline.py                           1           0  0.82s           2026-09-17T23:58:09
================================================================================
[2026-09-17T23:58:47.540+0000] {manager.py:878} INFO - 
================================================================================
DAG File Processing Stats

File Path                              PID    Runtime      # DAGs    # Errors  Last Runtime    Last Run
-------------------------------------  -----  ---------  --------  ----------  --------------  -------------------
/opt/airflow/dags/weather_pipeline.py                           0           1  0.85s           2026-09-17T23:58:40
================================================================================
[2026-09-17T23:59:17.762+0000] {manager.py:878} INFO - 
================================================================================
DAG File Processing Stats

File Path                              PID    Runtime      # DAGs    # Errors  Last Runtime    Last Run
-------------------------------------  -----  ---------  --------  ----------  --------------  -------------------
/opt/airflow/dags/weather_pipeline.py                           1           0  0.72s           2026-09-17T23:59:11
================================================================================
[2026-09-17T23:59:47.942+0000] {manager.py:878} INFO - 
================================================================================
DAG File Processing Stats

File Path                              PID    Runtime      # DAGs    # Errors  Last Runtime    Last Run
-------------------------------------  -----  ---------  --------  ----------  --------------  -------------------
/opt/airflow/dags/weather_pipeline.py                           1           0  0.76s           2026-09-17T23:59:42
================================================================================
[2026-09-18T00:00:18.139+0000] {manager.py:878} INFO - 
================================================================================
DAG File Processing Stats

File Path                              PID    Runtime      # DAGs    # Errors  Last Runtime    Last Run
-------------------------------------  -----  ---------  --------  ----------  --------------  -------------------
/opt/airflow/dags/weather_pipeline.py                           1           0  0.76s           2026-09-18T00:00:13
================================================================================
[2026-09-18T00:00:48.145+0000] {manager.py:878} INFO - 
================================================================================
DAG File Processing Stats

File Path                              PID    Runtime      # DAGs    # Errors  Last Runtime    Last Run
-------------------------------------  -----  ---------  --------  ----------  --------------  -------------------
/opt/airflow/dags/weather_pipeline.py                           1           0  0.80s           2026-09-18T00:00:44
================================================================================
[2026-09-18T00:01:02.240+0000] {manager.py:737} INFO - Searching for files in /opt/airflow/dags
[2026-09-18T00:01:02.243+0000] {manager.py:740} INFO - There are 1 files in /opt/airflow/dags
[2026-09-18T00:01:18.685+0000] {manager.py:878} INFO - 
================================================================================
DAG File Processing Stats

File Path                              PID    Runtime      # DAGs    # Errors  Last Runtime    Last Run
-------------------------------------  -----  ---------  --------  ----------  --------------  -------------------
/opt/airflow/dags/weather_pipeline.py                           1           0  0.69s           2026-09-18T00:01:15
================================================================================
[2026-09-18T00:01:48.849+0000] {manager.py:878} INFO - 
================================================================================
DAG File Processing Stats

File Path                              PID    Runtime      # DAGs    # Errors  Last Runtime    Last Run
-------------------------------------  -----  ---------  --------  ----------  --------------  -------------------
/opt/airflow/dags/weather_pipeline.py                           1           0  0.77s           2026-09-18T00:01:45
================================================================================
[2026-09-18T00:02:19.188+0000] {manager.py:878} INFO - 
================================================================================
DAG File Processing Stats

File Path                              PID    Runtime      # DAGs    # Errors  Last Runtime    Last Run
-------------------------------------  -----  ---------  --------  ----------  --------------  -------------------
/opt/airflow/dags/weather_pipeline.py                           1           0  0.77s           2026-09-18T00:02:16
================================================================================
[2026-09-18T00:02:49.402+0000] {manager.py:878} INFO - 
================================================================================
DAG File Processing Stats

File Path                              PID    Runtime      # DAGs    # Errors  Last Runtime    Last Run
-------------------------------------  -----  ---------  --------  ----------  --------------  -------------------
/opt/airflow/dags/weather_pipeline.py                           1           0  0.74s           2026-09-18T00:02:47
================================================================================
[2026-09-18T00:03:19.623+0000] {manager.py:878} INFO - 
================================================================================
DAG File Processing Stats

File Path                              PID    Runtime      # DAGs    # Errors  Last Runtime    Last Run
-------------------------------------  -----  ---------  --------  ----------  --------------  -------------------
/opt/airflow/dags/weather_pipeline.py                           1           0  0.76s           2026-09-18T00:03:18
================================================================================
[2026-09-18T00:03:49.958+0000] {manager.py:878} INFO - 
================================================================================
DAG File Processing Stats

File Path                              PID    Runtime      # DAGs    # Errors  Last Runtime    Last Run
-------------------------------------  -----  ---------  --------  ----------  --------------  -------------------
/opt/airflow/dags/weather_pipeline.py                           1           0  0.75s           2026-09-18T00:03:49
================================================================================
[2026-09-18T00:04:20.168+0000] {manager.py:878} INFO - 
================================================================================
DAG File Processing Stats

File Path                                PID  Runtime      # DAGs    # Errors  Last Runtime    Last Run
-------------------------------------  -----  ---------  --------  ----------  --------------  -------------------
/opt/airflow/dags/weather_pipeline.py    402  0.38s             1           0  0.75s           2026-09-18T00:03:49
================================================================================
[2026-09-18T00:04:50.382+0000] {manager.py:878} INFO - 
================================================================================
DAG File Processing Stats

File Path                              PID    Runtime      # DAGs    # Errors  Last Runtime    Last Run
-------------------------------------  -----  ---------  --------  ----------  --------------  -------------------
/opt/airflow/dags/weather_pipeline.py                           1           0  0.79s           2026-09-18T00:04:20
================================================================================
[2026-09-18T00:05:20.561+0000] {manager.py:878} INFO - 
================================================================================
DAG File Processing Stats

File Path                              PID    Runtime      # DAGs    # Errors  Last Runtime    Last Run
-------------------------------------  -----  ---------  --------  ----------  --------------  -------------------
/opt/airflow/dags/weather_pipeline.py                           1           0  0.78s           2026-09-18T00:04:51
================================================================================
[2026-09-18T00:05:50.692+0000] {manager.py:878} INFO - 
================================================================================
DAG File Processing Stats

File Path                              PID    Runtime      # DAGs    # Errors  Last Runtime    Last Run
-------------------------------------  -----  ---------  --------  ----------  --------------  -------------------
/opt/airflow/dags/weather_pipeline.py                           1           0  0.74s           2026-09-18T00:05:22
================================================================================
[2026-09-18T00:06:02.645+0000] {manager.py:737} INFO - Searching for files in /opt/airflow/dags
[2026-09-18T00:06:02.649+0000] {manager.py:740} INFO - There are 1 files in /opt/airflow/dags
[2026-09-18T00:06:20.814+0000] {manager.py:878} INFO - 
================================================================================
DAG File Processing Stats

File Path                              PID    Runtime      # DAGs    # Errors  Last Runtime    Last Run
-------------------------------------  -----  ---------  --------  ----------  --------------  -------------------
/opt/airflow/dags/weather_pipeline.py                           1           0  0.86s           2026-09-18T00:05:53
================================================================================
[2026-09-18T00:06:51.397+0000] {manager.py:878} INFO - 
================================================================================
DAG File Processing Stats

File Path                              PID    Runtime      # DAGs    # Errors  Last Runtime    Last Run
-------------------------------------  -----  ---------  --------  ----------  --------------  -------------------
/opt/airflow/dags/weather_pipeline.py                           1           0  0.78s           2026-09-18T00:06:24
================================================================================
[2026-09-18T00:07:21.606+0000] {manager.py:878} INFO - 
================================================================================
DAG File Processing Stats

File Path                              PID    Runtime      # DAGs    # Errors  Last Runtime    Last Run
-------------------------------------  -----  ---------  --------  ----------  --------------  -------------------
/opt/airflow/dags/weather_pipeline.py                           1           0  0.83s           2026-09-18T00:06:55
================================================================================
[2026-09-18T00:07:51.821+0000] {manager.py:878} INFO - 
================================================================================
DAG File Processing Stats

File Path                              PID    Runtime      # DAGs    # Errors  Last Runtime    Last Run
-------------------------------------  -----  ---------  --------  ----------  --------------  -------------------
/opt/airflow/dags/weather_pipeline.py                           1           0  1.83s           2026-09-18T00:07:27
================================================================================
[2026-09-18T00:08:22.061+0000] {manager.py:878} INFO - 
================================================================================
DAG File Processing Stats

File Path                              PID    Runtime      # DAGs    # Errors  Last Runtime    Last Run
-------------------------------------  -----  ---------  --------  ----------  --------------  -------------------
/opt/airflow/dags/weather_pipeline.py                           1           0  0.73s           2026-09-18T00:07:58
================================================================================
[2026-09-18T00:08:52.239+0000] {manager.py:878} INFO - 
================================================================================
DAG File Processing Stats

File Path                              PID    Runtime      # DAGs    # Errors  Last Runtime    Last Run
-------------------------------------  -----  ---------  --------  ----------  --------------  -------------------
/opt/airflow/dags/weather_pipeline.py                           1           0  0.85s           2026-09-18T00:08:29
================================================================================
[2026-09-18T00:09:23.001+0000] {manager.py:878} INFO - 
================================================================================
DAG File Processing Stats

File Path                              PID    Runtime      # DAGs    # Errors  Last Runtime    Last Run
-------------------------------------  -----  ---------  --------  ----------  --------------  -------------------
/opt/airflow/dags/weather_pipeline.py                           1           0  1.05s           2026-09-18T00:09:00
================================================================================
[2026-09-18T00:09:53.254+0000] {manager.py:878} INFO - 
================================================================================
DAG File Processing Stats

File Path                              PID    Runtime      # DAGs    # Errors  Last Runtime    Last Run
-------------------------------------  -----  ---------  --------  ----------  --------------  -------------------
/opt/airflow/dags/weather_pipeline.py                           1           0  0.75s           2026-09-18T00:09:31
================================================================================
[2026-09-18T00:10:23.463+0000] {manager.py:878} INFO - 
================================================================================
DAG File Processing Stats

File Path                              PID    Runtime      # DAGs    # Errors  Last Runtime    Last Run
-------------------------------------  -----  ---------  --------  ----------  --------------  -------------------
/opt/airflow/dags/weather_pipeline.py                           1           0  0.79s           2026-09-18T00:10:02
================================================================================
[2026-09-18T00:10:53.657+0000] {manager.py:878} INFO - 
================================================================================
DAG File Processing Stats

File Path                              PID    Runtime      # DAGs    # Errors  Last Runtime    Last Run
-------------------------------------  -----  ---------  --------  ----------  --------------  -------------------
/opt/airflow/dags/weather_pipeline.py                           1           0  0.71s           2026-09-18T00:10:33
================================================================================
[2026-09-18T00:11:02.726+0000] {manager.py:737} INFO - Searching for files in /opt/airflow/dags
[2026-09-18T00:11:02.731+0000] {manager.py:740} INFO - There are 1 files in /opt/airflow/dags
[2026-09-18T00:11:23.700+0000] {manager.py:878} INFO - 
================================================================================
DAG File Processing Stats

File Path                              PID    Runtime      # DAGs    # Errors  Last Runtime    Last Run
-------------------------------------  -----  ---------  --------  ----------  --------------  -------------------
/opt/airflow/dags/weather_pipeline.py                           1           0  0.81s           2026-09-18T00:11:04
================================================================================
[2026-09-18T00:11:53.710+0000] {manager.py:878} INFO - 
================================================================================
DAG File Processing Stats

File Path                              PID    Runtime      # DAGs    # Errors  Last Runtime    Last Run
-------------------------------------  -----  ---------  --------  ----------  --------------  -------------------
/opt/airflow/dags/weather_pipeline.py                           1           0  0.81s           2026-09-18T00:11:35
================================================================================
[2026-09-18T00:12:23.923+0000] {manager.py:878} INFO - 
================================================================================
DAG File Processing Stats

File Path                              PID    Runtime      # DAGs    # Errors  Last Runtime    Last Run
-------------------------------------  -----  ---------  --------  ----------  --------------  -------------------
/opt/airflow/dags/weather_pipeline.py                           0           1  0.20s           2026-09-18T00:12:05
================================================================================
[2026-09-18T00:12:53.966+0000] {manager.py:878} INFO - 
================================================================================
DAG File Processing Stats

File Path                              PID    Runtime      # DAGs    # Errors  Last Runtime    Last Run
-------------------------------------  -----  ---------  --------  ----------  --------------  -------------------
/opt/airflow/dags/weather_pipeline.py                           1           0  0.82s           2026-09-18T00:12:36
================================================================================
[2026-09-18T00:13:24.001+0000] {manager.py:878} INFO - 
================================================================================
DAG File Processing Stats

File Path                              PID    Runtime      # DAGs    # Errors  Last Runtime    Last Run
-------------------------------------  -----  ---------  --------  ----------  --------------  -------------------
/opt/airflow/dags/weather_pipeline.py                           1           0  0.82s           2026-09-18T00:13:07
================================================================================
[2026-09-18T00:13:54.762+0000] {manager.py:878} INFO - 
================================================================================
DAG File Processing Stats

File Path                              PID    Runtime      # DAGs    # Errors  Last Runtime    Last Run
-------------------------------------  -----  ---------  --------  ----------  --------------  -------------------
/opt/airflow/dags/weather_pipeline.py                           1           0  1.64s           2026-09-18T00:13:39
================================================================================
[2026-09-18T00:14:25.092+0000] {manager.py:878} INFO - 
================================================================================
DAG File Processing Stats

File Path                              PID    Runtime      # DAGs    # Errors  Last Runtime    Last Run
-------------------------------------  -----  ---------  --------  ----------  --------------  -------------------
/opt/airflow/dags/weather_pipeline.py                           1           0  1.69s           2026-09-18T00:14:11
================================================================================
[2026-09-18T00:14:55.304+0000] {manager.py:878} INFO - 
================================================================================
DAG File Processing Stats

File Path                              PID    Runtime      # DAGs    # Errors  Last Runtime    Last Run
-------------------------------------  -----  ---------  --------  ----------  --------------  -------------------
/opt/airflow/dags/weather_pipeline.py                           1           0  1.74s           2026-09-18T00:14:43
================================================================================
[2026-09-18T00:15:25.349+0000] {manager.py:878} INFO - 
================================================================================
DAG File Processing Stats

File Path                              PID    Runtime      # DAGs    # Errors  Last Runtime    Last Run
-------------------------------------  -----  ---------  --------  ----------  --------------  -------------------
/opt/airflow/dags/weather_pipeline.py                           1           0  1.51s           2026-09-18T00:15:15
================================================================================
[2026-09-18T00:15:55.592+0000] {manager.py:878} INFO - 
================================================================================
DAG File Processing Stats

File Path                              PID    Runtime      # DAGs    # Errors  Last Runtime    Last Run
-------------------------------------  -----  ---------  --------  ----------  --------------  -------------------
/opt/airflow/dags/weather_pipeline.py                           1           0  1.48s           2026-09-18T00:15:46
================================================================================
[2026-09-18T00:16:03.110+0000] {manager.py:737} INFO - Searching for files in /opt/airflow/dags
[2026-09-18T00:16:03.116+0000] {manager.py:740} INFO - There are 1 files in /opt/airflow/dags
[2026-09-18T00:16:25.824+0000] {manager.py:878} INFO - 
================================================================================
DAG File Processing Stats

File Path                              PID    Runtime      # DAGs    # Errors  Last Runtime    Last Run
-------------------------------------  -----  ---------  --------  ----------  --------------  -------------------
/opt/airflow/dags/weather_pipeline.py                           1           0  1.59s           2026-09-18T00:16:18
================================================================================
[2026-09-18T00:16:56.116+0000] {manager.py:878} INFO - 
================================================================================
DAG File Processing Stats

File Path                              PID    Runtime      # DAGs    # Errors  Last Runtime    Last Run
-------------------------------------  -----  ---------  --------  ----------  --------------  -------------------
/opt/airflow/dags/weather_pipeline.py                           1           0  1.55s           2026-09-18T00:16:50
================================================================================
[2026-09-18T00:17:26.361+0000] {manager.py:878} INFO - 
================================================================================
DAG File Processing Stats

File Path                              PID    Runtime      # DAGs    # Errors  Last Runtime    Last Run
-------------------------------------  -----  ---------  --------  ----------  --------------  -------------------
/opt/airflow/dags/weather_pipeline.py                           1           0  1.66s           2026-09-18T00:17:22
================================================================================
[2026-09-18T00:17:56.684+0000] {manager.py:878} INFO - 
================================================================================
DAG File Processing Stats

File Path                              PID    Runtime      # DAGs    # Errors  Last Runtime    Last Run
-------------------------------------  -----  ---------  --------  ----------  --------------  -------------------
/opt/airflow/dags/weather_pipeline.py                           1           0  1.70s           2026-09-18T00:17:54
================================================================================
[2026-09-18T00:18:26.715+0000] {manager.py:878} INFO - 
================================================================================
DAG File Processing Stats

File Path                              PID    Runtime      # DAGs    # Errors  Last Runtime    Last Run
-------------------------------------  -----  ---------  --------  ----------  --------------  -------------------
/opt/airflow/dags/weather_pipeline.py                           1           0  2.20s           2026-09-18T00:18:26
================================================================================
[2026-09-18T00:18:56.789+0000] {manager.py:878} INFO - 
================================================================================
DAG File Processing Stats

File Path                                PID  Runtime      # DAGs    # Errors  Last Runtime    Last Run
-------------------------------------  -----  ---------  --------  ----------  --------------  -------------------
/opt/airflow/dags/weather_pipeline.py    517  0.01s             1           0  2.20s           2026-09-18T00:18:26
================================================================================
[2026-09-18T00:19:27.146+0000] {manager.py:878} INFO - 
================================================================================
DAG File Processing Stats

File Path                              PID    Runtime      # DAGs    # Errors  Last Runtime    Last Run
-------------------------------------  -----  ---------  --------  ----------  --------------  -------------------
/opt/airflow/dags/weather_pipeline.py                           1           0  1.66s           2026-09-18T00:18:58
================================================================================
[2026-09-18T00:19:57.392+0000] {manager.py:878} INFO - 
================================================================================
DAG File Processing Stats

File Path                              PID    Runtime      # DAGs    # Errors  Last Runtime    Last Run
-------------------------------------  -----  ---------  --------  ----------  --------------  -------------------
/opt/airflow/dags/weather_pipeline.py                           1           0  1.69s           2026-09-18T00:19:30
================================================================================
[2026-09-18T00:20:27.791+0000] {manager.py:878} INFO - 
================================================================================
DAG File Processing Stats

File Path                              PID    Runtime      # DAGs    # Errors  Last Runtime    Last Run
-------------------------------------  -----  ---------  --------  ----------  --------------  -------------------
/opt/airflow/dags/weather_pipeline.py                           1           0  1.74s           2026-09-18T00:20:02
================================================================================
[2026-09-18T00:20:58.583+0000] {manager.py:878} INFO - 
================================================================================
DAG File Processing Stats

File Path                              PID    Runtime      # DAGs    # Errors  Last Runtime    Last Run
-------------------------------------  -----  ---------  --------  ----------  --------------  -------------------
/opt/airflow/dags/weather_pipeline.py                           1           0  1.22s           2026-09-18T00:20:33
================================================================================
[2026-09-18T00:21:03.651+0000] {manager.py:737} INFO - Searching for files in /opt/airflow/dags
[2026-09-18T00:21:03.655+0000] {manager.py:740} INFO - There are 1 files in /opt/airflow/dags
[2026-09-18T00:21:29.014+0000] {manager.py:878} INFO - 
================================================================================
DAG File Processing Stats

File Path                              PID    Runtime      # DAGs    # Errors  Last Runtime    Last Run
-------------------------------------  -----  ---------  --------  ----------  --------------  -------------------
/opt/airflow/dags/weather_pipeline.py                           1           0  1.36s           2026-09-18T00:21:05
================================================================================
[2026-09-18T00:21:59.459+0000] {manager.py:878} INFO - 
================================================================================
DAG File Processing Stats

File Path                              PID    Runtime      # DAGs    # Errors  Last Runtime    Last Run
-------------------------------------  -----  ---------  --------  ----------  --------------  -------------------
/opt/airflow/dags/weather_pipeline.py                           1           0  1.66s           2026-09-18T00:21:36
================================================================================
[2026-09-18T00:22:29.513+0000] {manager.py:878} INFO - 
================================================================================
DAG File Processing Stats

File Path                              PID    Runtime      # DAGs    # Errors  Last Runtime    Last Run
-------------------------------------  -----  ---------  --------  ----------  --------------  -------------------
/opt/airflow/dags/weather_pipeline.py                           1           0  1.41s           2026-09-18T00:22:08
================================================================================
[2026-09-18T00:22:59.739+0000] {manager.py:878} INFO - 
================================================================================
DAG File Processing Stats

File Path                              PID    Runtime      # DAGs    # Errors  Last Runtime    Last Run
-------------------------------------  -----  ---------  --------  ----------  --------------  -------------------
/opt/airflow/dags/weather_pipeline.py                           1           0  1.54s           2026-09-18T00:22:40
================================================================================
[2026-09-18T00:23:29.819+0000] {manager.py:878} INFO - 
================================================================================
DAG File Processing Stats

File Path                              PID    Runtime      # DAGs    # Errors  Last Runtime    Last Run
-------------------------------------  -----  ---------  --------  ----------  --------------  -------------------
/opt/airflow/dags/weather_pipeline.py                           1           0  1.37s           2026-09-18T00:23:11
================================================================================
[2026-09-18T00:24:00.055+0000] {manager.py:878} INFO - 
================================================================================
DAG File Processing Stats

File Path                              PID    Runtime      # DAGs    # Errors  Last Runtime    Last Run
-------------------------------------  -----  ---------  --------  ----------  --------------  -------------------
/opt/airflow/dags/weather_pipeline.py                           1           0  1.58s           2026-09-18T00:23:43
================================================================================
[2026-09-18T00:24:30.286+0000] {manager.py:878} INFO - 
================================================================================
DAG File Processing Stats

File Path                              PID    Runtime      # DAGs    # Errors  Last Runtime    Last Run
-------------------------------------  -----  ---------  --------  ----------  --------------  -------------------
/opt/airflow/dags/weather_pipeline.py                           1           0  1.45s           2026-09-18T00:24:15
================================================================================
[2026-09-18T00:25:00.380+0000] {manager.py:878} INFO - 
================================================================================
DAG File Processing Stats

File Path                              PID    Runtime      # DAGs    # Errors  Last Runtime    Last Run
-------------------------------------  -----  ---------  --------  ----------  --------------  -------------------
/opt/airflow/dags/weather_pipeline.py                           1           0  1.87s           2026-09-18T00:24:47
================================================================================
[2026-09-18T00:25:30.613+0000] {manager.py:878} INFO - 
================================================================================
DAG File Processing Stats

File Path                              PID    Runtime      # DAGs    # Errors  Last Runtime    Last Run
-------------------------------------  -----  ---------  --------  ----------  --------------  -------------------
/opt/airflow/dags/weather_pipeline.py                           1           0  1.69s           2026-09-18T00:25:19
================================================================================
[2026-09-18T00:26:00.837+0000] {manager.py:878} INFO - 
================================================================================
DAG File Processing Stats

File Path                              PID    Runtime      # DAGs    # Errors  Last Runtime    Last Run
-------------------------------------  -----  ---------  --------  ----------  --------------  -------------------
/opt/airflow/dags/weather_pipeline.py                           1           0  1.47s           2026-09-18T00:25:50
================================================================================
[2026-09-18T00:26:03.858+0000] {manager.py:737} INFO - Searching for files in /opt/airflow/dags
[2026-09-18T00:26:03.862+0000] {manager.py:740} INFO - There are 1 files in /opt/airflow/dags
[2026-09-18T00:26:31.178+0000] {manager.py:878} INFO - 
================================================================================
DAG File Processing Stats

File Path                              PID    Runtime      # DAGs    # Errors  Last Runtime    Last Run
-------------------------------------  -----  ---------  --------  ----------  --------------  -------------------
/opt/airflow/dags/weather_pipeline.py                           1           0  1.44s           2026-09-18T00:26:22
================================================================================
[2026-09-18T00:27:01.418+0000] {manager.py:878} INFO - 
================================================================================
DAG File Processing Stats

File Path                              PID    Runtime      # DAGs    # Errors  Last Runtime    Last Run
-------------------------------------  -----  ---------  --------  ----------  --------------  -------------------
/opt/airflow/dags/weather_pipeline.py                           1           0  1.67s           2026-09-18T00:26:54
================================================================================
[2026-09-18T00:27:31.691+0000] {manager.py:878} INFO - 
================================================================================
DAG File Processing Stats

File Path                              PID    Runtime      # DAGs    # Errors  Last Runtime    Last Run
-------------------------------------  -----  ---------  --------  ----------  --------------  -------------------
/opt/airflow/dags/weather_pipeline.py                           1           0  1.68s           2026-09-18T00:27:26
================================================================================
[2026-09-18T00:28:01.924+0000] {manager.py:878} INFO - 
================================================================================
DAG File Processing Stats

File Path                              PID    Runtime      # DAGs    # Errors  Last Runtime    Last Run
-------------------------------------  -----  ---------  --------  ----------  --------------  -------------------
/opt/airflow/dags/weather_pipeline.py                           1           0  1.61s           2026-09-18T00:27:58
================================================================================
[2026-09-18T00:28:31.936+0000] {manager.py:878} INFO - 
================================================================================
DAG File Processing Stats

File Path                              PID    Runtime      # DAGs    # Errors  Last Runtime    Last Run
-------------------------------------  -----  ---------  --------  ----------  --------------  -------------------
/opt/airflow/dags/weather_pipeline.py                           1           0  1.55s           2026-09-18T00:28:29
================================================================================
[2026-09-18T00:29:02.636+0000] {manager.py:878} INFO - 
================================================================================
DAG File Processing Stats

File Path                              PID    Runtime      # DAGs    # Errors  Last Runtime    Last Run
-------------------------------------  -----  ---------  --------  ----------  --------------  -------------------
/opt/airflow/dags/weather_pipeline.py                           1           0  1.67s           2026-09-18T00:29:01
================================================================================
[2026-09-18T00:29:32.888+0000] {manager.py:878} INFO - 
================================================================================
DAG File Processing Stats

File Path                                PID  Runtime      # DAGs    # Errors  Last Runtime    Last Run
-------------------------------------  -----  ---------  --------  ----------  --------------  -------------------
/opt/airflow/dags/weather_pipeline.py    557  1.02s             1           0  1.67s           2026-09-18T00:29:01
================================================================================
[2026-09-18T00:30:03.306+0000] {manager.py:878} INFO - 
================================================================================
DAG File Processing Stats

File Path                                PID  Runtime      # DAGs    # Errors  Last Runtime    Last Run
-------------------------------------  -----  ---------  --------  ----------  --------------  -------------------
/opt/airflow/dags/weather_pipeline.py    559  0.01s             1           0  1.41s           2026-09-18T00:29:33
================================================================================
[2026-09-18T00:30:33.713+0000] {manager.py:878} INFO - 
================================================================================
DAG File Processing Stats

File Path                              PID    Runtime      # DAGs    # Errors  Last Runtime    Last Run
-------------------------------------  -----  ---------  --------  ----------  --------------  -------------------
/opt/airflow/dags/weather_pipeline.py                           1           0  1.43s           2026-09-18T00:30:04
================================================================================
[2026-09-18T00:31:04.170+0000] {manager.py:737} INFO - Searching for files in /opt/airflow/dags
[2026-09-18T00:31:04.175+0000] {manager.py:740} INFO - There are 1 files in /opt/airflow/dags
[2026-09-18T00:31:04.203+0000] {manager.py:878} INFO - 
================================================================================
DAG File Processing Stats

File Path                              PID    Runtime      # DAGs    # Errors  Last Runtime    Last Run
-------------------------------------  -----  ---------  --------  ----------  --------------  -------------------
/opt/airflow/dags/weather_pipeline.py                           1           0  1.45s           2026-09-18T00:30:36
================================================================================
[2026-09-18T00:31:34.290+0000] {manager.py:878} INFO - 
================================================================================
DAG File Processing Stats

File Path                              PID    Runtime      # DAGs    # Errors  Last Runtime    Last Run
-------------------------------------  -----  ---------  --------  ----------  --------------  -------------------
/opt/airflow/dags/weather_pipeline.py                           1           0  1.47s           2026-09-18T00:31:08
================================================================================
[2026-09-18T00:32:05.070+0000] {manager.py:878} INFO - 
================================================================================
DAG File Processing Stats

File Path                              PID    Runtime      # DAGs    # Errors  Last Runtime    Last Run
-------------------------------------  -----  ---------  --------  ----------  --------------  -------------------
/opt/airflow/dags/weather_pipeline.py                           1           0  1.64s           2026-09-18T00:31:39
================================================================================
[2026-09-18T00:32:35.385+0000] {manager.py:878} INFO - 
================================================================================
DAG File Processing Stats

File Path                              PID    Runtime      # DAGs    # Errors  Last Runtime    Last Run
-------------------------------------  -----  ---------  --------  ----------  --------------  -------------------
/opt/airflow/dags/weather_pipeline.py                           1           0  1.42s           2026-09-18T00:32:11
================================================================================
[2026-09-18T00:33:05.519+0000] {manager.py:878} INFO - 
================================================================================
DAG File Processing Stats

File Path                              PID    Runtime      # DAGs    # Errors  Last Runtime    Last Run
-------------------------------------  -----  ---------  --------  ----------  --------------  -------------------
/opt/airflow/dags/weather_pipeline.py                           1           0  1.59s           2026-09-18T00:32:43
================================================================================
[2026-09-18T00:33:35.756+0000] {manager.py:878} INFO - 
================================================================================
DAG File Processing Stats

File Path                              PID    Runtime      # DAGs    # Errors  Last Runtime    Last Run
-------------------------------------  -----  ---------  --------  ----------  --------------  -------------------
/opt/airflow/dags/weather_pipeline.py                           1           0  1.42s           2026-09-18T00:33:14
================================================================================
[2026-09-18T00:34:06.394+0000] {manager.py:878} INFO - 
================================================================================
DAG File Processing Stats

File Path                              PID    Runtime      # DAGs    # Errors  Last Runtime    Last Run
-------------------------------------  -----  ---------  --------  ----------  --------------  -------------------
/opt/airflow/dags/weather_pipeline.py                           1           0  1.38s           2026-09-18T00:33:46
================================================================================
[2026-09-18T00:34:36.442+0000] {manager.py:878} INFO - 
================================================================================
DAG File Processing Stats

File Path                              PID    Runtime      # DAGs    # Errors  Last Runtime    Last Run
-------------------------------------  -----  ---------  --------  ----------  --------------  -------------------
/opt/airflow/dags/weather_pipeline.py                           1           0  1.47s           2026-09-18T00:34:18
================================================================================
[2026-09-18T00:35:06.679+0000] {manager.py:878} INFO - 
================================================================================
DAG File Processing Stats

File Path                              PID    Runtime      # DAGs    # Errors  Last Runtime    Last Run
-------------------------------------  -----  ---------  --------  ----------  --------------  -------------------
/opt/airflow/dags/weather_pipeline.py                           1           0  1.50s           2026-09-18T00:34:50
================================================================================
[2026-09-18T00:35:36.807+0000] {manager.py:878} INFO - 
================================================================================
DAG File Processing Stats

File Path                              PID    Runtime      # DAGs    # Errors  Last Runtime    Last Run
-------------------------------------  -----  ---------  --------  ----------  --------------  -------------------
/opt/airflow/dags/weather_pipeline.py                           1           0  1.44s           2026-09-18T00:35:21
================================================================================
[2026-09-18T00:36:04.406+0000] {manager.py:737} INFO - Searching for files in /opt/airflow/dags
[2026-09-18T00:36:04.412+0000] {manager.py:740} INFO - There are 1 files in /opt/airflow/dags
[2026-09-18T00:36:07.046+0000] {manager.py:878} INFO - 
================================================================================
DAG File Processing Stats

File Path                              PID    Runtime      # DAGs    # Errors  Last Runtime    Last Run
-------------------------------------  -----  ---------  --------  ----------  --------------  -------------------
/opt/airflow/dags/weather_pipeline.py                           1           0  1.40s           2026-09-18T00:35:53
================================================================================
[2026-09-18T00:36:37.272+0000] {manager.py:878} INFO - 
================================================================================
DAG File Processing Stats

File Path                              PID    Runtime      # DAGs    # Errors  Last Runtime    Last Run
-------------------------------------  -----  ---------  --------  ----------  --------------  -------------------
/opt/airflow/dags/weather_pipeline.py                           1           0  1.78s           2026-09-18T00:36:25
================================================================================
[2026-09-18T00:37:07.694+0000] {manager.py:878} INFO - 
================================================================================
DAG File Processing Stats

File Path                              PID    Runtime      # DAGs    # Errors  Last Runtime    Last Run
-------------------------------------  -----  ---------  --------  ----------  --------------  -------------------
/opt/airflow/dags/weather_pipeline.py                           1           0  1.66s           2026-09-18T00:36:57
================================================================================
[2026-09-18T00:37:37.891+0000] {manager.py:878} INFO - 
================================================================================
DAG File Processing Stats

File Path                              PID    Runtime      # DAGs    # Errors  Last Runtime    Last Run
-------------------------------------  -----  ---------  --------  ----------  --------------  -------------------
/opt/airflow/dags/weather_pipeline.py                           1           0  1.53s           2026-09-18T00:37:28
================================================================================
[2026-09-18T00:38:08.118+0000] {manager.py:878} INFO - 
================================================================================
DAG File Processing Stats

File Path                              PID    Runtime      # DAGs    # Errors  Last Runtime    Last Run
-------------------------------------  -----  ---------  --------  ----------  --------------  -------------------
/opt/airflow/dags/weather_pipeline.py                           1           0  1.42s           2026-09-18T00:38:00
================================================================================
[2026-09-18T08:09:40.255+0000] {manager.py:737} INFO - Searching for files in /opt/airflow/dags
[2026-09-18T08:09:40.258+0000] {manager.py:740} INFO - There are 1 files in /opt/airflow/dags
[2026-09-18T08:10:09.225+0000] {manager.py:878} INFO - 
================================================================================
DAG File Processing Stats

File Path                              PID    Runtime      # DAGs    # Errors  Last Runtime    Last Run
-------------------------------------  -----  ---------  --------  ----------  --------------  -------------------
/opt/airflow/dags/weather_pipeline.py                           1           0  0.79s           2026-09-18T08:09:41
================================================================================
[2026-09-18T08:11:00.710+0000] {manager.py:878} INFO - 
================================================================================
DAG File Processing Stats

File Path                              PID    Runtime      # DAGs    # Errors  Last Runtime    Last Run
-------------------------------------  -----  ---------  --------  ----------  --------------  -------------------
/opt/airflow/dags/weather_pipeline.py                           1           0  1.48s           2026-09-18T08:10:33
================================================================================
[2026-09-18T08:11:30.929+0000] {manager.py:878} INFO - 
================================================================================
DAG File Processing Stats

File Path                              PID    Runtime      # DAGs    # Errors  Last Runtime    Last Run
-------------------------------------  -----  ---------  --------  ----------  --------------  -------------------
/opt/airflow/dags/weather_pipeline.py                           1           0  0.76s           2026-09-18T08:11:04
================================================================================
[2026-09-18T08:12:00.933+0000] {manager.py:878} INFO - 
================================================================================
DAG File Processing Stats

File Path                              PID    Runtime      # DAGs    # Errors  Last Runtime    Last Run
-------------------------------------  -----  ---------  --------  ----------  --------------  -------------------
/opt/airflow/dags/weather_pipeline.py                           1           0  0.77s           2026-09-18T08:11:35
================================================================================
[2026-09-18T08:12:31.388+0000] {manager.py:878} INFO - 
================================================================================
DAG File Processing Stats

File Path                              PID    Runtime      # DAGs    # Errors  Last Runtime    Last Run
-------------------------------------  -----  ---------  --------  ----------  --------------  -------------------
/opt/airflow/dags/weather_pipeline.py                           1           0  0.72s           2026-09-18T08:12:06
================================================================================
[2026-09-18T08:13:01.612+0000] {manager.py:878} INFO - 
================================================================================
DAG File Processing Stats

File Path                              PID    Runtime      # DAGs    # Errors  Last Runtime    Last Run
-------------------------------------  -----  ---------  --------  ----------  --------------  -------------------
/opt/airflow/dags/weather_pipeline.py                           1           0  0.72s           2026-09-18T08:12:37
================================================================================
[2026-09-18T08:13:32.016+0000] {manager.py:878} INFO - 
================================================================================
DAG File Processing Stats

File Path                              PID    Runtime      # DAGs    # Errors  Last Runtime    Last Run
-------------------------------------  -----  ---------  --------  ----------  --------------  -------------------
/opt/airflow/dags/weather_pipeline.py                           1           0  0.68s           2026-09-18T08:13:08
================================================================================
[2026-09-18T08:14:02.232+0000] {manager.py:878} INFO - 
================================================================================
DAG File Processing Stats

File Path                              PID    Runtime      # DAGs    # Errors  Last Runtime    Last Run
-------------------------------------  -----  ---------  --------  ----------  --------------  -------------------
/opt/airflow/dags/weather_pipeline.py                           1           0  0.72s           2026-09-18T08:13:39
================================================================================
[2026-09-18T08:14:32.640+0000] {manager.py:878} INFO - 
================================================================================
DAG File Processing Stats

File Path                              PID    Runtime      # DAGs    # Errors  Last Runtime    Last Run
-------------------------------------  -----  ---------  --------  ----------  --------------  -------------------
/opt/airflow/dags/weather_pipeline.py                           1           0  0.70s           2026-09-18T08:14:09
================================================================================
[2026-09-18T08:14:40.696+0000] {manager.py:737} INFO - Searching for files in /opt/airflow/dags
[2026-09-18T08:14:40.699+0000] {manager.py:740} INFO - There are 1 files in /opt/airflow/dags
[2026-09-18T08:15:02.876+0000] {manager.py:878} INFO - 
================================================================================
DAG File Processing Stats

File Path                              PID    Runtime      # DAGs    # Errors  Last Runtime    Last Run
-------------------------------------  -----  ---------  --------  ----------  --------------  -------------------
/opt/airflow/dags/weather_pipeline.py                           1           0  0.69s           2026-09-18T08:14:40
================================================================================
[2026-09-18T08:15:33.236+0000] {manager.py:878} INFO - 
================================================================================
DAG File Processing Stats

File Path                              PID    Runtime      # DAGs    # Errors  Last Runtime    Last Run
-------------------------------------  -----  ---------  --------  ----------  --------------  -------------------
/opt/airflow/dags/weather_pipeline.py                           1           0  0.68s           2026-09-18T08:15:11
================================================================================
[2026-09-18T08:16:03.449+0000] {manager.py:878} INFO - 
================================================================================
DAG File Processing Stats

File Path                              PID    Runtime      # DAGs    # Errors  Last Runtime    Last Run
-------------------------------------  -----  ---------  --------  ----------  --------------  -------------------
/opt/airflow/dags/weather_pipeline.py                           1           0  0.68s           2026-09-18T08:15:42
================================================================================
[2026-09-18T08:16:33.861+0000] {manager.py:878} INFO - 
================================================================================
DAG File Processing Stats

File Path                              PID    Runtime      # DAGs    # Errors  Last Runtime    Last Run
-------------------------------------  -----  ---------  --------  ----------  --------------  -------------------
/opt/airflow/dags/weather_pipeline.py                           1           0  0.72s           2026-09-18T08:16:13
================================================================================
[2026-09-18T08:17:04.073+0000] {manager.py:878} INFO - 
================================================================================
DAG File Processing Stats

File Path                              PID    Runtime      # DAGs    # Errors  Last Runtime    Last Run
-------------------------------------  -----  ---------  --------  ----------  --------------  -------------------
/opt/airflow/dags/weather_pipeline.py                           1           0  0.68s           2026-09-18T08:16:44
================================================================================
[2026-09-18T08:17:34.491+0000] {manager.py:878} INFO - 
================================================================================
DAG File Processing Stats

File Path                              PID    Runtime      # DAGs    # Errors  Last Runtime    Last Run
-------------------------------------  -----  ---------  --------  ----------  --------------  -------------------
/opt/airflow/dags/weather_pipeline.py                           1           0  0.69s           2026-09-18T08:17:14
================================================================================
[2026-09-18T08:18:04.707+0000] {manager.py:878} INFO - 
================================================================================
DAG File Processing Stats

File Path                              PID    Runtime      # DAGs    # Errors  Last Runtime    Last Run
-------------------------------------  -----  ---------  --------  ----------  --------------  -------------------
/opt/airflow/dags/weather_pipeline.py                           1           0  0.70s           2026-09-18T08:17:45
================================================================================
[2026-09-18T08:18:35.090+0000] {manager.py:878} INFO - 
================================================================================
DAG File Processing Stats

File Path                              PID    Runtime      # DAGs    # Errors  Last Runtime    Last Run
-------------------------------------  -----  ---------  --------  ----------  --------------  -------------------
/opt/airflow/dags/weather_pipeline.py                           1           0  0.78s           2026-09-18T08:18:16
================================================================================
[2026-09-18T08:19:05.295+0000] {manager.py:878} INFO - 
================================================================================
DAG File Processing Stats

File Path                              PID    Runtime      # DAGs    # Errors  Last Runtime    Last Run
-------------------------------------  -----  ---------  --------  ----------  --------------  -------------------
/opt/airflow/dags/weather_pipeline.py                           1           0  0.70s           2026-09-18T08:18:47
================================================================================
[2026-09-18T08:19:35.497+0000] {manager.py:878} INFO - 
================================================================================
DAG File Processing Stats

File Path                              PID    Runtime      # DAGs    # Errors  Last Runtime    Last Run
-------------------------------------  -----  ---------  --------  ----------  --------------  -------------------
/opt/airflow/dags/weather_pipeline.py                           1           0  0.97s           2026-09-18T08:19:18
================================================================================
[2026-09-18T08:19:40.837+0000] {manager.py:737} INFO - Searching for files in /opt/airflow/dags
[2026-09-18T08:19:40.850+0000] {manager.py:740} INFO - There are 1 files in /opt/airflow/dags
[2026-09-18T08:20:05.707+0000] {manager.py:878} INFO - 
================================================================================
DAG File Processing Stats

File Path                              PID    Runtime      # DAGs    # Errors  Last Runtime    Last Run
-------------------------------------  -----  ---------  --------  ----------  --------------  -------------------
/opt/airflow/dags/weather_pipeline.py                           1           0  0.64s           2026-09-18T08:19:49
================================================================================
[2026-09-18T08:20:36.279+0000] {manager.py:878} INFO - 
================================================================================
DAG File Processing Stats

File Path                              PID    Runtime      # DAGs    # Errors  Last Runtime    Last Run
-------------------------------------  -----  ---------  --------  ----------  --------------  -------------------
/opt/airflow/dags/weather_pipeline.py                           1           0  0.68s           2026-09-18T08:20:20
================================================================================
[2026-09-18T08:21:06.409+0000] {manager.py:878} INFO - 
================================================================================
DAG File Processing Stats

File Path                              PID    Runtime      # DAGs    # Errors  Last Runtime    Last Run
-------------------------------------  -----  ---------  --------  ----------  --------------  -------------------
/opt/airflow/dags/weather_pipeline.py                           1           0  0.65s           2026-09-18T08:20:51
================================================================================
[2026-09-18T08:21:36.612+0000] {manager.py:878} INFO - 
================================================================================
DAG File Processing Stats

File Path                              PID    Runtime      # DAGs    # Errors  Last Runtime    Last Run
-------------------------------------  -----  ---------  --------  ----------  --------------  -------------------
/opt/airflow/dags/weather_pipeline.py                           1           0  1.07s           2026-09-18T08:21:22
================================================================================
[2026-09-18T08:22:06.663+0000] {manager.py:878} INFO - 
================================================================================
DAG File Processing Stats

File Path                              PID    Runtime      # DAGs    # Errors  Last Runtime    Last Run
-------------------------------------  -----  ---------  --------  ----------  --------------  -------------------
/opt/airflow/dags/weather_pipeline.py                           1           0  0.84s           2026-09-18T08:21:53
================================================================================
[2026-09-18T08:22:37.088+0000] {manager.py:878} INFO - 
================================================================================
DAG File Processing Stats

File Path                              PID    Runtime      # DAGs    # Errors  Last Runtime    Last Run
-------------------------------------  -----  ---------  --------  ----------  --------------  -------------------
/opt/airflow/dags/weather_pipeline.py                           1           0  0.71s           2026-09-18T08:22:24
================================================================================
[2026-09-18T08:23:07.312+0000] {manager.py:878} INFO - 
================================================================================
DAG File Processing Stats

File Path                              PID    Runtime      # DAGs    # Errors  Last Runtime    Last Run
-------------------------------------  -----  ---------  --------  ----------  --------------  -------------------
/opt/airflow/dags/weather_pipeline.py                           1           0  0.67s           2026-09-18T08:22:55
================================================================================
[2026-09-18T08:23:37.671+0000] {manager.py:878} INFO - 
================================================================================
DAG File Processing Stats

File Path                              PID    Runtime      # DAGs    # Errors  Last Runtime    Last Run
-------------------------------------  -----  ---------  --------  ----------  --------------  -------------------
/opt/airflow/dags/weather_pipeline.py                           1           0  0.68s           2026-09-18T08:23:26
================================================================================
[2026-09-18T08:24:07.877+0000] {manager.py:878} INFO - 
================================================================================
DAG File Processing Stats

File Path                              PID    Runtime      # DAGs    # Errors  Last Runtime    Last Run
-------------------------------------  -----  ---------  --------  ----------  --------------  -------------------
/opt/airflow/dags/weather_pipeline.py                           1           0  0.87s           2026-09-18T08:23:57
================================================================================
[2026-09-18T08:24:38.092+0000] {manager.py:878} INFO - 
================================================================================
DAG File Processing Stats

File Path                              PID    Runtime      # DAGs    # Errors  Last Runtime    Last Run
-------------------------------------  -----  ---------  --------  ----------  --------------  -------------------
/opt/airflow/dags/weather_pipeline.py                           1           0  0.69s           2026-09-18T08:24:28
================================================================================
[2026-09-18T08:24:41.113+0000] {manager.py:737} INFO - Searching for files in /opt/airflow/dags
[2026-09-18T08:24:41.117+0000] {manager.py:740} INFO - There are 1 files in /opt/airflow/dags
[2026-09-18T08:25:08.415+0000] {manager.py:878} INFO - 
================================================================================
DAG File Processing Stats

File Path                              PID    Runtime      # DAGs    # Errors  Last Runtime    Last Run
-------------------------------------  -----  ---------  --------  ----------  --------------  -------------------
/opt/airflow/dags/weather_pipeline.py                           1           0  0.68s           2026-09-18T08:24:58
================================================================================
[2026-09-18T08:25:38.630+0000] {manager.py:878} INFO - 
================================================================================
DAG File Processing Stats

File Path                              PID    Runtime      # DAGs    # Errors  Last Runtime    Last Run
-------------------------------------  -----  ---------  --------  ----------  --------------  -------------------
/opt/airflow/dags/weather_pipeline.py                           1           0  0.69s           2026-09-18T08:25:29
================================================================================
[2026-09-18T08:26:08.815+0000] {manager.py:878} INFO - 
================================================================================
DAG File Processing Stats

File Path                              PID    Runtime      # DAGs    # Errors  Last Runtime    Last Run
-------------------------------------  -----  ---------  --------  ----------  --------------  -------------------
/opt/airflow/dags/weather_pipeline.py                           1           0  0.69s           2026-09-18T08:26:00
================================================================================
[2026-09-18T08:26:39.347+0000] {manager.py:878} INFO - 
================================================================================
DAG File Processing Stats

File Path                              PID    Runtime      # DAGs    # Errors  Last Runtime    Last Run
-------------------------------------  -----  ---------  --------  ----------  --------------  -------------------
/opt/airflow/dags/weather_pipeline.py                           1           0  0.71s           2026-09-18T08:26:31
================================================================================
[2026-09-18T08:27:09.552+0000] {manager.py:878} INFO - 
================================================================================
DAG File Processing Stats

File Path                              PID    Runtime      # DAGs    # Errors  Last Runtime    Last Run
-------------------------------------  -----  ---------  --------  ----------  --------------  -------------------
/opt/airflow/dags/weather_pipeline.py                           1           0  0.68s           2026-09-18T08:27:02
================================================================================
[2026-09-18T08:27:39.818+0000] {manager.py:878} INFO - 
================================================================================
DAG File Processing Stats

File Path                              PID    Runtime      # DAGs    # Errors  Last Runtime    Last Run
-------------------------------------  -----  ---------  --------  ----------  --------------  -------------------
/opt/airflow/dags/weather_pipeline.py                           1           0  0.67s           2026-09-18T08:27:33
================================================================================
[2026-09-18T08:28:10.031+0000] {manager.py:878} INFO - 
================================================================================
DAG File Processing Stats

File Path                              PID    Runtime      # DAGs    # Errors  Last Runtime    Last Run
-------------------------------------  -----  ---------  --------  ----------  --------------  -------------------
/opt/airflow/dags/weather_pipeline.py                           1           0  0.74s           2026-09-18T08:28:04
================================================================================
[2026-09-18T08:28:40.249+0000] {manager.py:878} INFO - 
================================================================================
DAG File Processing Stats

File Path                              PID    Runtime      # DAGs    # Errors  Last Runtime    Last Run
-------------------------------------  -----  ---------  --------  ----------  --------------  -------------------
/opt/airflow/dags/weather_pipeline.py                           1           0  0.70s           2026-09-18T08:28:35
================================================================================
[2026-09-18T08:29:10.508+0000] {manager.py:878} INFO - 
================================================================================
DAG File Processing Stats

File Path                              PID    Runtime      # DAGs    # Errors  Last Runtime    Last Run
-------------------------------------  -----  ---------  --------  ----------  --------------  -------------------
/opt/airflow/dags/weather_pipeline.py                           1           0  0.69s           2026-09-18T08:29:06
================================================================================
[2026-09-18T08:29:40.710+0000] {manager.py:878} INFO - 
================================================================================
DAG File Processing Stats

File Path                              PID    Runtime      # DAGs    # Errors  Last Runtime    Last Run
-------------------------------------  -----  ---------  --------  ----------  --------------  -------------------
/opt/airflow/dags/weather_pipeline.py                           1           0  0.67s           2026-09-18T08:29:37
================================================================================
[2026-09-18T08:29:41.717+0000] {manager.py:737} INFO - Searching for files in /opt/airflow/dags
[2026-09-18T08:29:41.721+0000] {manager.py:740} INFO - There are 1 files in /opt/airflow/dags
[2026-09-18T08:30:10.918+0000] {manager.py:878} INFO - 
================================================================================
DAG File Processing Stats

File Path                              PID    Runtime      # DAGs    # Errors  Last Runtime    Last Run
-------------------------------------  -----  ---------  --------  ----------  --------------  -------------------
/opt/airflow/dags/weather_pipeline.py                           1           0  0.67s           2026-09-18T08:30:07
================================================================================
[2026-09-18T08:30:41.458+0000] {manager.py:878} INFO - 
================================================================================
DAG File Processing Stats

File Path                              PID    Runtime      # DAGs    # Errors  Last Runtime    Last Run
-------------------------------------  -----  ---------  --------  ----------  --------------  -------------------
/opt/airflow/dags/weather_pipeline.py                           1           0  0.69s           2026-09-18T08:30:38
================================================================================
[2026-09-18T08:31:11.669+0000] {manager.py:878} INFO - 
================================================================================
DAG File Processing Stats

File Path                              PID    Runtime      # DAGs    # Errors  Last Runtime    Last Run
-------------------------------------  -----  ---------  --------  ----------  --------------  -------------------
/opt/airflow/dags/weather_pipeline.py                           1           0  0.68s           2026-09-18T08:31:09
================================================================================
[2026-09-18T08:31:41.916+0000] {manager.py:878} INFO - 
================================================================================
DAG File Processing Stats

File Path                              PID    Runtime      # DAGs    # Errors  Last Runtime    Last Run
-------------------------------------  -----  ---------  --------  ----------  --------------  -------------------
/opt/airflow/dags/weather_pipeline.py                           1           0  0.69s           2026-09-18T08:31:40
================================================================================
[2026-09-18T08:32:12.125+0000] {manager.py:878} INFO - 
================================================================================
DAG File Processing Stats

File Path                              PID    Runtime      # DAGs    # Errors  Last Runtime    Last Run
-------------------------------------  -----  ---------  --------  ----------  --------------  -------------------
/opt/airflow/dags/weather_pipeline.py                           1           0  0.68s           2026-09-18T08:32:11
================================================================================
[2026-09-18T08:32:42.331+0000] {manager.py:878} INFO - 
================================================================================
DAG File Processing Stats

File Path                                PID  Runtime      # DAGs    # Errors  Last Runtime    Last Run
-------------------------------------  -----  ---------  --------  ----------  --------------  -------------------
/opt/airflow/dags/weather_pipeline.py    679  0.66s             1           0  0.68s           2026-09-18T08:32:11
================================================================================
[2026-09-18T08:33:12.565+0000] {manager.py:878} INFO - 
================================================================================
DAG File Processing Stats

File Path                                PID  Runtime      # DAGs    # Errors  Last Runtime    Last Run
-------------------------------------  -----  ---------  --------  ----------  --------------  -------------------
/opt/airflow/dags/weather_pipeline.py    682  0.01s             1           0  0.67s           2026-09-18T08:32:42
================================================================================
[2026-09-18T08:33:42.797+0000] {manager.py:878} INFO - 
================================================================================
DAG File Processing Stats

File Path                              PID    Runtime      # DAGs    # Errors  Last Runtime    Last Run
-------------------------------------  -----  ---------  --------  ----------  --------------  -------------------
/opt/airflow/dags/weather_pipeline.py                           1           0  0.69s           2026-09-18T08:33:13
================================================================================
[2026-09-18T08:34:13.008+0000] {manager.py:878} INFO - 
================================================================================
DAG File Processing Stats

File Path                              PID    Runtime      # DAGs    # Errors  Last Runtime    Last Run
-------------------------------------  -----  ---------  --------  ----------  --------------  -------------------
/opt/airflow/dags/weather_pipeline.py                           1           0  0.68s           2026-09-18T08:33:44
================================================================================
[2026-09-18T08:34:42.203+0000] {manager.py:737} INFO - Searching for files in /opt/airflow/dags
[2026-09-18T08:34:42.207+0000] {manager.py:740} INFO - There are 1 files in /opt/airflow/dags
[2026-09-18T08:34:43.240+0000] {manager.py:878} INFO - 
================================================================================
DAG File Processing Stats

File Path                              PID    Runtime      # DAGs    # Errors  Last Runtime    Last Run
-------------------------------------  -----  ---------  --------  ----------  --------------  -------------------
/opt/airflow/dags/weather_pipeline.py                           1           0  0.66s           2026-09-18T08:34:15
================================================================================
[2026-09-18T08:35:13.768+0000] {manager.py:878} INFO - 
================================================================================
DAG File Processing Stats

File Path                              PID    Runtime      # DAGs    # Errors  Last Runtime    Last Run
-------------------------------------  -----  ---------  --------  ----------  --------------  -------------------
/opt/airflow/dags/weather_pipeline.py                           1           0  0.69s           2026-09-18T08:34:45
================================================================================
[2026-09-18T08:35:43.991+0000] {manager.py:878} INFO - 
================================================================================
DAG File Processing Stats

File Path                              PID    Runtime      # DAGs    # Errors  Last Runtime    Last Run
-------------------------------------  -----  ---------  --------  ----------  --------------  -------------------
/opt/airflow/dags/weather_pipeline.py                           1           0  0.68s           2026-09-18T08:35:16
================================================================================
[2026-09-18T08:36:14.241+0000] {manager.py:878} INFO - 
================================================================================
DAG File Processing Stats

File Path                              PID    Runtime      # DAGs    # Errors  Last Runtime    Last Run
-------------------------------------  -----  ---------  --------  ----------  --------------  -------------------
/opt/airflow/dags/weather_pipeline.py                           1           0  0.68s           2026-09-18T08:35:47
================================================================================
[2026-09-18T08:36:44.443+0000] {manager.py:878} INFO - 
================================================================================
DAG File Processing Stats

File Path                              PID    Runtime      # DAGs    # Errors  Last Runtime    Last Run
-------------------------------------  -----  ---------  --------  ----------  --------------  -------------------
/opt/airflow/dags/weather_pipeline.py                           1           0  0.67s           2026-09-18T08:36:18
================================================================================
[2026-09-18T08:37:14.649+0000] {manager.py:878} INFO - 
================================================================================
DAG File Processing Stats

File Path                              PID    Runtime      # DAGs    # Errors  Last Runtime    Last Run
-------------------------------------  -----  ---------  --------  ----------  --------------  -------------------
/opt/airflow/dags/weather_pipeline.py                           1           0  0.67s           2026-09-18T08:36:49
================================================================================
[2026-09-18T08:37:45.191+0000] {manager.py:878} INFO - 
================================================================================
DAG File Processing Stats

File Path                              PID    Runtime      # DAGs    # Errors  Last Runtime    Last Run
-------------------------------------  -----  ---------  --------  ----------  --------------  -------------------
/opt/airflow/dags/weather_pipeline.py                           1           0  0.66s           2026-09-18T08:37:20
================================================================================
[2026-09-18T08:38:15.398+0000] {manager.py:878} INFO - 
================================================================================
DAG File Processing Stats

File Path                              PID    Runtime      # DAGs    # Errors  Last Runtime    Last Run
-------------------------------------  -----  ---------  --------  ----------  --------------  -------------------
/opt/airflow/dags/weather_pipeline.py                           1           0  0.67s           2026-09-18T08:37:51
================================================================================
[2026-09-18T08:38:45.635+0000] {manager.py:878} INFO - 
================================================================================
DAG File Processing Stats

File Path                              PID    Runtime      # DAGs    # Errors  Last Runtime    Last Run
-------------------------------------  -----  ---------  --------  ----------  --------------  -------------------
/opt/airflow/dags/weather_pipeline.py                           1           0  0.67s           2026-09-18T08:38:22
================================================================================
[2026-09-18T08:39:15.852+0000] {manager.py:878} INFO - 
================================================================================
DAG File Processing Stats

File Path                              PID    Runtime      # DAGs    # Errors  Last Runtime    Last Run
-------------------------------------  -----  ---------  --------  ----------  --------------  -------------------
/opt/airflow/dags/weather_pipeline.py                           1           0  0.67s           2026-09-18T08:38:52
================================================================================
[2026-09-18T08:39:42.373+0000] {manager.py:737} INFO - Searching for files in /opt/airflow/dags
[2026-09-18T08:39:42.378+0000] {manager.py:740} INFO - There are 1 files in /opt/airflow/dags
[2026-09-18T08:39:46.054+0000] {manager.py:878} INFO - 
================================================================================
DAG File Processing Stats

File Path                              PID    Runtime      # DAGs    # Errors  Last Runtime    Last Run
-------------------------------------  -----  ---------  --------  ----------  --------------  -------------------
/opt/airflow/dags/weather_pipeline.py                           1           0  0.69s           2026-09-18T08:39:23
================================================================================
[2026-09-18T08:40:16.631+0000] {manager.py:878} INFO - 
================================================================================
DAG File Processing Stats

File Path                              PID    Runtime      # DAGs    # Errors  Last Runtime    Last Run
-------------------------------------  -----  ---------  --------  ----------  --------------  -------------------
/opt/airflow/dags/weather_pipeline.py                           1           0  0.68s           2026-09-18T08:39:54
================================================================================
[2026-09-18T08:40:46.831+0000] {manager.py:878} INFO - 
================================================================================
DAG File Processing Stats

File Path                              PID    Runtime      # DAGs    # Errors  Last Runtime    Last Run
-------------------------------------  -----  ---------  --------  ----------  --------------  -------------------
/opt/airflow/dags/weather_pipeline.py                           1           0  0.69s           2026-09-18T08:40:25
================================================================================
[2026-09-18T08:41:17.364+0000] {manager.py:878} INFO - 
================================================================================
DAG File Processing Stats

File Path                              PID    Runtime      # DAGs    # Errors  Last Runtime    Last Run
-------------------------------------  -----  ---------  --------  ----------  --------------  -------------------
/opt/airflow/dags/weather_pipeline.py                           1           0  0.69s           2026-09-18T08:40:56
================================================================================
[2026-09-18T08:41:47.578+0000] {manager.py:878} INFO - 
================================================================================
DAG File Processing Stats

File Path                              PID    Runtime      # DAGs    # Errors  Last Runtime    Last Run
-------------------------------------  -----  ---------  --------  ----------  --------------  -------------------
/opt/airflow/dags/weather_pipeline.py                           1           0  0.69s           2026-09-18T08:41:27
================================================================================
[2026-09-18T08:42:17.853+0000] {manager.py:878} INFO - 
================================================================================
DAG File Processing Stats

File Path                              PID    Runtime      # DAGs    # Errors  Last Runtime    Last Run
-------------------------------------  -----  ---------  --------  ----------  --------------  -------------------
/opt/airflow/dags/weather_pipeline.py                           1           0  0.67s           2026-09-18T08:41:58
================================================================================
[2026-09-18T08:42:48.064+0000] {manager.py:878} INFO - 
================================================================================
DAG File Processing Stats

File Path                              PID    Runtime      # DAGs    # Errors  Last Runtime    Last Run
-------------------------------------  -----  ---------  --------  ----------  --------------  -------------------
/opt/airflow/dags/weather_pipeline.py                           1           0  0.70s           2026-09-18T08:42:29
================================================================================
[2026-09-18T08:43:18.288+0000] {manager.py:878} INFO - 
================================================================================
DAG File Processing Stats

File Path                              PID    Runtime      # DAGs    # Errors  Last Runtime    Last Run
-------------------------------------  -----  ---------  --------  ----------  --------------  -------------------
/opt/airflow/dags/weather_pipeline.py                           1           0  0.77s           2026-09-18T08:43:00
================================================================================
[2026-09-18T08:43:48.559+0000] {manager.py:878} INFO - 
================================================================================
DAG File Processing Stats

File Path                              PID    Runtime      # DAGs    # Errors  Last Runtime    Last Run
-------------------------------------  -----  ---------  --------  ----------  --------------  -------------------
/opt/airflow/dags/weather_pipeline.py                           1           0  0.69s           2026-09-18T08:43:31
================================================================================
[2026-09-18T08:44:18.770+0000] {manager.py:878} INFO - 
================================================================================
DAG File Processing Stats

File Path                              PID    Runtime      # DAGs    # Errors  Last Runtime    Last Run
-------------------------------------  -----  ---------  --------  ----------  --------------  -------------------
/opt/airflow/dags/weather_pipeline.py                           1           0  0.69s           2026-09-18T08:44:01
================================================================================
[2026-09-18T08:44:42.934+0000] {manager.py:737} INFO - Searching for files in /opt/airflow/dags
[2026-09-18T08:44:42.940+0000] {manager.py:740} INFO - There are 1 files in /opt/airflow/dags
[2026-09-18T08:44:49.014+0000] {manager.py:878} INFO - 
================================================================================
DAG File Processing Stats

File Path                              PID    Runtime      # DAGs    # Errors  Last Runtime    Last Run
-------------------------------------  -----  ---------  --------  ----------  --------------  -------------------
/opt/airflow/dags/weather_pipeline.py                           1           0  0.68s           2026-09-18T08:44:32
================================================================================
[2026-09-18T08:45:19.515+0000] {manager.py:878} INFO - 
================================================================================
DAG File Processing Stats

File Path                              PID    Runtime      # DAGs    # Errors  Last Runtime    Last Run
-------------------------------------  -----  ---------  --------  ----------  --------------  -------------------
/opt/airflow/dags/weather_pipeline.py                           1           0  0.70s           2026-09-18T08:45:03
================================================================================
[2026-09-18T08:45:49.728+0000] {manager.py:878} INFO - 
================================================================================
DAG File Processing Stats

File Path                              PID    Runtime      # DAGs    # Errors  Last Runtime    Last Run
-------------------------------------  -----  ---------  --------  ----------  --------------  -------------------
/opt/airflow/dags/weather_pipeline.py                           1           0  0.67s           2026-09-18T08:45:34
================================================================================
[2026-09-18T08:46:20.013+0000] {manager.py:878} INFO - 
================================================================================
DAG File Processing Stats

File Path                              PID    Runtime      # DAGs    # Errors  Last Runtime    Last Run
-------------------------------------  -----  ---------  --------  ----------  --------------  -------------------
/opt/airflow/dags/weather_pipeline.py                           1           0  0.68s           2026-09-18T08:46:05
================================================================================
[2026-09-18T08:46:50.221+0000] {manager.py:878} INFO - 
================================================================================
DAG File Processing Stats

File Path                              PID    Runtime      # DAGs    # Errors  Last Runtime    Last Run
-------------------------------------  -----  ---------  --------  ----------  --------------  -------------------
/opt/airflow/dags/weather_pipeline.py                           1           0  0.68s           2026-09-18T08:46:36
================================================================================
[2026-09-18T08:47:20.403+0000] {manager.py:878} INFO - 
================================================================================
DAG File Processing Stats

File Path                              PID    Runtime      # DAGs    # Errors  Last Runtime    Last Run
-------------------------------------  -----  ---------  --------  ----------  --------------  -------------------
/opt/airflow/dags/weather_pipeline.py                           1           0  0.67s           2026-09-18T08:47:07
================================================================================
[2026-09-18T08:47:50.941+0000] {manager.py:878} INFO - 
================================================================================
DAG File Processing Stats

File Path                              PID    Runtime      # DAGs    # Errors  Last Runtime    Last Run
-------------------------------------  -----  ---------  --------  ----------  --------------  -------------------
/opt/airflow/dags/weather_pipeline.py                           1           0  0.64s           2026-09-18T08:47:38
================================================================================
[2026-09-18T08:48:21.155+0000] {manager.py:878} INFO - 
================================================================================
DAG File Processing Stats

File Path                              PID    Runtime      # DAGs    # Errors  Last Runtime    Last Run
-------------------------------------  -----  ---------  --------  ----------  --------------  -------------------
/opt/airflow/dags/weather_pipeline.py                           1           0  0.70s           2026-09-18T08:48:09
================================================================================
[2026-09-18T08:48:51.684+0000] {manager.py:878} INFO - 
================================================================================
DAG File Processing Stats

File Path                              PID    Runtime      # DAGs    # Errors  Last Runtime    Last Run
-------------------------------------  -----  ---------  --------  ----------  --------------  -------------------
/opt/airflow/dags/weather_pipeline.py                           1           0  0.68s           2026-09-18T08:48:39
================================================================================
[2026-09-18T08:49:21.902+0000] {manager.py:878} INFO - 
================================================================================
DAG File Processing Stats

File Path                              PID    Runtime      # DAGs    # Errors  Last Runtime    Last Run
-------------------------------------  -----  ---------  --------  ----------  --------------  -------------------
/opt/airflow/dags/weather_pipeline.py                           1           0  0.68s           2026-09-18T08:49:10
================================================================================
[2026-09-18T08:49:43.088+0000] {manager.py:737} INFO - Searching for files in /opt/airflow/dags
[2026-09-18T08:49:43.093+0000] {manager.py:740} INFO - There are 1 files in /opt/airflow/dags
[2026-09-18T08:49:52.174+0000] {manager.py:878} INFO - 
================================================================================
DAG File Processing Stats

File Path                              PID    Runtime      # DAGs    # Errors  Last Runtime    Last Run
-------------------------------------  -----  ---------  --------  ----------  --------------  -------------------
/opt/airflow/dags/weather_pipeline.py                           1           0  0.67s           2026-09-18T08:49:41
================================================================================
[2026-09-18T08:50:22.382+0000] {manager.py:878} INFO - 
================================================================================
DAG File Processing Stats

File Path                              PID    Runtime      # DAGs    # Errors  Last Runtime    Last Run
-------------------------------------  -----  ---------  --------  ----------  --------------  -------------------
/opt/airflow/dags/weather_pipeline.py                           1           0  0.69s           2026-09-18T08:50:12
================================================================================
[2026-09-18T08:50:52.592+0000] {manager.py:878} INFO - 
================================================================================
DAG File Processing Stats

File Path                              PID    Runtime      # DAGs    # Errors  Last Runtime    Last Run
-------------------------------------  -----  ---------  --------  ----------  --------------  -------------------
/opt/airflow/dags/weather_pipeline.py                           1           0  0.69s           2026-09-18T08:50:43
================================================================================
[2026-09-18T08:51:22.844+0000] {manager.py:878} INFO - 
================================================================================
DAG File Processing Stats

File Path                              PID    Runtime      # DAGs    # Errors  Last Runtime    Last Run
-------------------------------------  -----  ---------  --------  ----------  --------------  -------------------
/opt/airflow/dags/weather_pipeline.py                           1           0  0.67s           2026-09-18T08:51:14
================================================================================
[2026-09-18T08:51:53.057+0000] {manager.py:878} INFO - 
================================================================================
DAG File Processing Stats

File Path                              PID    Runtime      # DAGs    # Errors  Last Runtime    Last Run
-------------------------------------  -----  ---------  --------  ----------  --------------  -------------------
/opt/airflow/dags/weather_pipeline.py                           1           0  0.70s           2026-09-18T08:51:45
================================================================================
[2026-09-18T08:52:23.272+0000] {manager.py:878} INFO - 
================================================================================
DAG File Processing Stats

File Path                              PID    Runtime      # DAGs    # Errors  Last Runtime    Last Run
-------------------------------------  -----  ---------  --------  ----------  --------------  -------------------
/opt/airflow/dags/weather_pipeline.py                           1           0  0.68s           2026-09-18T08:52:16
================================================================================
[2026-09-18T08:52:53.516+0000] {manager.py:878} INFO - 
================================================================================
DAG File Processing Stats

File Path                              PID    Runtime      # DAGs    # Errors  Last Runtime    Last Run
-------------------------------------  -----  ---------  --------  ----------  --------------  -------------------
/opt/airflow/dags/weather_pipeline.py                           1           0  0.70s           2026-09-18T08:52:47
================================================================================
[2026-09-18T08:53:23.725+0000] {manager.py:878} INFO - 
================================================================================
DAG File Processing Stats

File Path                              PID    Runtime      # DAGs    # Errors  Last Runtime    Last Run
-------------------------------------  -----  ---------  --------  ----------  --------------  -------------------
/opt/airflow/dags/weather_pipeline.py                           1           0  0.68s           2026-09-18T08:53:18
================================================================================
[2026-09-18T08:54:22.799+0000] {manager.py:878} INFO - 
================================================================================
DAG File Processing Stats

File Path                              PID    Runtime      # DAGs    # Errors  Last Runtime    Last Run
-------------------------------------  -----  ---------  --------  ----------  --------------  -------------------
/opt/airflow/dags/weather_pipeline.py                           1           0  0.82s           2026-09-18T08:53:59
================================================================================
[2026-09-18T08:54:43.249+0000] {manager.py:737} INFO - Searching for files in /opt/airflow/dags
[2026-09-18T08:54:43.252+0000] {manager.py:740} INFO - There are 1 files in /opt/airflow/dags
[2026-09-18T08:54:53.337+0000] {manager.py:878} INFO - 
================================================================================
DAG File Processing Stats

File Path                              PID    Runtime      # DAGs    # Errors  Last Runtime    Last Run
-------------------------------------  -----  ---------  --------  ----------  --------------  -------------------
/opt/airflow/dags/weather_pipeline.py                           1           0  0.73s           2026-09-18T08:54:30
================================================================================
[2026-09-18T08:55:23.558+0000] {manager.py:878} INFO - 
================================================================================
DAG File Processing Stats

File Path                              PID    Runtime      # DAGs    # Errors  Last Runtime    Last Run
-------------------------------------  -----  ---------  --------  ----------  --------------  -------------------
/opt/airflow/dags/weather_pipeline.py                           1           0  0.70s           2026-09-18T08:55:01
================================================================================
[2026-09-18T08:55:53.867+0000] {manager.py:878} INFO - 
================================================================================
DAG File Processing Stats

File Path                              PID    Runtime      # DAGs    # Errors  Last Runtime    Last Run
-------------------------------------  -----  ---------  --------  ----------  --------------  -------------------
/opt/airflow/dags/weather_pipeline.py                           1           0  0.69s           2026-09-18T08:55:32
================================================================================
[2026-09-18T08:56:24.090+0000] {manager.py:878} INFO - 
================================================================================
DAG File Processing Stats

File Path                              PID    Runtime      # DAGs    # Errors  Last Runtime    Last Run
-------------------------------------  -----  ---------  --------  ----------  --------------  -------------------
/opt/airflow/dags/weather_pipeline.py                           1           0  0.67s           2026-09-18T08:56:03
================================================================================
[2026-09-18T08:56:54.234+0000] {manager.py:878} INFO - 
================================================================================
DAG File Processing Stats

File Path                              PID    Runtime      # DAGs    # Errors  Last Runtime    Last Run
-------------------------------------  -----  ---------  --------  ----------  --------------  -------------------
/opt/airflow/dags/weather_pipeline.py                           1           0  0.67s           2026-09-18T08:56:34
================================================================================
[2026-09-18T08:57:24.789+0000] {manager.py:878} INFO - 
================================================================================
DAG File Processing Stats

File Path                              PID    Runtime      # DAGs    # Errors  Last Runtime    Last Run
-------------------------------------  -----  ---------  --------  ----------  --------------  -------------------
/opt/airflow/dags/weather_pipeline.py                           1           0  0.67s           2026-09-18T08:57:04
================================================================================
[2026-09-18T08:57:55.013+0000] {manager.py:878} INFO - 
================================================================================
DAG File Processing Stats

File Path                              PID    Runtime      # DAGs    # Errors  Last Runtime    Last Run
-------------------------------------  -----  ---------  --------  ----------  --------------  -------------------
/opt/airflow/dags/weather_pipeline.py                           1           0  0.70s           2026-09-18T08:57:35
================================================================================
[2026-09-18T08:58:25.263+0000] {manager.py:878} INFO - 
================================================================================
DAG File Processing Stats

File Path                              PID    Runtime      # DAGs    # Errors  Last Runtime    Last Run
-------------------------------------  -----  ---------  --------  ----------  --------------  -------------------
/opt/airflow/dags/weather_pipeline.py                           1           0  0.68s           2026-09-18T08:58:06
================================================================================
[2026-09-18T08:58:55.477+0000] {manager.py:878} INFO - 
================================================================================
DAG File Processing Stats

File Path                              PID    Runtime      # DAGs    # Errors  Last Runtime    Last Run
-------------------------------------  -----  ---------  --------  ----------  --------------  -------------------
/opt/airflow/dags/weather_pipeline.py                           1           0  0.69s           2026-09-18T08:58:37
================================================================================
[2026-09-18T08:59:25.698+0000] {manager.py:878} INFO - 
================================================================================
DAG File Processing Stats

File Path                              PID    Runtime      # DAGs    # Errors  Last Runtime    Last Run
-------------------------------------  -----  ---------  --------  ----------  --------------  -------------------
/opt/airflow/dags/weather_pipeline.py                           1           0  0.79s           2026-09-18T08:59:08
================================================================================
[2026-09-18T08:59:43.500+0000] {manager.py:737} INFO - Searching for files in /opt/airflow/dags
[2026-09-18T08:59:43.504+0000] {manager.py:740} INFO - There are 1 files in /opt/airflow/dags
[2026-09-18T08:59:56.003+0000] {manager.py:878} INFO - 
================================================================================
DAG File Processing Stats

File Path                              PID    Runtime      # DAGs    # Errors  Last Runtime    Last Run
-------------------------------------  -----  ---------  --------  ----------  --------------  -------------------
/opt/airflow/dags/weather_pipeline.py                           1           0  0.67s           2026-09-18T08:59:39
================================================================================
[2026-09-18T09:00:26.219+0000] {manager.py:878} INFO - 
================================================================================
DAG File Processing Stats

File Path                              PID    Runtime      # DAGs    # Errors  Last Runtime    Last Run
-------------------------------------  -----  ---------  --------  ----------  --------------  -------------------
/opt/airflow/dags/weather_pipeline.py                           1           0  0.68s           2026-09-18T09:00:10
================================================================================
[2026-09-18T09:00:56.378+0000] {manager.py:878} INFO - 
================================================================================
DAG File Processing Stats

File Path                              PID    Runtime      # DAGs    # Errors  Last Runtime    Last Run
-------------------------------------  -----  ---------  --------  ----------  --------------  -------------------
/opt/airflow/dags/weather_pipeline.py                           1           0  0.67s           2026-09-18T09:00:41
================================================================================
[2026-09-18T09:01:26.927+0000] {manager.py:878} INFO - 
================================================================================
DAG File Processing Stats

File Path                              PID    Runtime      # DAGs    # Errors  Last Runtime    Last Run
-------------------------------------  -----  ---------  --------  ----------  --------------  -------------------
/opt/airflow/dags/weather_pipeline.py                           1           0  0.69s           2026-09-18T09:01:12
================================================================================
[2026-09-18T09:01:57.138+0000] {manager.py:878} INFO - 
================================================================================
DAG File Processing Stats

File Path                              PID    Runtime      # DAGs    # Errors  Last Runtime    Last Run
-------------------------------------  -----  ---------  --------  ----------  --------------  -------------------
/opt/airflow/dags/weather_pipeline.py                           1           0  0.67s           2026-09-18T09:01:43
================================================================================
[2026-09-18T09:02:27.387+0000] {manager.py:878} INFO - 
================================================================================
DAG File Processing Stats

File Path                              PID    Runtime      # DAGs    # Errors  Last Runtime    Last Run
-------------------------------------  -----  ---------  --------  ----------  --------------  -------------------
/opt/airflow/dags/weather_pipeline.py                           1           0  0.67s           2026-09-18T09:02:13
================================================================================
[2026-09-18T09:02:57.597+0000] {manager.py:878} INFO - 
================================================================================
DAG File Processing Stats

File Path                              PID    Runtime      # DAGs    # Errors  Last Runtime    Last Run
-------------------------------------  -----  ---------  --------  ----------  --------------  -------------------
/opt/airflow/dags/weather_pipeline.py                           1           0  0.67s           2026-09-18T09:02:44
================================================================================
[2026-09-18T09:03:27.797+0000] {manager.py:878} INFO - 
================================================================================
DAG File Processing Stats

File Path                              PID    Runtime      # DAGs    # Errors  Last Runtime    Last Run
-------------------------------------  -----  ---------  --------  ----------  --------------  -------------------
/opt/airflow/dags/weather_pipeline.py                           1           0  0.67s           2026-09-18T09:03:15
================================================================================
[2026-09-18T09:03:58.343+0000] {manager.py:878} INFO - 
================================================================================
DAG File Processing Stats

File Path                              PID    Runtime      # DAGs    # Errors  Last Runtime    Last Run
-------------------------------------  -----  ---------  --------  ----------  --------------  -------------------
/opt/airflow/dags/weather_pipeline.py                           1           0  0.68s           2026-09-18T09:03:46
================================================================================
[2026-09-18T09:04:28.553+0000] {manager.py:878} INFO - 
================================================================================
DAG File Processing Stats

File Path                              PID    Runtime      # DAGs    # Errors  Last Runtime    Last Run
-------------------------------------  -----  ---------  --------  ----------  --------------  -------------------
/opt/airflow/dags/weather_pipeline.py                           1           0  0.67s           2026-09-18T09:04:17
================================================================================
[2026-09-18T09:04:43.655+0000] {manager.py:737} INFO - Searching for files in /opt/airflow/dags
[2026-09-18T09:04:43.659+0000] {manager.py:740} INFO - There are 1 files in /opt/airflow/dags
[2026-09-18T09:04:58.815+0000] {manager.py:878} INFO - 
================================================================================
DAG File Processing Stats

File Path                              PID    Runtime      # DAGs    # Errors  Last Runtime    Last Run
-------------------------------------  -----  ---------  --------  ----------  --------------  -------------------
/opt/airflow/dags/weather_pipeline.py                           1           0  0.67s           2026-09-18T09:04:48
================================================================================
[2026-09-18T09:05:29.030+0000] {manager.py:878} INFO - 
================================================================================
DAG File Processing Stats

File Path                              PID    Runtime      # DAGs    # Errors  Last Runtime    Last Run
-------------------------------------  -----  ---------  --------  ----------  --------------  -------------------
/opt/airflow/dags/weather_pipeline.py                           1           0  0.68s           2026-09-18T09:05:19
================================================================================
[2026-09-18T09:05:59.238+0000] {manager.py:878} INFO - 
================================================================================
DAG File Processing Stats

File Path                              PID    Runtime      # DAGs    # Errors  Last Runtime    Last Run
-------------------------------------  -----  ---------  --------  ----------  --------------  -------------------
/opt/airflow/dags/weather_pipeline.py                           1           0  0.68s           2026-09-18T09:05:50
================================================================================
[2026-09-18T09:06:29.777+0000] {manager.py:878} INFO - 
================================================================================
DAG File Processing Stats

File Path                              PID    Runtime      # DAGs    # Errors  Last Runtime    Last Run
-------------------------------------  -----  ---------  --------  ----------  --------------  -------------------
/opt/airflow/dags/weather_pipeline.py                           1           0  0.68s           2026-09-18T09:06:21
================================================================================
[2026-09-18T09:06:59.982+0000] {manager.py:878} INFO - 
================================================================================
DAG File Processing Stats

File Path                              PID    Runtime      # DAGs    # Errors  Last Runtime    Last Run
-------------------------------------  -----  ---------  --------  ----------  --------------  -------------------
/opt/airflow/dags/weather_pipeline.py                           1           0  0.67s           2026-09-18T09:06:51
================================================================================
[2026-09-18T09:07:30.235+0000] {manager.py:878} INFO - 
================================================================================
DAG File Processing Stats

File Path                              PID    Runtime      # DAGs    # Errors  Last Runtime    Last Run
-------------------------------------  -----  ---------  --------  ----------  --------------  -------------------
/opt/airflow/dags/weather_pipeline.py                           1           0  0.67s           2026-09-18T09:07:22
================================================================================
[2026-09-18T09:08:00.432+0000] {manager.py:878} INFO - 
================================================================================
DAG File Processing Stats

File Path                              PID    Runtime      # DAGs    # Errors  Last Runtime    Last Run
-------------------------------------  -----  ---------  --------  ----------  --------------  -------------------
/opt/airflow/dags/weather_pipeline.py                           1           0  0.67s           2026-09-18T09:07:53
================================================================================
[2026-09-18T09:08:30.612+0000] {manager.py:878} INFO - 
================================================================================
DAG File Processing Stats

File Path                              PID    Runtime      # DAGs    # Errors  Last Runtime    Last Run
-------------------------------------  -----  ---------  --------  ----------  --------------  -------------------
/opt/airflow/dags/weather_pipeline.py                           1           0  0.68s           2026-09-18T09:08:24
================================================================================
[2026-09-18T09:09:01.145+0000] {manager.py:878} INFO - 
================================================================================
DAG File Processing Stats

File Path                              PID    Runtime      # DAGs    # Errors  Last Runtime    Last Run
-------------------------------------  -----  ---------  --------  ----------  --------------  -------------------
/opt/airflow/dags/weather_pipeline.py                           1           0  0.69s           2026-09-18T09:08:55
================================================================================
[2026-09-18T09:09:31.354+0000] {manager.py:878} INFO - 
================================================================================
DAG File Processing Stats

File Path                              PID    Runtime      # DAGs    # Errors  Last Runtime    Last Run
-------------------------------------  -----  ---------  --------  ----------  --------------  -------------------
/opt/airflow/dags/weather_pipeline.py                           1           0  0.67s           2026-09-18T09:09:26
================================================================================
[2026-09-18T09:09:44.482+0000] {manager.py:737} INFO - Searching for files in /opt/airflow/dags
[2026-09-18T09:09:44.489+0000] {manager.py:740} INFO - There are 1 files in /opt/airflow/dags
[2026-09-18T09:10:01.664+0000] {manager.py:878} INFO - 
================================================================================
DAG File Processing Stats

File Path                              PID    Runtime      # DAGs    # Errors  Last Runtime    Last Run
-------------------------------------  -----  ---------  --------  ----------  --------------  -------------------
/opt/airflow/dags/weather_pipeline.py                           1           0  0.69s           2026-09-18T09:09:57
================================================================================
[2026-09-18T09:10:31.875+0000] {manager.py:878} INFO - 
================================================================================
DAG File Processing Stats

File Path                              PID    Runtime      # DAGs    # Errors  Last Runtime    Last Run
-------------------------------------  -----  ---------  --------  ----------  --------------  -------------------
/opt/airflow/dags/weather_pipeline.py                           1           0  0.70s           2026-09-18T09:10:28
================================================================================
[2026-09-18T09:11:02.090+0000] {manager.py:878} INFO - 
================================================================================
DAG File Processing Stats

File Path                              PID    Runtime      # DAGs    # Errors  Last Runtime    Last Run
-------------------------------------  -----  ---------  --------  ----------  --------------  -------------------
/opt/airflow/dags/weather_pipeline.py                           1           0  0.67s           2026-09-18T09:10:59
================================================================================
[2026-09-18T09:11:32.338+0000] {manager.py:878} INFO - 
================================================================================
DAG File Processing Stats

File Path                              PID    Runtime      # DAGs    # Errors  Last Runtime    Last Run
-------------------------------------  -----  ---------  --------  ----------  --------------  -------------------
/opt/airflow/dags/weather_pipeline.py                           1           0  0.69s           2026-09-18T09:11:29
================================================================================
[2026-09-18T09:12:02.548+0000] {manager.py:878} INFO - 
================================================================================
DAG File Processing Stats

File Path                              PID    Runtime      # DAGs    # Errors  Last Runtime    Last Run
-------------------------------------  -----  ---------  --------  ----------  --------------  -------------------
/opt/airflow/dags/weather_pipeline.py                           1           0  0.68s           2026-09-18T09:12:00
================================================================================
[2026-09-18T09:12:32.764+0000] {manager.py:878} INFO - 
================================================================================
DAG File Processing Stats

File Path                              PID    Runtime      # DAGs    # Errors  Last Runtime    Last Run
-------------------------------------  -----  ---------  --------  ----------  --------------  -------------------
/opt/airflow/dags/weather_pipeline.py                           1           0  0.69s           2026-09-18T09:12:31
================================================================================
[2026-09-18T09:13:03.014+0000] {manager.py:878} INFO - 
================================================================================
DAG File Processing Stats

File Path                              PID    Runtime      # DAGs    # Errors  Last Runtime    Last Run
-------------------------------------  -----  ---------  --------  ----------  --------------  -------------------
/opt/airflow/dags/weather_pipeline.py                           1           0  0.67s           2026-09-18T09:13:02
================================================================================
[2026-09-18T09:13:33.222+0000] {manager.py:878} INFO - 
================================================================================
DAG File Processing Stats

File Path                                PID  Runtime      # DAGs    # Errors  Last Runtime    Last Run
-------------------------------------  -----  ---------  --------  ----------  --------------  -------------------
/opt/airflow/dags/weather_pipeline.py    838  0.36s             1           0  0.67s           2026-09-18T09:13:02
================================================================================
[2026-09-18T09:14:03.424+0000] {manager.py:878} INFO - 
================================================================================
DAG File Processing Stats

File Path                              PID    Runtime      # DAGs    # Errors  Last Runtime    Last Run
-------------------------------------  -----  ---------  --------  ----------  --------------  -------------------
/opt/airflow/dags/weather_pipeline.py                           1           0  0.69s           2026-09-18T09:13:33
================================================================================
[2026-09-18T09:14:33.616+0000] {manager.py:878} INFO - 
================================================================================
DAG File Processing Stats

File Path                              PID    Runtime      # DAGs    # Errors  Last Runtime    Last Run
-------------------------------------  -----  ---------  --------  ----------  --------------  -------------------
/opt/airflow/dags/weather_pipeline.py                           1           0  0.68s           2026-09-18T09:14:04
================================================================================
[2026-09-18T09:14:45.039+0000] {manager.py:737} INFO - Searching for files in /opt/airflow/dags
[2026-09-18T09:14:45.043+0000] {manager.py:740} INFO - There are 1 files in /opt/airflow/dags
[2026-09-18T09:15:04.201+0000] {manager.py:878} INFO - 
================================================================================
DAG File Processing Stats

File Path                              PID    Runtime      # DAGs    # Errors  Last Runtime    Last Run
-------------------------------------  -----  ---------  --------  ----------  --------------  -------------------
/opt/airflow/dags/weather_pipeline.py                           1           0  0.68s           2026-09-18T09:14:35
================================================================================
[2026-09-18T09:15:34.386+0000] {manager.py:878} INFO - 
================================================================================
DAG File Processing Stats

File Path                              PID    Runtime      # DAGs    # Errors  Last Runtime    Last Run
-------------------------------------  -----  ---------  --------  ----------  --------------  -------------------
/opt/airflow/dags/weather_pipeline.py                           1           0  0.67s           2026-09-18T09:15:06
================================================================================
[2026-09-18T09:16:04.926+0000] {manager.py:878} INFO - 
================================================================================
DAG File Processing Stats

File Path                              PID    Runtime      # DAGs    # Errors  Last Runtime    Last Run
-------------------------------------  -----  ---------  --------  ----------  --------------  -------------------
/opt/airflow/dags/weather_pipeline.py                           1           0  0.69s           2026-09-18T09:15:37
================================================================================
[2026-09-18T09:16:35.144+0000] {manager.py:878} INFO - 
================================================================================
DAG File Processing Stats

File Path                              PID    Runtime      # DAGs    # Errors  Last Runtime    Last Run
-------------------------------------  -----  ---------  --------  ----------  --------------  -------------------
/opt/airflow/dags/weather_pipeline.py                           1           0  0.67s           2026-09-18T09:16:07
================================================================================
[2026-09-18T09:17:05.385+0000] {manager.py:878} INFO - 
================================================================================
DAG File Processing Stats

File Path                              PID    Runtime      # DAGs    # Errors  Last Runtime    Last Run
-------------------------------------  -----  ---------  --------  ----------  --------------  -------------------
/opt/airflow/dags/weather_pipeline.py                           1           0  3.38s           2026-09-18T09:16:41
================================================================================
[2026-09-18T09:17:35.575+0000] {manager.py:878} INFO - 
================================================================================
DAG File Processing Stats

File Path                              PID    Runtime      # DAGs    # Errors  Last Runtime    Last Run
-------------------------------------  -----  ---------  --------  ----------  --------------  -------------------
/opt/airflow/dags/weather_pipeline.py                           1           0  0.76s           2026-09-18T09:17:12
================================================================================
[2026-09-18T09:18:05.612+0000] {manager.py:878} INFO - 
================================================================================
DAG File Processing Stats

File Path                              PID    Runtime      # DAGs    # Errors  Last Runtime    Last Run
-------------------------------------  -----  ---------  --------  ----------  --------------  -------------------
/opt/airflow/dags/weather_pipeline.py                           1           0  0.82s           2026-09-18T09:17:43
================================================================================
[2026-09-18T09:18:36.057+0000] {manager.py:878} INFO - 
================================================================================
DAG File Processing Stats

File Path                              PID    Runtime      # DAGs    # Errors  Last Runtime    Last Run
-------------------------------------  -----  ---------  --------  ----------  --------------  -------------------
/opt/airflow/dags/weather_pipeline.py                           1           0  0.69s           2026-09-18T09:18:14
================================================================================
[2026-09-18T09:19:06.288+0000] {manager.py:878} INFO - 
================================================================================
DAG File Processing Stats

File Path                              PID    Runtime      # DAGs    # Errors  Last Runtime    Last Run
-------------------------------------  -----  ---------  --------  ----------  --------------  -------------------
/opt/airflow/dags/weather_pipeline.py                           1           0  0.72s           2026-09-18T09:18:45
================================================================================
[2026-09-18T09:19:36.390+0000] {manager.py:878} INFO - 
================================================================================
DAG File Processing Stats

File Path                              PID    Runtime      # DAGs    # Errors  Last Runtime    Last Run
-------------------------------------  -----  ---------  --------  ----------  --------------  -------------------
/opt/airflow/dags/weather_pipeline.py                           1           0  0.92s           2026-09-18T09:19:16
================================================================================
[2026-09-18T09:19:45.435+0000] {manager.py:737} INFO - Searching for files in /opt/airflow/dags
[2026-09-18T09:19:45.441+0000] {manager.py:740} INFO - There are 1 files in /opt/airflow/dags
[2026-09-18T09:20:06.575+0000] {manager.py:878} INFO - 
================================================================================
DAG File Processing Stats

File Path                              PID    Runtime      # DAGs    # Errors  Last Runtime    Last Run
-------------------------------------  -----  ---------  --------  ----------  --------------  -------------------
/opt/airflow/dags/weather_pipeline.py                           1           0  0.93s           2026-09-18T09:19:47
================================================================================
[2026-09-18T09:20:37.040+0000] {manager.py:878} INFO - 
================================================================================
DAG File Processing Stats

File Path                              PID    Runtime      # DAGs    # Errors  Last Runtime    Last Run
-------------------------------------  -----  ---------  --------  ----------  --------------  -------------------
/opt/airflow/dags/weather_pipeline.py                           1           0  0.60s           2026-09-18T09:20:18
================================================================================
[2026-09-18T09:21:07.258+0000] {manager.py:878} INFO - 
================================================================================
DAG File Processing Stats

File Path                              PID    Runtime      # DAGs    # Errors  Last Runtime    Last Run
-------------------------------------  -----  ---------  --------  ----------  --------------  -------------------
/opt/airflow/dags/weather_pipeline.py                           1           0  0.69s           2026-09-18T09:20:49
================================================================================
[2026-09-18T09:21:37.535+0000] {manager.py:878} INFO - 
================================================================================
DAG File Processing Stats

File Path                              PID    Runtime      # DAGs    # Errors  Last Runtime    Last Run
-------------------------------------  -----  ---------  --------  ----------  --------------  -------------------
/opt/airflow/dags/weather_pipeline.py                           1           0  0.72s           2026-09-18T09:21:20
================================================================================
[2026-09-18T09:22:07.748+0000] {manager.py:878} INFO - 
================================================================================
DAG File Processing Stats

File Path                              PID    Runtime      # DAGs    # Errors  Last Runtime    Last Run
-------------------------------------  -----  ---------  --------  ----------  --------------  -------------------
/opt/airflow/dags/weather_pipeline.py                           1           0  0.71s           2026-09-18T09:21:50
================================================================================
[2026-09-18T09:22:38.329+0000] {manager.py:878} INFO - 
================================================================================
DAG File Processing Stats

File Path                              PID    Runtime      # DAGs    # Errors  Last Runtime    Last Run
-------------------------------------  -----  ---------  --------  ----------  --------------  -------------------
/opt/airflow/dags/weather_pipeline.py                           1           0  1.11s           2026-09-18T09:22:22
================================================================================
[2026-09-18T09:23:08.350+0000] {manager.py:878} INFO - 
================================================================================
DAG File Processing Stats

File Path                              PID    Runtime      # DAGs    # Errors  Last Runtime    Last Run
-------------------------------------  -----  ---------  --------  ----------  --------------  -------------------
/opt/airflow/dags/weather_pipeline.py                           1           0  1.80s           2026-09-18T09:22:54
================================================================================
[2026-09-18T09:23:38.439+0000] {manager.py:878} INFO - 
================================================================================
DAG File Processing Stats

File Path                              PID    Runtime      # DAGs    # Errors  Last Runtime    Last Run
-------------------------------------  -----  ---------  --------  ----------  --------------  -------------------
/opt/airflow/dags/weather_pipeline.py                           1           0  0.85s           2026-09-18T09:23:25
================================================================================
[2026-09-18T09:24:08.660+0000] {manager.py:878} INFO - 
================================================================================
DAG File Processing Stats

File Path                              PID    Runtime      # DAGs    # Errors  Last Runtime    Last Run
-------------------------------------  -----  ---------  --------  ----------  --------------  -------------------
/opt/airflow/dags/weather_pipeline.py                           1           0  1.14s           2026-09-18T09:23:56
================================================================================
[2026-09-18T09:24:38.993+0000] {manager.py:878} INFO - 
================================================================================
DAG File Processing Stats

File Path                              PID    Runtime      # DAGs    # Errors  Last Runtime    Last Run
-------------------------------------  -----  ---------  --------  ----------  --------------  -------------------
/opt/airflow/dags/weather_pipeline.py                           1           0  0.72s           2026-09-18T09:24:27
================================================================================
[2026-09-18T09:24:45.626+0000] {manager.py:737} INFO - Searching for files in /opt/airflow/dags
[2026-09-18T09:24:45.636+0000] {manager.py:740} INFO - There are 1 files in /opt/airflow/dags
[2026-09-18T09:25:09.233+0000] {manager.py:878} INFO - 
================================================================================
DAG File Processing Stats

File Path                              PID    Runtime      # DAGs    # Errors  Last Runtime    Last Run
-------------------------------------  -----  ---------  --------  ----------  --------------  -------------------
/opt/airflow/dags/weather_pipeline.py                           1           0  1.63s           2026-09-18T09:24:59
================================================================================
[2026-09-18T09:25:39.689+0000] {manager.py:878} INFO - 
================================================================================
DAG File Processing Stats

File Path                              PID    Runtime      # DAGs    # Errors  Last Runtime    Last Run
-------------------------------------  -----  ---------  --------  ----------  --------------  -------------------
/opt/airflow/dags/weather_pipeline.py                           1           0  1.46s           2026-09-18T09:25:31
================================================================================
[2026-09-18T09:26:10.352+0000] {manager.py:878} INFO - 
================================================================================
DAG File Processing Stats

File Path                              PID    Runtime      # DAGs    # Errors  Last Runtime    Last Run
-------------------------------------  -----  ---------  --------  ----------  --------------  -------------------
/opt/airflow/dags/weather_pipeline.py                           1           0  1.24s           2026-09-18T09:26:02
================================================================================
[2026-09-18T09:26:40.582+0000] {manager.py:878} INFO - 
================================================================================
DAG File Processing Stats

File Path                              PID    Runtime      # DAGs    # Errors  Last Runtime    Last Run
-------------------------------------  -----  ---------  --------  ----------  --------------  -------------------
/opt/airflow/dags/weather_pipeline.py                           1           0  1.10s           2026-09-18T09:26:33
================================================================================
[2026-09-18T09:27:10.897+0000] {manager.py:878} INFO - 
================================================================================
DAG File Processing Stats

File Path                              PID    Runtime      # DAGs    # Errors  Last Runtime    Last Run
-------------------------------------  -----  ---------  --------  ----------  --------------  -------------------
/opt/airflow/dags/weather_pipeline.py                           1           0  2.54s           2026-09-18T09:27:06
================================================================================
[2026-09-18T09:27:41.544+0000] {manager.py:878} INFO - 
================================================================================
DAG File Processing Stats

File Path                              PID    Runtime      # DAGs    # Errors  Last Runtime    Last Run
-------------------------------------  -----  ---------  --------  ----------  --------------  -------------------
/opt/airflow/dags/weather_pipeline.py                           1           0  1.39s           2026-09-18T09:27:37
================================================================================
[2026-09-18T09:28:11.623+0000] {manager.py:878} INFO - 
================================================================================
DAG File Processing Stats

File Path                              PID    Runtime      # DAGs    # Errors  Last Runtime    Last Run
-------------------------------------  -----  ---------  --------  ----------  --------------  -------------------
/opt/airflow/dags/weather_pipeline.py                           1           0  1.50s           2026-09-18T09:28:09
================================================================================
[2026-09-18T09:28:41.834+0000] {manager.py:878} INFO - 
================================================================================
DAG File Processing Stats

File Path                                PID  Runtime      # DAGs    # Errors  Last Runtime    Last Run
-------------------------------------  -----  ---------  --------  ----------  --------------  -------------------
/opt/airflow/dags/weather_pipeline.py    896  2.03s             1           0  1.50s           2026-09-18T09:28:09
================================================================================
[2026-09-18T09:29:12.076+0000] {manager.py:878} INFO - 
================================================================================
DAG File Processing Stats

File Path                                PID  Runtime      # DAGs    # Errors  Last Runtime    Last Run
-------------------------------------  -----  ---------  --------  ----------  --------------  -------------------
/opt/airflow/dags/weather_pipeline.py    898  0.02s             1           0  2.05s           2026-09-18T09:28:41
================================================================================
[2026-09-18T09:29:42.314+0000] {manager.py:878} INFO - 
================================================================================
DAG File Processing Stats

File Path                              PID    Runtime      # DAGs    # Errors  Last Runtime    Last Run
-------------------------------------  -----  ---------  --------  ----------  --------------  -------------------
/opt/airflow/dags/weather_pipeline.py                           1           0  1.25s           2026-09-18T09:29:13
================================================================================
[2026-09-18T09:29:46.065+0000] {manager.py:737} INFO - Searching for files in /opt/airflow/dags
[2026-09-18T09:29:46.074+0000] {manager.py:740} INFO - There are 1 files in /opt/airflow/dags
[2026-09-18T09:30:12.744+0000] {manager.py:878} INFO - 
================================================================================
DAG File Processing Stats

File Path                              PID    Runtime      # DAGs    # Errors  Last Runtime    Last Run
-------------------------------------  -----  ---------  --------  ----------  --------------  -------------------
/opt/airflow/dags/weather_pipeline.py                           1           0  1.73s           2026-09-18T09:29:45
================================================================================
[2026-09-18T09:30:42.971+0000] {manager.py:878} INFO - 
================================================================================
DAG File Processing Stats

File Path                              PID    Runtime      # DAGs    # Errors  Last Runtime    Last Run
-------------------------------------  -----  ---------  --------  ----------  --------------  -------------------
/opt/airflow/dags/weather_pipeline.py                           1           0  2.56s           2026-09-18T09:30:17
================================================================================
[2026-09-18T09:31:13.302+0000] {manager.py:878} INFO - 
================================================================================
DAG File Processing Stats

File Path                              PID    Runtime      # DAGs    # Errors  Last Runtime    Last Run
-------------------------------------  -----  ---------  --------  ----------  --------------  -------------------
/opt/airflow/dags/weather_pipeline.py                           1           0  2.31s           2026-09-18T09:30:50
================================================================================
[2026-09-18T09:31:43.608+0000] {manager.py:878} INFO - 
================================================================================
DAG File Processing Stats

File Path                              PID    Runtime      # DAGs    # Errors  Last Runtime    Last Run
-------------------------------------  -----  ---------  --------  ----------  --------------  -------------------
/opt/airflow/dags/weather_pipeline.py                           1           0  2.92s           2026-09-18T09:31:23
================================================================================
[2026-09-18T09:32:14.064+0000] {manager.py:878} INFO - 
================================================================================
DAG File Processing Stats

File Path                              PID    Runtime      # DAGs    # Errors  Last Runtime    Last Run
-------------------------------------  -----  ---------  --------  ----------  --------------  -------------------
/opt/airflow/dags/weather_pipeline.py                           1           0  3.13s           2026-09-18T09:31:56
================================================================================
[2026-09-18T10:03:10.659+0000] {manager.py:470} INFO - Processing files using up to 2 processes at a time 
[2026-09-18T10:03:10.660+0000] {manager.py:471} INFO - Process each file at most once every 30 seconds
[2026-09-18T10:03:10.661+0000] {manager.py:472} INFO - Checking for new files in /opt/airflow/dags every 300 seconds
[2026-09-18T10:03:10.662+0000] {manager.py:737} INFO - Searching for files in /opt/airflow/dags
[2026-09-18T10:03:10.666+0000] {manager.py:740} INFO - There are 1 files in /opt/airflow/dags
[2026-09-18T10:03:10.814+0000] {manager.py:878} INFO - 
================================================================================
DAG File Processing Stats

File Path                                PID  Runtime      # DAGs    # Errors  Last Runtime    Last Run
-------------------------------------  -----  ---------  --------  ----------  --------------  ----------
/opt/airflow/dags/weather_pipeline.py     52  0.07s             0           0
================================================================================
[2026-09-18T10:03:41.009+0000] {manager.py:878} INFO - 
================================================================================
DAG File Processing Stats

File Path                              PID    Runtime      # DAGs    # Errors  Last Runtime    Last Run
-------------------------------------  -----  ---------  --------  ----------  --------------  -------------------
/opt/airflow/dags/weather_pipeline.py                           1           0  1.11s           2026-09-18T10:03:11
================================================================================
[2026-09-18T10:04:11.397+0000] {manager.py:878} INFO - 
================================================================================
DAG File Processing Stats

File Path                              PID    Runtime      # DAGs    # Errors  Last Runtime    Last Run
-------------------------------------  -----  ---------  --------  ----------  --------------  -------------------
/opt/airflow/dags/weather_pipeline.py                           1           0  12.14s          2026-09-18T10:03:54
================================================================================
[2026-09-18T10:04:41.672+0000] {manager.py:878} INFO - 
================================================================================
DAG File Processing Stats

File Path                              PID    Runtime      # DAGs    # Errors  Last Runtime    Last Run
-------------------------------------  -----  ---------  --------  ----------  --------------  -------------------
/opt/airflow/dags/weather_pipeline.py                           1           0  2.56s           2026-09-18T10:04:27
================================================================================
[2026-09-18T10:05:11.850+0000] {manager.py:878} INFO - 
================================================================================
DAG File Processing Stats

File Path                              PID    Runtime      # DAGs    # Errors  Last Runtime    Last Run
-------------------------------------  -----  ---------  --------  ----------  --------------  -------------------
/opt/airflow/dags/weather_pipeline.py                           1           0  1.65s           2026-09-18T10:04:58
================================================================================
[2026-09-18T10:05:42.119+0000] {manager.py:878} INFO - 
================================================================================
DAG File Processing Stats

File Path                              PID    Runtime      # DAGs    # Errors  Last Runtime    Last Run
-------------------------------------  -----  ---------  --------  ----------  --------------  -------------------
/opt/airflow/dags/weather_pipeline.py                           1           0  2.18s           2026-09-18T10:05:31
================================================================================
[2026-09-18T10:06:12.351+0000] {manager.py:878} INFO - 
================================================================================
DAG File Processing Stats

File Path                              PID    Runtime      # DAGs    # Errors  Last Runtime    Last Run
-------------------------------------  -----  ---------  --------  ----------  --------------  -------------------
/opt/airflow/dags/weather_pipeline.py                           1           0  1.14s           2026-09-18T10:06:02
================================================================================
[2026-09-18T10:06:42.508+0000] {manager.py:878} INFO - 
================================================================================
DAG File Processing Stats

File Path                              PID    Runtime      # DAGs    # Errors  Last Runtime    Last Run
-------------------------------------  -----  ---------  --------  ----------  --------------  -------------------
/opt/airflow/dags/weather_pipeline.py                           1           0  1.00s           2026-09-18T10:06:33
================================================================================
[2026-09-18T10:07:12.692+0000] {manager.py:878} INFO - 
================================================================================
DAG File Processing Stats

File Path                              PID    Runtime      # DAGs    # Errors  Last Runtime    Last Run
-------------------------------------  -----  ---------  --------  ----------  --------------  -------------------
/opt/airflow/dags/weather_pipeline.py                           1           0  0.82s           2026-09-18T10:07:04
================================================================================
[2026-09-18T10:07:42.861+0000] {manager.py:878} INFO - 
================================================================================
DAG File Processing Stats

File Path                              PID    Runtime      # DAGs    # Errors  Last Runtime    Last Run
-------------------------------------  -----  ---------  --------  ----------  --------------  -------------------
/opt/airflow/dags/weather_pipeline.py                           1           0  0.66s           2026-09-18T10:07:35
================================================================================
[2026-09-18T10:08:11.040+0000] {manager.py:737} INFO - Searching for files in /opt/airflow/dags
[2026-09-18T10:08:11.046+0000] {manager.py:740} INFO - There are 1 files in /opt/airflow/dags
[2026-09-18T10:08:13.096+0000] {manager.py:878} INFO - 
================================================================================
DAG File Processing Stats

File Path                              PID    Runtime      # DAGs    # Errors  Last Runtime    Last Run
-------------------------------------  -----  ---------  --------  ----------  --------------  -------------------
/opt/airflow/dags/weather_pipeline.py                           1           0  0.77s           2026-09-18T10:08:06
================================================================================
[2026-09-18T10:08:43.324+0000] {manager.py:878} INFO - 
================================================================================
DAG File Processing Stats

File Path                              PID    Runtime      # DAGs    # Errors  Last Runtime    Last Run
-------------------------------------  -----  ---------  --------  ----------  --------------  -------------------
/opt/airflow/dags/weather_pipeline.py                           1           0  1.15s           2026-09-18T10:08:37
================================================================================
[2026-09-18T10:09:13.549+0000] {manager.py:878} INFO - 
================================================================================
DAG File Processing Stats

File Path                              PID    Runtime      # DAGs    # Errors  Last Runtime    Last Run
-------------------------------------  -----  ---------  --------  ----------  --------------  -------------------
/opt/airflow/dags/weather_pipeline.py                           1           0  1.07s           2026-09-18T10:09:08
================================================================================
[2026-09-18T10:09:43.802+0000] {manager.py:878} INFO - 
================================================================================
DAG File Processing Stats

File Path                              PID    Runtime      # DAGs    # Errors  Last Runtime    Last Run
-------------------------------------  -----  ---------  --------  ----------  --------------  -------------------
/opt/airflow/dags/weather_pipeline.py                           1           0  1.73s           2026-09-18T10:09:40
================================================================================
[2026-09-18T10:10:13.995+0000] {manager.py:878} INFO - 
================================================================================
DAG File Processing Stats

File Path                              PID    Runtime      # DAGs    # Errors  Last Runtime    Last Run
-------------------------------------  -----  ---------  --------  ----------  --------------  -------------------
/opt/airflow/dags/weather_pipeline.py                           1           0  0.77s           2026-09-18T10:10:11
================================================================================
[2026-09-18T10:10:44.167+0000] {manager.py:878} INFO - 
================================================================================
DAG File Processing Stats

File Path                              PID    Runtime      # DAGs    # Errors  Last Runtime    Last Run
-------------------------------------  -----  ---------  --------  ----------  --------------  -------------------
/opt/airflow/dags/weather_pipeline.py                           1           0  1.56s           2026-09-18T10:10:43
================================================================================
[2026-09-18T10:11:14.335+0000] {manager.py:878} INFO - 
================================================================================
DAG File Processing Stats

File Path                              PID    Runtime      # DAGs    # Errors  Last Runtime    Last Run
-------------------------------------  -----  ---------  --------  ----------  --------------  -------------------
/opt/airflow/dags/weather_pipeline.py                           1           0  0.98s           2026-09-18T10:11:14
================================================================================
[2026-09-18T10:11:44.560+0000] {manager.py:878} INFO - 
================================================================================
DAG File Processing Stats

File Path                                PID  Runtime      # DAGs    # Errors  Last Runtime    Last Run
-------------------------------------  -----  ---------  --------  ----------  --------------  -------------------
/opt/airflow/dags/weather_pipeline.py    104  0.01s             1           0  0.98s           2026-09-18T10:11:14
================================================================================
[2026-09-18T10:12:15.234+0000] {manager.py:878} INFO - 
================================================================================
DAG File Processing Stats

File Path                                PID  Runtime      # DAGs    # Errors  Last Runtime    Last Run
-------------------------------------  -----  ---------  --------  ----------  --------------  -------------------
/opt/airflow/dags/weather_pipeline.py    106  0.01s             1           0  0.59s           2026-09-18T10:11:45
================================================================================
[2026-09-18T10:12:45.251+0000] {manager.py:878} INFO - 
================================================================================
DAG File Processing Stats

File Path                              PID    Runtime      # DAGs    # Errors  Last Runtime    Last Run
-------------------------------------  -----  ---------  --------  ----------  --------------  -------------------
/opt/airflow/dags/weather_pipeline.py                           1           0  1.83s           2026-09-18T10:12:17
================================================================================
[2026-09-18T10:13:11.692+0000] {manager.py:737} INFO - Searching for files in /opt/airflow/dags
[2026-09-18T10:13:11.697+0000] {manager.py:740} INFO - There are 1 files in /opt/airflow/dags
[2026-09-18T10:13:15.754+0000] {manager.py:878} INFO - 
================================================================================
DAG File Processing Stats

File Path                              PID    Runtime      # DAGs    # Errors  Last Runtime    Last Run
-------------------------------------  -----  ---------  --------  ----------  --------------  -------------------
/opt/airflow/dags/weather_pipeline.py                           1           0  1.28s           2026-09-18T10:12:48
================================================================================
[2026-09-18T10:13:45.979+0000] {manager.py:878} INFO - 
================================================================================
DAG File Processing Stats

File Path                              PID    Runtime      # DAGs    # Errors  Last Runtime    Last Run
-------------------------------------  -----  ---------  --------  ----------  --------------  -------------------
/opt/airflow/dags/weather_pipeline.py                           1           0  0.77s           2026-09-18T10:13:19
================================================================================
[2026-09-18T10:14:16.181+0000] {manager.py:878} INFO - 
================================================================================
DAG File Processing Stats

File Path                              PID    Runtime      # DAGs    # Errors  Last Runtime    Last Run
-------------------------------------  -----  ---------  --------  ----------  --------------  -------------------
/opt/airflow/dags/weather_pipeline.py                           1           0  1.48s           2026-09-18T10:13:51
================================================================================
[2026-09-18T10:14:46.369+0000] {manager.py:878} INFO - 
================================================================================
DAG File Processing Stats

File Path                              PID    Runtime      # DAGs    # Errors  Last Runtime    Last Run
-------------------------------------  -----  ---------  --------  ----------  --------------  -------------------
/opt/airflow/dags/weather_pipeline.py                           1           0  0.77s           2026-09-18T10:14:22
================================================================================
[2026-09-18T10:15:16.552+0000] {manager.py:878} INFO - 
================================================================================
DAG File Processing Stats

File Path                              PID    Runtime      # DAGs    # Errors  Last Runtime    Last Run
-------------------------------------  -----  ---------  --------  ----------  --------------  -------------------
/opt/airflow/dags/weather_pipeline.py                           1           0  1.19s           2026-09-18T10:14:53
================================================================================
[2026-09-18T10:15:46.952+0000] {manager.py:878} INFO - 
================================================================================
DAG File Processing Stats

File Path                              PID    Runtime      # DAGs    # Errors  Last Runtime    Last Run
-------------------------------------  -----  ---------  --------  ----------  --------------  -------------------
/opt/airflow/dags/weather_pipeline.py                           1           0  1.52s           2026-09-18T10:15:25
================================================================================
[2026-09-18T10:16:17.117+0000] {manager.py:878} INFO - 
================================================================================
DAG File Processing Stats

File Path                              PID    Runtime      # DAGs    # Errors  Last Runtime    Last Run
-------------------------------------  -----  ---------  --------  ----------  --------------  -------------------
/opt/airflow/dags/weather_pipeline.py                           1           0  0.68s           2026-09-18T10:15:55
================================================================================
[2026-09-18T10:16:47.636+0000] {manager.py:878} INFO - 
================================================================================
DAG File Processing Stats

File Path                              PID    Runtime      # DAGs    # Errors  Last Runtime    Last Run
-------------------------------------  -----  ---------  --------  ----------  --------------  -------------------
/opt/airflow/dags/weather_pipeline.py                           1           0  0.63s           2026-09-18T10:16:26
================================================================================
[2026-09-18T10:17:17.857+0000] {manager.py:878} INFO - 
================================================================================
DAG File Processing Stats

File Path                              PID    Runtime      # DAGs    # Errors  Last Runtime    Last Run
-------------------------------------  -----  ---------  --------  ----------  --------------  -------------------
/opt/airflow/dags/weather_pipeline.py                           1           0  0.70s           2026-09-18T10:16:57
================================================================================
[2026-09-18T10:17:48.108+0000] {manager.py:878} INFO - 
================================================================================
DAG File Processing Stats

File Path                              PID    Runtime      # DAGs    # Errors  Last Runtime    Last Run
-------------------------------------  -----  ---------  --------  ----------  --------------  -------------------
/opt/airflow/dags/weather_pipeline.py                           1           0  0.74s           2026-09-18T10:17:28
================================================================================
[2026-09-18T10:18:11.698+0000] {manager.py:737} INFO - Searching for files in /opt/airflow/dags
[2026-09-18T10:18:11.704+0000] {manager.py:740} INFO - There are 1 files in /opt/airflow/dags
[2026-09-18T10:18:18.323+0000] {manager.py:878} INFO - 
================================================================================
DAG File Processing Stats

File Path                              PID    Runtime      # DAGs    # Errors  Last Runtime    Last Run
-------------------------------------  -----  ---------  --------  ----------  --------------  -------------------
/opt/airflow/dags/weather_pipeline.py                           1           0  0.74s           2026-09-18T10:17:59
================================================================================
[2026-09-18T10:18:48.511+0000] {manager.py:878} INFO - 
================================================================================
DAG File Processing Stats

File Path                              PID    Runtime      # DAGs    # Errors  Last Runtime    Last Run
-------------------------------------  -----  ---------  --------  ----------  --------------  -------------------
/opt/airflow/dags/weather_pipeline.py                           1           0  0.65s           2026-09-18T10:18:30
================================================================================
[2026-09-18T10:19:18.740+0000] {manager.py:878} INFO - 
================================================================================
DAG File Processing Stats

File Path                              PID    Runtime      # DAGs    # Errors  Last Runtime    Last Run
-------------------------------------  -----  ---------  --------  ----------  --------------  -------------------
/opt/airflow/dags/weather_pipeline.py                           1           0  1.02s           2026-09-18T10:19:01
================================================================================
[2026-09-18T10:19:48.961+0000] {manager.py:878} INFO - 
================================================================================
DAG File Processing Stats

File Path                              PID    Runtime      # DAGs    # Errors  Last Runtime    Last Run
-------------------------------------  -----  ---------  --------  ----------  --------------  -------------------
/opt/airflow/dags/weather_pipeline.py                           1           0  0.72s           2026-09-18T10:19:32
================================================================================
[2026-09-18T10:20:19.181+0000] {manager.py:878} INFO - 
================================================================================
DAG File Processing Stats

File Path                              PID    Runtime      # DAGs    # Errors  Last Runtime    Last Run
-------------------------------------  -----  ---------  --------  ----------  --------------  -------------------
/opt/airflow/dags/weather_pipeline.py                           1           0  0.72s           2026-09-18T10:20:03
================================================================================
[2026-09-18T10:21:17.434+0000] {manager.py:470} INFO - Processing files using up to 2 processes at a time 
[2026-09-18T10:21:17.435+0000] {manager.py:471} INFO - Process each file at most once every 30 seconds
[2026-09-18T10:21:17.435+0000] {manager.py:472} INFO - Checking for new files in /opt/airflow/dags every 300 seconds
[2026-09-18T10:21:17.436+0000] {manager.py:737} INFO - Searching for files in /opt/airflow/dags
[2026-09-18T10:21:17.438+0000] {manager.py:740} INFO - There are 1 files in /opt/airflow/dags
[2026-09-18T10:21:17.551+0000] {manager.py:878} INFO - 
================================================================================
DAG File Processing Stats

File Path                                PID  Runtime      # DAGs    # Errors  Last Runtime    Last Run
-------------------------------------  -----  ---------  --------  ----------  --------------  ----------
/opt/airflow/dags/weather_pipeline.py     52  0.06s             0           0
================================================================================
[2026-09-18T10:21:39.592+0000] {manager.py:470} INFO - Processing files using up to 2 processes at a time 
[2026-09-18T10:21:39.593+0000] {manager.py:471} INFO - Process each file at most once every 30 seconds
[2026-09-18T10:21:39.593+0000] {manager.py:472} INFO - Checking for new files in /opt/airflow/dags every 300 seconds
[2026-09-18T10:21:39.594+0000] {manager.py:737} INFO - Searching for files in /opt/airflow/dags
[2026-09-18T10:21:39.596+0000] {manager.py:740} INFO - There are 1 files in /opt/airflow/dags
[2026-09-18T10:21:39.713+0000] {manager.py:878} INFO - 
================================================================================
DAG File Processing Stats

File Path                                PID  Runtime      # DAGs    # Errors  Last Runtime    Last Run
-------------------------------------  -----  ---------  --------  ----------  --------------  ----------
/opt/airflow/dags/weather_pipeline.py     52  0.06s             0           0
================================================================================
[2026-09-18T10:22:09.837+0000] {manager.py:878} INFO - 
================================================================================
DAG File Processing Stats

File Path                              PID    Runtime      # DAGs    # Errors  Last Runtime    Last Run
-------------------------------------  -----  ---------  --------  ----------  --------------  -------------------
/opt/airflow/dags/weather_pipeline.py                           1           0  0.59s           2026-09-18T10:21:40
================================================================================
[2026-09-18T10:22:37.091+0000] {manager.py:470} INFO - Processing files using up to 2 processes at a time 
[2026-09-18T10:22:37.092+0000] {manager.py:471} INFO - Process each file at most once every 30 seconds
[2026-09-18T10:22:37.093+0000] {manager.py:472} INFO - Checking for new files in /opt/airflow/dags every 300 seconds
[2026-09-18T10:22:37.093+0000] {manager.py:737} INFO - Searching for files in /opt/airflow/dags
[2026-09-18T10:22:37.096+0000] {manager.py:740} INFO - There are 1 files in /opt/airflow/dags
[2026-09-18T10:22:37.187+0000] {manager.py:878} INFO - 
================================================================================
DAG File Processing Stats

File Path                                PID  Runtime      # DAGs    # Errors  Last Runtime    Last Run
-------------------------------------  -----  ---------  --------  ----------  --------------  ----------
/opt/airflow/dags/weather_pipeline.py     52  0.04s             0           0
================================================================================
[2026-09-18T10:23:07.380+0000] {manager.py:878} INFO - 
================================================================================
DAG File Processing Stats

File Path                              PID    Runtime      # DAGs    # Errors  Last Runtime    Last Run
-------------------------------------  -----  ---------  --------  ----------  --------------  -------------------
/opt/airflow/dags/weather_pipeline.py                           1           0  0.74s           2026-09-18T10:22:37
================================================================================
[2026-09-18T10:23:52.369+0000] {manager.py:470} INFO - Processing files using up to 2 processes at a time 
[2026-09-18T10:23:52.370+0000] {manager.py:471} INFO - Process each file at most once every 30 seconds
[2026-09-18T10:23:52.371+0000] {manager.py:472} INFO - Checking for new files in /opt/airflow/dags every 300 seconds
[2026-09-18T10:23:52.371+0000] {manager.py:737} INFO - Searching for files in /opt/airflow/dags
[2026-09-18T10:23:52.374+0000] {manager.py:740} INFO - There are 1 files in /opt/airflow/dags
[2026-09-18T10:23:52.497+0000] {manager.py:878} INFO - 
================================================================================
DAG File Processing Stats

File Path                                PID  Runtime      # DAGs    # Errors  Last Runtime    Last Run
-------------------------------------  -----  ---------  --------  ----------  --------------  ----------
/opt/airflow/dags/weather_pipeline.py     52  0.06s             0           0
================================================================================
[2026-09-18T10:24:22.625+0000] {manager.py:878} INFO - 
================================================================================
DAG File Processing Stats

File Path                              PID    Runtime      # DAGs    # Errors  Last Runtime    Last Run
-------------------------------------  -----  ---------  --------  ----------  --------------  -------------------
/opt/airflow/dags/weather_pipeline.py                           1           0  0.61s           2026-09-18T10:23:53
================================================================================
[2026-09-18T10:24:52.815+0000] {manager.py:878} INFO - 
================================================================================
DAG File Processing Stats

File Path                              PID    Runtime      # DAGs    # Errors  Last Runtime    Last Run
-------------------------------------  -----  ---------  --------  ----------  --------------  -------------------
/opt/airflow/dags/weather_pipeline.py                           1           0  0.81s           2026-09-18T10:24:23
================================================================================
[2026-09-18T10:25:23.050+0000] {manager.py:878} INFO - 
================================================================================
DAG File Processing Stats

File Path                              PID    Runtime      # DAGs    # Errors  Last Runtime    Last Run
-------------------------------------  -----  ---------  --------  ----------  --------------  -------------------
/opt/airflow/dags/weather_pipeline.py                           1           0  1.00s           2026-09-18T10:24:55
================================================================================
[2026-09-18T10:25:53.280+0000] {manager.py:878} INFO - 
================================================================================
DAG File Processing Stats

File Path                              PID    Runtime      # DAGs    # Errors  Last Runtime    Last Run
-------------------------------------  -----  ---------  --------  ----------  --------------  -------------------
/opt/airflow/dags/weather_pipeline.py                           1           0  0.96s           2026-09-18T10:25:26
================================================================================
[2026-09-18T10:26:23.489+0000] {manager.py:878} INFO - 
================================================================================
DAG File Processing Stats

File Path                              PID    Runtime      # DAGs    # Errors  Last Runtime    Last Run
-------------------------------------  -----  ---------  --------  ----------  --------------  -------------------
/opt/airflow/dags/weather_pipeline.py                           1           0  0.83s           2026-09-18T10:25:57
================================================================================
[2026-09-18T10:26:53.803+0000] {manager.py:878} INFO - 
================================================================================
DAG File Processing Stats

File Path                              PID    Runtime      # DAGs    # Errors  Last Runtime    Last Run
-------------------------------------  -----  ---------  --------  ----------  --------------  -------------------
/opt/airflow/dags/weather_pipeline.py                           1           0  0.68s           2026-09-18T10:26:28
================================================================================
[2026-09-18T10:27:23.990+0000] {manager.py:878} INFO - 
================================================================================
DAG File Processing Stats

File Path                              PID    Runtime      # DAGs    # Errors  Last Runtime    Last Run
-------------------------------------  -----  ---------  --------  ----------  --------------  -------------------
/opt/airflow/dags/weather_pipeline.py                           1           0  0.84s           2026-09-18T10:26:59
================================================================================
[2026-09-18T10:27:54.167+0000] {manager.py:878} INFO - 
================================================================================
DAG File Processing Stats

File Path                              PID    Runtime      # DAGs    # Errors  Last Runtime    Last Run
-------------------------------------  -----  ---------  --------  ----------  --------------  -------------------
/opt/airflow/dags/weather_pipeline.py                           1           0  0.76s           2026-09-18T10:27:30
================================================================================
[2026-09-18T10:28:24.538+0000] {manager.py:878} INFO - 
================================================================================
DAG File Processing Stats

File Path                              PID    Runtime      # DAGs    # Errors  Last Runtime    Last Run
-------------------------------------  -----  ---------  --------  ----------  --------------  -------------------
/opt/airflow/dags/weather_pipeline.py                           1           0  0.71s           2026-09-18T10:28:00
================================================================================
[2026-09-18T10:28:52.739+0000] {manager.py:737} INFO - Searching for files in /opt/airflow/dags
[2026-09-18T10:28:52.745+0000] {manager.py:740} INFO - There are 1 files in /opt/airflow/dags
[2026-09-18T10:28:54.786+0000] {manager.py:878} INFO - 
================================================================================
DAG File Processing Stats

File Path                              PID    Runtime      # DAGs    # Errors  Last Runtime    Last Run
-------------------------------------  -----  ---------  --------  ----------  --------------  -------------------
/opt/airflow/dags/weather_pipeline.py                           1           0  0.74s           2026-09-18T10:28:31
================================================================================
[2026-09-18T10:29:24.941+0000] {manager.py:878} INFO - 
================================================================================
DAG File Processing Stats

File Path                              PID    Runtime      # DAGs    # Errors  Last Runtime    Last Run
-------------------------------------  -----  ---------  --------  ----------  --------------  -------------------
/opt/airflow/dags/weather_pipeline.py                           1           0  0.69s           2026-09-18T10:29:02
================================================================================
[2026-09-18T10:29:55.461+0000] {manager.py:878} INFO - 
================================================================================
DAG File Processing Stats

File Path                              PID    Runtime      # DAGs    # Errors  Last Runtime    Last Run
-------------------------------------  -----  ---------  --------  ----------  --------------  -------------------
/opt/airflow/dags/weather_pipeline.py                           1           0  0.77s           2026-09-18T10:29:33
================================================================================
[2026-09-18T10:30:25.658+0000] {manager.py:878} INFO - 
================================================================================
DAG File Processing Stats

File Path                              PID    Runtime      # DAGs    # Errors  Last Runtime    Last Run
-------------------------------------  -----  ---------  --------  ----------  --------------  -------------------
/opt/airflow/dags/weather_pipeline.py                           1           0  0.67s           2026-09-18T10:30:04
================================================================================
[2026-09-18T10:31:11.524+0000] {manager.py:470} INFO - Processing files using up to 2 processes at a time 
[2026-09-18T10:31:11.525+0000] {manager.py:471} INFO - Process each file at most once every 30 seconds
[2026-09-18T10:31:11.525+0000] {manager.py:472} INFO - Checking for new files in /opt/airflow/dags every 300 seconds
[2026-09-18T10:31:11.526+0000] {manager.py:737} INFO - Searching for files in /opt/airflow/dags
[2026-09-18T10:31:11.529+0000] {manager.py:740} INFO - There are 1 files in /opt/airflow/dags
[2026-09-18T10:31:11.630+0000] {manager.py:878} INFO - 
================================================================================
DAG File Processing Stats

File Path                                PID  Runtime      # DAGs    # Errors  Last Runtime    Last Run
-------------------------------------  -----  ---------  --------  ----------  --------------  ----------
/opt/airflow/dags/weather_pipeline.py     52  0.05s             0           0
================================================================================
[2026-09-18T10:31:41.763+0000] {manager.py:878} INFO - 
================================================================================
DAG File Processing Stats

File Path                              PID    Runtime      # DAGs    # Errors  Last Runtime    Last Run
-------------------------------------  -----  ---------  --------  ----------  --------------  -------------------
/opt/airflow/dags/weather_pipeline.py                           1           0  0.68s           2026-09-18T10:31:12
================================================================================
[2026-09-18T10:32:12.611+0000] {manager.py:878} INFO - 
================================================================================
DAG File Processing Stats

File Path                              PID    Runtime      # DAGs    # Errors  Last Runtime    Last Run
-------------------------------------  -----  ---------  --------  ----------  --------------  -------------------
/opt/airflow/dags/weather_pipeline.py                           1           0  1.05s           2026-09-18T10:31:43
================================================================================
[2026-09-18T10:32:42.826+0000] {manager.py:878} INFO - 
================================================================================
DAG File Processing Stats

File Path                              PID    Runtime      # DAGs    # Errors  Last Runtime    Last Run
-------------------------------------  -----  ---------  --------  ----------  --------------  -------------------
/opt/airflow/dags/weather_pipeline.py                           1           0  0.66s           2026-09-18T10:32:14
================================================================================
[2026-09-18T10:33:13.048+0000] {manager.py:878} INFO - 
================================================================================
DAG File Processing Stats

File Path                              PID    Runtime      # DAGs    # Errors  Last Runtime    Last Run
-------------------------------------  -----  ---------  --------  ----------  --------------  -------------------
/opt/airflow/dags/weather_pipeline.py                           1           0  0.70s           2026-09-18T10:32:45
================================================================================
[2026-09-18T10:33:43.254+0000] {manager.py:878} INFO - 
================================================================================
DAG File Processing Stats

File Path                              PID    Runtime      # DAGs    # Errors  Last Runtime    Last Run
-------------------------------------  -----  ---------  --------  ----------  --------------  -------------------
/opt/airflow/dags/weather_pipeline.py                           1           0  0.74s           2026-09-18T10:33:16
================================================================================
[2026-09-18T10:34:13.523+0000] {manager.py:878} INFO - 
================================================================================
DAG File Processing Stats

File Path                              PID    Runtime      # DAGs    # Errors  Last Runtime    Last Run
-------------------------------------  -----  ---------  --------  ----------  --------------  -------------------
/opt/airflow/dags/weather_pipeline.py                           1           0  0.70s           2026-09-18T10:33:46
================================================================================
[2026-09-18T10:34:43.701+0000] {manager.py:878} INFO - 
================================================================================
DAG File Processing Stats

File Path                              PID    Runtime      # DAGs    # Errors  Last Runtime    Last Run
-------------------------------------  -----  ---------  --------  ----------  --------------  -------------------
/opt/airflow/dags/weather_pipeline.py                           1           0  0.71s           2026-09-18T10:34:17
================================================================================
[2026-09-18T10:35:13.895+0000] {manager.py:878} INFO - 
================================================================================
DAG File Processing Stats

File Path                              PID    Runtime      # DAGs    # Errors  Last Runtime    Last Run
-------------------------------------  -----  ---------  --------  ----------  --------------  -------------------
/opt/airflow/dags/weather_pipeline.py                           1           0  0.67s           2026-09-18T10:34:48
================================================================================
[2026-09-18T10:35:44.111+0000] {manager.py:878} INFO - 
================================================================================
DAG File Processing Stats

File Path                              PID    Runtime      # DAGs    # Errors  Last Runtime    Last Run
-------------------------------------  -----  ---------  --------  ----------  --------------  -------------------
/opt/airflow/dags/weather_pipeline.py                           1           0  0.75s           2026-09-18T10:35:19
================================================================================
[2026-09-18T10:36:18.950+0000] {manager.py:470} INFO - Processing files using up to 2 processes at a time 
[2026-09-18T10:36:18.951+0000] {manager.py:471} INFO - Process each file at most once every 30 seconds
[2026-09-18T10:36:18.951+0000] {manager.py:472} INFO - Checking for new files in /opt/airflow/dags every 300 seconds
[2026-09-18T10:36:18.952+0000] {manager.py:737} INFO - Searching for files in /opt/airflow/dags
[2026-09-18T10:36:18.954+0000] {manager.py:740} INFO - There are 1 files in /opt/airflow/dags
[2026-09-18T10:36:19.062+0000] {manager.py:878} INFO - 
================================================================================
DAG File Processing Stats

File Path                                PID  Runtime      # DAGs    # Errors  Last Runtime    Last Run
-------------------------------------  -----  ---------  --------  ----------  --------------  ----------
/opt/airflow/dags/weather_pipeline.py     52  0.06s             0           0
================================================================================
[2026-09-18T10:36:49.187+0000] {manager.py:878} INFO - 
================================================================================
DAG File Processing Stats

File Path                              PID    Runtime      # DAGs    # Errors  Last Runtime    Last Run
-------------------------------------  -----  ---------  --------  ----------  --------------  -------------------
/opt/airflow/dags/weather_pipeline.py                           1           0  0.84s           2026-09-18T10:36:19
================================================================================
[2026-09-18T10:37:19.220+0000] {manager.py:878} INFO - 
================================================================================
DAG File Processing Stats

File Path                              PID    Runtime      # DAGs    # Errors  Last Runtime    Last Run
-------------------------------------  -----  ---------  --------  ----------  --------------  -------------------
/opt/airflow/dags/weather_pipeline.py                           1           0  1.16s           2026-09-18T10:36:51
================================================================================
[2026-09-18T10:37:49.543+0000] {manager.py:878} INFO - 
================================================================================
DAG File Processing Stats

File Path                              PID    Runtime      # DAGs    # Errors  Last Runtime    Last Run
-------------------------------------  -----  ---------  --------  ----------  --------------  -------------------
/opt/airflow/dags/weather_pipeline.py                           1           0  0.75s           2026-09-18T10:37:21
================================================================================
[2026-09-18T10:38:19.746+0000] {manager.py:878} INFO - 
================================================================================
DAG File Processing Stats

File Path                              PID    Runtime      # DAGs    # Errors  Last Runtime    Last Run
-------------------------------------  -----  ---------  --------  ----------  --------------  -------------------
/opt/airflow/dags/weather_pipeline.py                           1           0  0.65s           2026-09-18T10:37:52
================================================================================
[2026-09-18T10:38:49.940+0000] {manager.py:878} INFO - 
================================================================================
DAG File Processing Stats

File Path                              PID    Runtime      # DAGs    # Errors  Last Runtime    Last Run
-------------------------------------  -----  ---------  --------  ----------  --------------  -------------------
/opt/airflow/dags/weather_pipeline.py                           1           0  0.76s           2026-09-18T10:38:23
================================================================================
[2026-09-18T10:39:20.174+0000] {manager.py:878} INFO - 
================================================================================
DAG File Processing Stats

File Path                              PID    Runtime      # DAGs    # Errors  Last Runtime    Last Run
-------------------------------------  -----  ---------  --------  ----------  --------------  -------------------
/opt/airflow/dags/weather_pipeline.py                           1           0  0.73s           2026-09-18T10:38:54
================================================================================
[2026-09-18T10:39:50.366+0000] {manager.py:878} INFO - 
================================================================================
DAG File Processing Stats

File Path                              PID    Runtime      # DAGs    # Errors  Last Runtime    Last Run
-------------------------------------  -----  ---------  --------  ----------  --------------  -------------------
/opt/airflow/dags/weather_pipeline.py                           1           0  0.65s           2026-09-18T10:39:25
================================================================================
[2026-09-18T10:40:20.567+0000] {manager.py:878} INFO - 
================================================================================
DAG File Processing Stats

File Path                              PID    Runtime      # DAGs    # Errors  Last Runtime    Last Run
-------------------------------------  -----  ---------  --------  ----------  --------------  -------------------
/opt/airflow/dags/weather_pipeline.py                           1           0  0.74s           2026-09-18T10:39:56
================================================================================
[2026-09-18T10:40:50.667+0000] {manager.py:878} INFO - 
================================================================================
DAG File Processing Stats

File Path                              PID    Runtime      # DAGs    # Errors  Last Runtime    Last Run
-------------------------------------  -----  ---------  --------  ----------  --------------  -------------------
/opt/airflow/dags/weather_pipeline.py                           1           0  0.91s           2026-09-18T10:40:27
================================================================================
[2026-09-18T10:41:19.433+0000] {manager.py:737} INFO - Searching for files in /opt/airflow/dags
[2026-09-18T10:41:19.436+0000] {manager.py:740} INFO - There are 1 files in /opt/airflow/dags
[2026-09-18T10:41:20.908+0000] {manager.py:878} INFO - 
================================================================================
DAG File Processing Stats

File Path                              PID    Runtime      # DAGs    # Errors  Last Runtime    Last Run
-------------------------------------  -----  ---------  --------  ----------  --------------  -------------------
/opt/airflow/dags/weather_pipeline.py                           1           0  0.64s           2026-09-18T10:40:58
================================================================================
[2026-09-18T10:41:51.089+0000] {manager.py:878} INFO - 
================================================================================
DAG File Processing Stats

File Path                              PID    Runtime      # DAGs    # Errors  Last Runtime    Last Run
-------------------------------------  -----  ---------  --------  ----------  --------------  -------------------
/opt/airflow/dags/weather_pipeline.py                           1           0  0.67s           2026-09-18T10:41:29
================================================================================
[2026-09-18T10:42:21.280+0000] {manager.py:878} INFO - 
================================================================================
DAG File Processing Stats

File Path                              PID    Runtime      # DAGs    # Errors  Last Runtime    Last Run
-------------------------------------  -----  ---------  --------  ----------  --------------  -------------------
/opt/airflow/dags/weather_pipeline.py                           1           0  0.79s           2026-09-18T10:42:00
================================================================================
[2026-09-18T10:42:51.693+0000] {manager.py:878} INFO - 
================================================================================
DAG File Processing Stats

File Path                              PID    Runtime      # DAGs    # Errors  Last Runtime    Last Run
-------------------------------------  -----  ---------  --------  ----------  --------------  -------------------
/opt/airflow/dags/weather_pipeline.py                           1           0  0.67s           2026-09-18T10:42:31
================================================================================
[2026-09-18T10:43:21.930+0000] {manager.py:878} INFO - 
================================================================================
DAG File Processing Stats

File Path                              PID    Runtime      # DAGs    # Errors  Last Runtime    Last Run
-------------------------------------  -----  ---------  --------  ----------  --------------  -------------------
/opt/airflow/dags/weather_pipeline.py                           1           0  0.73s           2026-09-18T10:43:01
================================================================================
[2026-09-18T10:43:52.276+0000] {manager.py:878} INFO - 
================================================================================
DAG File Processing Stats

File Path                              PID    Runtime      # DAGs    # Errors  Last Runtime    Last Run
-------------------------------------  -----  ---------  --------  ----------  --------------  -------------------
/opt/airflow/dags/weather_pipeline.py                           1           0  0.73s           2026-09-18T10:43:32
================================================================================
[2026-09-18T10:44:22.503+0000] {manager.py:878} INFO - 
================================================================================
DAG File Processing Stats

File Path                              PID    Runtime      # DAGs    # Errors  Last Runtime    Last Run
-------------------------------------  -----  ---------  --------  ----------  --------------  -------------------
/opt/airflow/dags/weather_pipeline.py                           1           0  0.69s           2026-09-18T10:44:03
================================================================================
[2026-09-18T10:44:52.647+0000] {manager.py:878} INFO - 
================================================================================
DAG File Processing Stats

File Path                              PID    Runtime      # DAGs    # Errors  Last Runtime    Last Run
-------------------------------------  -----  ---------  --------  ----------  --------------  -------------------
/opt/airflow/dags/weather_pipeline.py                           1           0  0.67s           2026-09-18T10:44:34
================================================================================
[2026-09-18T10:45:23.196+0000] {manager.py:878} INFO - 
================================================================================
DAG File Processing Stats

File Path                              PID    Runtime      # DAGs    # Errors  Last Runtime    Last Run
-------------------------------------  -----  ---------  --------  ----------  --------------  -------------------
/opt/airflow/dags/weather_pipeline.py                           1           0  0.69s           2026-09-18T10:45:05
================================================================================
[2026-09-18T10:45:53.413+0000] {manager.py:878} INFO - 
================================================================================
DAG File Processing Stats

File Path                              PID    Runtime      # DAGs    # Errors  Last Runtime    Last Run
-------------------------------------  -----  ---------  --------  ----------  --------------  -------------------
/opt/airflow/dags/weather_pipeline.py                           1           0  0.67s           2026-09-18T10:45:36
================================================================================
[2026-09-18T10:46:19.633+0000] {manager.py:737} INFO - Searching for files in /opt/airflow/dags
[2026-09-18T10:46:19.638+0000] {manager.py:740} INFO - There are 1 files in /opt/airflow/dags
[2026-09-18T10:46:23.697+0000] {manager.py:878} INFO - 
================================================================================
DAG File Processing Stats

File Path                              PID    Runtime      # DAGs    # Errors  Last Runtime    Last Run
-------------------------------------  -----  ---------  --------  ----------  --------------  -------------------
/opt/airflow/dags/weather_pipeline.py                           1           0  0.67s           2026-09-18T10:46:07
================================================================================
[2026-09-18T10:46:53.905+0000] {manager.py:878} INFO - 
================================================================================
DAG File Processing Stats

File Path                              PID    Runtime      # DAGs    # Errors  Last Runtime    Last Run
-------------------------------------  -----  ---------  --------  ----------  --------------  -------------------
/opt/airflow/dags/weather_pipeline.py                           1           0  0.67s           2026-09-18T10:46:38
================================================================================
[2026-09-18T10:47:24.061+0000] {manager.py:878} INFO - 
================================================================================
DAG File Processing Stats

File Path                              PID    Runtime      # DAGs    # Errors  Last Runtime    Last Run
-------------------------------------  -----  ---------  --------  ----------  --------------  -------------------
/opt/airflow/dags/weather_pipeline.py                           1           0  0.68s           2026-09-18T10:47:08
================================================================================
[2026-09-18T10:47:54.587+0000] {manager.py:878} INFO - 
================================================================================
DAG File Processing Stats

File Path                              PID    Runtime      # DAGs    # Errors  Last Runtime    Last Run
-------------------------------------  -----  ---------  --------  ----------  --------------  -------------------
/opt/airflow/dags/weather_pipeline.py                           1           0  0.69s           2026-09-18T10:47:39
================================================================================
[2026-09-18T10:48:24.796+0000] {manager.py:878} INFO - 
================================================================================
DAG File Processing Stats

File Path                              PID    Runtime      # DAGs    # Errors  Last Runtime    Last Run
-------------------------------------  -----  ---------  --------  ----------  --------------  -------------------
/opt/airflow/dags/weather_pipeline.py                           1           0  0.67s           2026-09-18T10:48:10
================================================================================
[2026-09-18T10:48:55.056+0000] {manager.py:878} INFO - 
================================================================================
DAG File Processing Stats

File Path                              PID    Runtime      # DAGs    # Errors  Last Runtime    Last Run
-------------------------------------  -----  ---------  --------  ----------  --------------  -------------------
/opt/airflow/dags/weather_pipeline.py                           1           0  0.70s           2026-09-18T10:48:41
================================================================================
[2026-09-18T10:49:25.266+0000] {manager.py:878} INFO - 
================================================================================
DAG File Processing Stats

File Path                              PID    Runtime      # DAGs    # Errors  Last Runtime    Last Run
-------------------------------------  -----  ---------  --------  ----------  --------------  -------------------
/opt/airflow/dags/weather_pipeline.py                           1           0  0.69s           2026-09-18T10:49:12
================================================================================
[2026-09-18T10:49:55.468+0000] {manager.py:878} INFO - 
================================================================================
DAG File Processing Stats

File Path                              PID    Runtime      # DAGs    # Errors  Last Runtime    Last Run
-------------------------------------  -----  ---------  --------  ----------  --------------  -------------------
/opt/airflow/dags/weather_pipeline.py                           1           0  0.66s           2026-09-18T10:49:43
================================================================================
[2026-09-18T10:50:26.027+0000] {manager.py:878} INFO - 
================================================================================
DAG File Processing Stats

File Path                              PID    Runtime      # DAGs    # Errors  Last Runtime    Last Run
-------------------------------------  -----  ---------  --------  ----------  --------------  -------------------
/opt/airflow/dags/weather_pipeline.py                           1           0  0.67s           2026-09-18T10:50:14
================================================================================
[2026-09-18T10:50:56.238+0000] {manager.py:878} INFO - 
================================================================================
DAG File Processing Stats

File Path                              PID    Runtime      # DAGs    # Errors  Last Runtime    Last Run
-------------------------------------  -----  ---------  --------  ----------  --------------  -------------------
/opt/airflow/dags/weather_pipeline.py                           1           0  0.68s           2026-09-18T10:50:45
================================================================================
[2026-09-18T10:51:20.079+0000] {manager.py:737} INFO - Searching for files in /opt/airflow/dags
[2026-09-18T10:51:20.084+0000] {manager.py:740} INFO - There are 1 files in /opt/airflow/dags
[2026-09-18T10:51:26.496+0000] {manager.py:878} INFO - 
================================================================================
DAG File Processing Stats

File Path                              PID    Runtime      # DAGs    # Errors  Last Runtime    Last Run
-------------------------------------  -----  ---------  --------  ----------  --------------  -------------------
/opt/airflow/dags/weather_pipeline.py                           1           0  0.67s           2026-09-18T10:51:16
================================================================================
[2026-09-18T10:51:56.706+0000] {manager.py:878} INFO - 
================================================================================
DAG File Processing Stats

File Path                              PID    Runtime      # DAGs    # Errors  Last Runtime    Last Run
-------------------------------------  -----  ---------  --------  ----------  --------------  -------------------
/opt/airflow/dags/weather_pipeline.py                           1           0  0.71s           2026-09-18T10:51:47
================================================================================
[2026-09-18T10:52:26.923+0000] {manager.py:878} INFO - 
================================================================================
DAG File Processing Stats

File Path                              PID    Runtime      # DAGs    # Errors  Last Runtime    Last Run
-------------------------------------  -----  ---------  --------  ----------  --------------  -------------------
/opt/airflow/dags/weather_pipeline.py                           1           0  0.70s           2026-09-18T10:52:17
================================================================================
[2026-09-18T10:52:57.188+0000] {manager.py:878} INFO - 
================================================================================
DAG File Processing Stats

File Path                              PID    Runtime      # DAGs    # Errors  Last Runtime    Last Run
-------------------------------------  -----  ---------  --------  ----------  --------------  -------------------
/opt/airflow/dags/weather_pipeline.py                           1           0  0.68s           2026-09-18T10:52:48
================================================================================
[2026-09-18T10:53:27.402+0000] {manager.py:878} INFO - 
================================================================================
DAG File Processing Stats

File Path                              PID    Runtime      # DAGs    # Errors  Last Runtime    Last Run
-------------------------------------  -----  ---------  --------  ----------  --------------  -------------------
/opt/airflow/dags/weather_pipeline.py                           1           0  0.66s           2026-09-18T10:53:19
================================================================================
[2026-09-18T10:53:57.570+0000] {manager.py:878} INFO - 
================================================================================
DAG File Processing Stats

File Path                              PID    Runtime      # DAGs    # Errors  Last Runtime    Last Run
-------------------------------------  -----  ---------  --------  ----------  --------------  -------------------
/opt/airflow/dags/weather_pipeline.py                           1           0  0.68s           2026-09-18T10:53:50
================================================================================
[2026-09-18T10:54:28.109+0000] {manager.py:878} INFO - 
================================================================================
DAG File Processing Stats

File Path                              PID    Runtime      # DAGs    # Errors  Last Runtime    Last Run
-------------------------------------  -----  ---------  --------  ----------  --------------  -------------------
/opt/airflow/dags/weather_pipeline.py                           1           0  0.67s           2026-09-18T10:54:21
================================================================================
[2026-09-18T10:54:58.319+0000] {manager.py:878} INFO - 
================================================================================
DAG File Processing Stats

File Path                              PID    Runtime      # DAGs    # Errors  Last Runtime    Last Run
-------------------------------------  -----  ---------  --------  ----------  --------------  -------------------
/opt/airflow/dags/weather_pipeline.py                           1           0  0.67s           2026-09-18T10:54:52
================================================================================
[2026-09-18T10:55:28.355+0000] {manager.py:878} INFO - 
================================================================================
DAG File Processing Stats

File Path                              PID    Runtime      # DAGs    # Errors  Last Runtime    Last Run
-------------------------------------  -----  ---------  --------  ----------  --------------  -------------------
/opt/airflow/dags/weather_pipeline.py                           1           0  0.84s           2026-09-18T10:55:23
================================================================================
[2026-09-18T10:55:58.558+0000] {manager.py:878} INFO - 
================================================================================
DAG File Processing Stats

File Path                              PID    Runtime      # DAGs    # Errors  Last Runtime    Last Run
-------------------------------------  -----  ---------  --------  ----------  --------------  -------------------
/opt/airflow/dags/weather_pipeline.py                           1           0  1.01s           2026-09-18T10:55:54
================================================================================
[2026-09-18T10:56:20.707+0000] {manager.py:737} INFO - Searching for files in /opt/airflow/dags
[2026-09-18T10:56:20.714+0000] {manager.py:740} INFO - There are 1 files in /opt/airflow/dags
[2026-09-18T10:56:28.563+0000] {manager.py:878} INFO - 
================================================================================
DAG File Processing Stats

File Path                              PID    Runtime      # DAGs    # Errors  Last Runtime    Last Run
-------------------------------------  -----  ---------  --------  ----------  --------------  -------------------
/opt/airflow/dags/weather_pipeline.py                           1           0  0.78s           2026-09-18T10:56:25
================================================================================
[2026-09-18T10:56:59.111+0000] {manager.py:878} INFO - 
================================================================================
DAG File Processing Stats

File Path                              PID    Runtime      # DAGs    # Errors  Last Runtime    Last Run
-------------------------------------  -----  ---------  --------  ----------  --------------  -------------------
/opt/airflow/dags/weather_pipeline.py                           1           0  0.74s           2026-09-18T10:56:56
================================================================================
[2026-09-18T10:57:29.307+0000] {manager.py:878} INFO - 
================================================================================
DAG File Processing Stats

File Path                              PID    Runtime      # DAGs    # Errors  Last Runtime    Last Run
-------------------------------------  -----  ---------  --------  ----------  --------------  -------------------
/opt/airflow/dags/weather_pipeline.py                           1           0  0.73s           2026-09-18T10:57:27
================================================================================
[2026-09-18T10:57:59.608+0000] {manager.py:878} INFO - 
================================================================================
DAG File Processing Stats

File Path                              PID    Runtime      # DAGs    # Errors  Last Runtime    Last Run
-------------------------------------  -----  ---------  --------  ----------  --------------  -------------------
/opt/airflow/dags/weather_pipeline.py                           1           0  0.67s           2026-09-18T10:57:58
================================================================================
[2026-09-18T10:58:29.827+0000] {manager.py:878} INFO - 
================================================================================
DAG File Processing Stats

File Path                              PID    Runtime      # DAGs    # Errors  Last Runtime    Last Run
-------------------------------------  -----  ---------  --------  ----------  --------------  -------------------
/opt/airflow/dags/weather_pipeline.py                           1           0  0.68s           2026-09-18T10:58:29
================================================================================
[2026-09-18T10:58:59.964+0000] {manager.py:878} INFO - 
================================================================================
DAG File Processing Stats

File Path                              PID    Runtime      # DAGs    # Errors  Last Runtime    Last Run
-------------------------------------  -----  ---------  --------  ----------  --------------  -------------------
/opt/airflow/dags/weather_pipeline.py                           1           0  0.68s           2026-09-18T10:58:59
================================================================================
[2026-09-18T10:59:30.159+0000] {manager.py:878} INFO - 
================================================================================
DAG File Processing Stats

File Path                                PID  Runtime      # DAGs    # Errors  Last Runtime    Last Run
-------------------------------------  -----  ---------  --------  ----------  --------------  -------------------
/opt/airflow/dags/weather_pipeline.py    161  0.01s             1           0  0.68s           2026-09-18T10:58:59
================================================================================
[2026-09-18T11:00:00.693+0000] {manager.py:878} INFO - 
================================================================================
DAG File Processing Stats

File Path                              PID    Runtime      # DAGs    # Errors  Last Runtime    Last Run
-------------------------------------  -----  ---------  --------  ----------  --------------  -------------------
/opt/airflow/dags/weather_pipeline.py                           1           0  0.65s           2026-09-18T10:59:30
================================================================================
[2026-09-18T11:00:30.909+0000] {manager.py:878} INFO - 
================================================================================
DAG File Processing Stats

File Path                              PID    Runtime      # DAGs    # Errors  Last Runtime    Last Run
-------------------------------------  -----  ---------  --------  ----------  --------------  -------------------
/opt/airflow/dags/weather_pipeline.py                           1           0  0.71s           2026-09-18T11:00:01
================================================================================
[2026-09-18T11:01:01.159+0000] {manager.py:878} INFO - 
================================================================================
DAG File Processing Stats

File Path                              PID    Runtime      # DAGs    # Errors  Last Runtime    Last Run
-------------------------------------  -----  ---------  --------  ----------  --------------  -------------------
/opt/airflow/dags/weather_pipeline.py                           1           0  0.71s           2026-09-18T11:00:32
================================================================================
[2026-09-18T11:01:21.296+0000] {manager.py:737} INFO - Searching for files in /opt/airflow/dags
[2026-09-18T11:01:21.301+0000] {manager.py:740} INFO - There are 1 files in /opt/airflow/dags
[2026-09-18T11:01:31.403+0000] {manager.py:878} INFO - 
================================================================================
DAG File Processing Stats

File Path                              PID    Runtime      # DAGs    # Errors  Last Runtime    Last Run
-------------------------------------  -----  ---------  --------  ----------  --------------  -------------------
/opt/airflow/dags/weather_pipeline.py                           1           0  0.69s           2026-09-18T11:01:03
================================================================================
[2026-09-18T11:02:01.614+0000] {manager.py:878} INFO - 
================================================================================
DAG File Processing Stats

File Path                              PID    Runtime      # DAGs    # Errors  Last Runtime    Last Run
-------------------------------------  -----  ---------  --------  ----------  --------------  -------------------
/opt/airflow/dags/weather_pipeline.py                           1           0  0.73s           2026-09-18T11:01:34
================================================================================
[2026-09-18T11:02:31.849+0000] {manager.py:878} INFO - 
================================================================================
DAG File Processing Stats

File Path                              PID    Runtime      # DAGs    # Errors  Last Runtime    Last Run
-------------------------------------  -----  ---------  --------  ----------  --------------  -------------------
/opt/airflow/dags/weather_pipeline.py                           1           0  0.70s           2026-09-18T11:02:05
================================================================================
[2026-09-18T11:03:02.065+0000] {manager.py:878} INFO - 
================================================================================
DAG File Processing Stats

File Path                              PID    Runtime      # DAGs    # Errors  Last Runtime    Last Run
-------------------------------------  -----  ---------  --------  ----------  --------------  -------------------
/opt/airflow/dags/weather_pipeline.py                           1           0  0.84s           2026-09-18T11:02:36
================================================================================
[2026-09-18T11:03:32.257+0000] {manager.py:878} INFO - 
================================================================================
DAG File Processing Stats

File Path                              PID    Runtime      # DAGs    # Errors  Last Runtime    Last Run
-------------------------------------  -----  ---------  --------  ----------  --------------  -------------------
/opt/airflow/dags/weather_pipeline.py                           1           0  0.80s           2026-09-18T11:03:07
================================================================================
[2026-09-18T11:04:02.390+0000] {manager.py:878} INFO - 
================================================================================
DAG File Processing Stats

File Path                              PID    Runtime      # DAGs    # Errors  Last Runtime    Last Run
-------------------------------------  -----  ---------  --------  ----------  --------------  -------------------
/opt/airflow/dags/weather_pipeline.py                           1           0  0.97s           2026-09-18T11:03:38
================================================================================
[2026-09-18T11:04:32.838+0000] {manager.py:878} INFO - 
================================================================================
DAG File Processing Stats

File Path                              PID    Runtime      # DAGs    # Errors  Last Runtime    Last Run
-------------------------------------  -----  ---------  --------  ----------  --------------  -------------------
/opt/airflow/dags/weather_pipeline.py                           1           0  1.20s           2026-09-18T11:04:09
================================================================================
[2026-09-18T11:05:03.049+0000] {manager.py:878} INFO - 
================================================================================
DAG File Processing Stats

File Path                              PID    Runtime      # DAGs    # Errors  Last Runtime    Last Run
-------------------------------------  -----  ---------  --------  ----------  --------------  -------------------
/opt/airflow/dags/weather_pipeline.py                           1           0  0.85s           2026-09-18T11:04:40
================================================================================
[2026-09-18T11:05:33.286+0000] {manager.py:878} INFO - 
================================================================================
DAG File Processing Stats

File Path                              PID    Runtime      # DAGs    # Errors  Last Runtime    Last Run
-------------------------------------  -----  ---------  --------  ----------  --------------  -------------------
/opt/airflow/dags/weather_pipeline.py                           1           0  0.66s           2026-09-18T11:05:11
================================================================================
[2026-09-18T11:06:03.482+0000] {manager.py:878} INFO - 
================================================================================
DAG File Processing Stats

File Path                              PID    Runtime      # DAGs    # Errors  Last Runtime    Last Run
-------------------------------------  -----  ---------  --------  ----------  --------------  -------------------
/opt/airflow/dags/weather_pipeline.py                           1           0  0.72s           2026-09-18T11:05:42
================================================================================
[2026-09-18T11:06:21.641+0000] {manager.py:737} INFO - Searching for files in /opt/airflow/dags
[2026-09-18T11:06:21.649+0000] {manager.py:740} INFO - There are 1 files in /opt/airflow/dags
[2026-09-18T11:06:33.767+0000] {manager.py:878} INFO - 
================================================================================
DAG File Processing Stats

File Path                              PID    Runtime      # DAGs    # Errors  Last Runtime    Last Run
-------------------------------------  -----  ---------  --------  ----------  --------------  -------------------
/opt/airflow/dags/weather_pipeline.py                           1           0  0.71s           2026-09-18T11:06:13
================================================================================
[2026-09-18T11:07:03.931+0000] {manager.py:878} INFO - 
================================================================================
DAG File Processing Stats

File Path                              PID    Runtime      # DAGs    # Errors  Last Runtime    Last Run
-------------------------------------  -----  ---------  --------  ----------  --------------  -------------------
/opt/airflow/dags/weather_pipeline.py                           1           0  0.66s           2026-09-18T11:06:44
================================================================================
[2026-09-18T11:07:34.151+0000] {manager.py:878} INFO - 
================================================================================
DAG File Processing Stats

File Path                              PID    Runtime      # DAGs    # Errors  Last Runtime    Last Run
-------------------------------------  -----  ---------  --------  ----------  --------------  -------------------
/opt/airflow/dags/weather_pipeline.py                           1           0  0.70s           2026-09-18T11:07:15
================================================================================
[2026-09-18T11:08:04.364+0000] {manager.py:878} INFO - 
================================================================================
DAG File Processing Stats

File Path                              PID    Runtime      # DAGs    # Errors  Last Runtime    Last Run
-------------------------------------  -----  ---------  --------  ----------  --------------  -------------------
/opt/airflow/dags/weather_pipeline.py                           1           0  0.74s           2026-09-18T11:07:46
================================================================================
[2026-09-18T11:08:34.634+0000] {manager.py:878} INFO - 
================================================================================
DAG File Processing Stats

File Path                              PID    Runtime      # DAGs    # Errors  Last Runtime    Last Run
-------------------------------------  -----  ---------  --------  ----------  --------------  -------------------
/opt/airflow/dags/weather_pipeline.py                           1           0  0.70s           2026-09-18T11:08:17
================================================================================
[2026-09-18T11:09:05.450+0000] {manager.py:878} INFO - 
================================================================================
DAG File Processing Stats

File Path                              PID    Runtime      # DAGs    # Errors  Last Runtime    Last Run
-------------------------------------  -----  ---------  --------  ----------  --------------  -------------------
/opt/airflow/dags/weather_pipeline.py                           1           0  1.04s           2026-09-18T11:08:48
================================================================================
[2026-09-18T11:09:35.646+0000] {manager.py:878} INFO - 
================================================================================
DAG File Processing Stats

File Path                              PID    Runtime      # DAGs    # Errors  Last Runtime    Last Run
-------------------------------------  -----  ---------  --------  ----------  --------------  -------------------
/opt/airflow/dags/weather_pipeline.py                           1           0  1.07s           2026-09-18T11:09:19
================================================================================
[2026-09-18T11:10:05.870+0000] {manager.py:878} INFO - 
================================================================================
DAG File Processing Stats

File Path                              PID    Runtime      # DAGs    # Errors  Last Runtime    Last Run
-------------------------------------  -----  ---------  --------  ----------  --------------  -------------------
/opt/airflow/dags/weather_pipeline.py                           1           0  1.19s           2026-09-18T11:09:50
================================================================================
